time_s,power_W,soc_percent
0.0,278.05056168792265,60.0
60.0,198.44245348422555,59.9337974853124
120.0,272.1250484157835,59.88654928210187
180.0,192.46704544468628,59.821757603907635
240.0,302.70701970728385,59.775932116896996
300.0,247.00444711584223,59.70385901696669
360.0,238.90826012121556,59.64504843432006
420.0,209.14422944242932,59.58816551524358
480.0,323.3524826148279,59.53836927013824
540.0,240.7282335742236,59.46138058380138
600.0,224.3003333901383,59.40406433771228
660.0,228.87198993128357,59.35065949642891
720.0,281.9385543551017,59.29616616549289
780.0,271.92664736745905,59.229037938265485
840.0,274.76396050933465,59.16429349841609
900.0,275.84926432826296,59.09887350781863
960.0,378.498860562652,59.03319511154999
1020.0,225.6151039207403,58.943076335225555
1080.0,219.26544158620067,58.88935845333967
1140.0,201.17364209830288,58.837152395819146
1200.0,286.95877164933404,58.789253909605264
1260.0,317.73834440180303,58.7209303925459
1320.0,243.16315996853808,58.64527840578357
1380.0,199.5906194485824,58.58738241531487
1440.0,200.53113581655998,58.53986083925568
1500.0,289.03557677669687,58.49211533072793
1560.0,294.59526059069765,58.423297336257285
1620.0,282.5892672951474,58.35315560754521
1680.0,210.06942971028275,58.285872448665415
1740.0,263.92969256056796,58.23585591778201
1800.0,257.00116283836985,58.1730155147914
1860.0,263.12133129811326,58.111824761734646
1920.0,302.28574347398813,58.049176825711285
1980.0,263.41575113231914,57.97720402964605
2040.0,290.7348335132358,57.91448599366217
2100.0,254.05476554463564,57.845263414254255
2160.0,267.3471870760048,57.784774184362675
2220.0,287.877318627495,57.72112009220172
2280.0,162.57067796281663,57.652577873480894
2340.0,230.81975641604294,57.61387056920403
2400.0,221.77767256242987,57.55891348434307
2460.0,211.66736354089926,57.50610927659012
2520.0,233.49150218519893,57.455712285270856
2580.0,339.696518979865,57.400119070464854
2640.0,198.05017665197974,57.31923894689822
2700.0,308.09674841592795,57.27208414293346
2760.0,149.02786466910362,57.198727774263
2820.0,229.9069532923519,57.16324494934178
2880.0,259.7652434456931,57.108505198557886
2940.0,285.17340421553996,57.046656331070814
3000.0,292.6736642888358,56.97875790149568
3060.0,297.6009091810931,56.90907369571263
3120.0,229.0765767324309,56.838216336383795
3180.0,222.25897996809366,56.783674294304646
3240.0,301.47864736067686,56.73075548955034
3300.0,238.5218424829664,56.65897485922637
3360.0,173.45893063881704,56.60218394434947
3420.0,182.00288587676908,56.56088419895927
3480.0,194.83299089441658,56.51755017851242
3540.0,279.8297827430644,56.47116137115661
3600.0,258.5456930686837,56.404535232408264
3660.0,291.42928176748666,56.34297673405858
3720.0,224.36501423544604,56.273588809828226
3780.0,259.51256790865625,56.220168568343595
3840.0,287.53562451398744,56.15837986169868
3900.0,231.43942399999773,56.089918998719156
3960.0,277.4067472960961,56.03481437395725
4020.0,210.28469447229884,55.96876514841056
4080.0,228.2170393578451,55.918697364012395
4140.0,227.09601714262698,55.8643599736891
4200.0,178.24993419310965,55.810289493417045
4260.0,279.21868554318513,55.76784903289487
4320.0,221.83622178681043,55.701368393479825
4380.0,250.75003668211525,55.648550245435345
4440.0,278.8452184381311,55.58884785574913
4500.0,276.7923209345843,55.522456137073384
4560.0,289.9235906507953,55.45655320351753
4620.0,244.0913912087333,55.3875237771721
4680.0,224.60266031760978,55.329406779265256
4740.0,245.21750791867572,55.27592995538011
4800.0,148.7605790295304,55.21754483444709
4860.0,163.17394437831064,55.18212564896387
4920.0,170.63876701644153,55.14327470982617
4980.0,190.1659887413531,55.10264643196511
5040.0,273.98731048935133,55.057368815598124
5100.0,195.67217616017274,54.99213374167209
5160.0,227.31123321758486,54.94554512830062
5220.0,327.95475598007033,54.89142340610596
5280.0,228.62529648788012,54.81333894039642
5340.0,294.2521508144282,54.758904345994544
5400.0,193.9842435280176,54.688844310086346
5460.0,237.67514451925155,54.642657585436815
5520.0,193.0001747961988,54.58606826531319
5580.0,229.6596204940442,54.540115842742665
5640.0,300.42020755736434,54.48543498072027
5700.0,146.3626159591809,54.41390635987328
5760.0,276.0673902866524,54.37905811797824
5820.0,264.266246953534,54.31332778695761
5880.0,214.35326199460965,54.250407251968674
5940.0,163.23894657996613,54.199370761017576
6000.0,254.33035743415022,54.1605043451652
6060.0,218.23320485214919,54.099949498157066
6120.0,263.9635325143713,54.04798921128751
6180.0,251.31429377255603,53.98514075116504
6240.0,346.1101173029293,53.92530401455253
6300.0,235.64227938329734,53.84289684376612
6360.0,188.59401600896953,53.78679153915105
6420.0,260.76066847881714,53.74188820200605
6480.0,263.2042135251179,53.679802328558715
6540.0,331.5559674652092,53.61713465867178
6600.0,300.1117076584818,53.538192761656255
6660.0,271.41763708969796,53.46673759316614
6720.0,337.80390959941974,53.40211434624002
6780.0,178.6803387371922,53.32168484395444
6840.0,211.62144059920487,53.27914190615987
6900.0,194.412412837409,53.22875584887435
6960.0,226.61884565677067,53.18246717915116
7020.0,167.40675894950562,53.128510311137646
7080.0,288.11750975971876,53.08865155900681
7140.0,236.6756493209538,53.02005215192116
7200.0,0.004186871421953096,52.96370080684475
7260.0,-0.005503164328969589,52.9636998099706
7320.0,0.000255303827522274,52.96370112024782
7380.0,0.006851075967605753,52.963701059461194
7440.0,-0.0012438989547400646,52.96369942825263
7500.0,0.0075285279740647925,52.96369972441905
7560.0,-0.00033468448994195725,52.96369793191239
7620.0,0.0016717371047341753,52.96369801159918
7680.0,-0.0017537052017192474,52.96369761356653
7740.0,0.0007976817016053742,52.963698031115385
7800.0,0.001062237138847704,52.96369784119117
7860.0,-0.008042709632083587,52.96369758827757
7920.0,-0.0022079664629053772,52.96369950320843
7980.0,-0.0061660404342672006,52.96370002891473
8040.0,-0.0020355430369417946,52.96370149701959
8100.0,-0.003975818848325998,52.9637019816727
8160.0,0.0050591058811778776,52.963702928296236
8220.0,0.0051169996854275555,52.963701723747214
8280.0,0.0028014707716673853,52.963700505413954
8340.0,-0.006338246156074173,52.963699838397105
8400.0,-0.0004906738860677125,52.96370134750333
8460.0,-0.006735961558900625,52.96370146433045
8520.0,-0.0007364669297554831,52.96370306813082
8580.0,0.0032371058361463528,52.96370324348009
8640.0,0.004960521614575523,52.96370247274061
8700.0,0.0023642238992952177,52.96370129166403
8760.0,0.0062923578200702055,52.96370072875358
8820.0,0.0012987819346872928,52.96369923057315
8880.0,-0.0011678013600514869,52.96369892133936
8940.0,0.004368302548497059,52.9636991993873
9000.0,0.004532380500883371,52.963698159315264
9060.0,-0.0026208584916185694,52.96369708017705
9120.0,0.0018949112928503449,52.96369770419098
9180.0,-0.001471566871683138,52.96369725302162
9240.0,-0.010042974011002024,52.963697603394685
9300.0,0.0022005324605665964,52.963699994578974
9360.0,-0.006472610908952578,52.96369947064267
9420.0,0.0016411210466688027,52.96370101174051
9480.0,-0.007676531510806034,52.96370062099741
9540.0,-0.003598335385103705,52.96370244874301
9600.0,-0.0021679940086784142,52.963703305489524
9660.0,0.006008623851556729,52.96370382167857
9720.0,-0.002667575299929636,52.96370239105384
9780.0,-0.005374854768043536,52.96370302619082
9840.0,0.0018217254099679686,52.96370430591815
9900.0,-0.0010848679436692736,52.963703872174
9960.0,0.003952802803246695,52.96370413047589
10020.0,-0.005059399745822674,52.963703189332364
10080.0,0.001054269410698892,52.96370439395135
10140.0,0.012347833983635932,52.96370414293483
10200.0,-0.0011963947951717164,52.963701202974356
10260.0,0.0009336520485031406,52.96370148783026
10320.0,-0.008305201290188106,52.96370126553215
10380.0,-0.004264896439960767,52.96370324296103
10440.0,0.002298603510213849,52.96370425841256
10500.0,-0.0016494887125110963,52.963703711126016
10560.0,0.003072164803003897,52.963704103861424
10620.0,0.002124693428982964,52.96370337239362
10680.0,-0.006590147179388803,52.96370286651423
10740.0,0.005076531413124088,52.963704435596895
10800.0,-0.006213424717112,52.96370322689894
10860.0,-0.0038246095290371354,52.96370470628578
10920.0,0.0011474245776710648,52.9637056169071
10980.0,0.007835115040032896,52.96370534371077
11040.0,-0.005019381760637451,52.96370347820719
11100.0,0.0007384222670977609,52.96370467329808
11160.0,0.0007801023441517045,52.963704497483256
11220.0,0.003286799888862191,52.9637043117446
11280.0,0.005920152748395444,52.963703529173195
11340.0,-0.0020203763200096997,52.96370211961302
11400.0,0.005059246206314748,52.963702600655
11460.0,0.006651608594131897,52.963701396072565
11520.0,0.008919795894357867,52.96369981235623
11580.0,0.002509616498608102,52.9636976885953
11640.0,0.0007871845517631677,52.963697091067566
11700.0,-0.002372922368074346,52.96369690364267
11760.0,-0.007294933660748038,52.96369746862419
11820.0,-0.00138976766329249,52.96369920551316
11880.0,0.0005616886811325411,52.963699536410225
11940.0,-0.000547461512164534,52.96369940267483
12000.0,0.0029885899640741402,52.963699533022805
12060.0,-0.007270866372032634,52.96369882145377
12120.0,-0.0009098713514490266,52.96370055261243
12180.0,0.009973847545651551,52.96370076924847
12240.0,0.004977993797511118,52.963698394522865
12300.0,0.0030809506460636057,52.963697209286245
12360.0,0.0019534118751124503,52.963696475726564
12420.0,-0.0018271592869933333,52.963696010628496
12480.0,-0.008770351258783567,52.96369644566642
12540.0,0.002285642952059995,52.963698533845296
12600.0,-0.012242141581448342,52.963697989644594
12660.0,-0.0016277793130638823,52.96370090444021
12720.0,-1.8295947511655264e-05,52.96370129200671
12780.0,-0.0022359521770350696,52.96370129636289
12840.0,0.010856915300676154,52.96370182873246
12900.0,0.009121713925500308,52.96369924375263
12960.0,0.00516405866838382,52.96369707191598
13020.0,-0.004626633830361887,52.9636958423782
13080.0,0.009607076634827273,52.963696943957686
13140.0,0.003094845694118505,52.96369465655849
13200.0,-0.004709898298765057,52.96369391969046
13260.0,0.0001635845564812116,52.96369504109482
13320.0,0.004792874267690663,52.96369500214612
13380.0,-0.0029943942032115423,52.96369386098558
13440.0,0.0007026627733639582,52.96369457393658
13500.0,0.0015823818859007958,52.963694406635916
13560.0,-0.005504271007699997,52.963694029878326
13620.0,-0.001350464238789508,52.963695340419044
13680.0,-0.005127312875215943,52.96369566195815
13740.0,0.004343340078533595,52.96369688274693
13800.0,-0.004540277127886075,52.96369584861834
13860.0,0.0014590185206569495,52.963696929636704
13920.0,-0.0069507790919679895,52.963696582251345
13980.0,-0.00566718441570655,52.96369823719875
14040.0,-0.005909406045853409,52.96369958652837
14100.0,-0.0014478757694004016,52.96370099352981
14160.0,0.0009019080998523054,52.96370133826214
14220.0,0.001823776475958155,52.963701123522114
14280.0,-0.008861175658551471,52.96370068928962
14340.0,-0.0008431969201483349,52.96370279909335
14400.0,-0.0037528605485505104,52.96370299985452
14460.0,0.00267089246385129,52.96370389339275
14520.0,-0.0013381816553963096,52.96370325746597
14580.0,-0.00040415502809243323,52.963703576080654
14640.0,-0.003724744692515299,52.96370367230804
14700.0,0.0086232385479525,52.96370455915202
14760.0,-0.00641789711616601,52.96370250599998
14820.0,-0.0019986699519444775,52.96370403407072
14880.0,0.0005379922663648418,52.96370450994452
14940.0,-0.0012568023110761518,52.96370438185112
15000.0,-0.003819679913534361,52.963704681089766
15060.0,-0.009058417682057037,52.963705590537366
15120.0,-0.0034575447544587905,52.96370774730348
15180.0,-0.0047969242075059865,52.963708570528425
15240.0,0.008396122963565176,52.963709712653234
15300.0,0.011323479642990264,52.96370771357634
15360.0,-0.0002539583899780148,52.96370501750976
15420.0,-0.007023782701495614,52.963705077976044
15480.0,0.003690220528561862,52.963706750305256
15540.0,-0.004905382456589492,52.96370587168132
15600.0,-0.002745855267973331,52.963707039629526
15660.0,-0.003144247805916447,52.96370769340459
15720.0,-0.0025025283010197946,52.96370844203501
15780.0,-0.0017736012574537533,52.963709037875084
15840.0,-0.0065675097466463255,52.9637094601611
15900.0,-0.0035100683082988013,52.9637110238539
15960.0,0.005099721239317175,52.96371185958444
16020.0,-0.00016778470187077613,52.9637106453651
16080.0,0.0006265692074438533,52.963710685313835
16140.0,-0.011161240651756483,52.96371053613069
16200.0,0.0047389182926192135,52.96371319356894
16260.0,-0.0034275994508155927,52.963712065255066
16320.0,0.005619842771838474,52.963712881350176
16380.0,0.0007713740209884831,52.963711543292376
16440.0,-0.002810267145226626,52.963711359631894
16500.0,-0.008388947977755901,52.96371202874312
16560.0,0.01087422978714038,52.96371402611168
16620.0,0.00401623636523692,52.96371143700935
16680.0,0.00431537199844502,52.9637104807626
16740.0,0.009094138527263127,52.96370945329308
16800.0,0.0011204350611443061,52.963707288022
16860.0,0.006762000256908765,52.96370702125175
16920.0,-0.0023928762887341433,52.96370541125169
16980.0,0.0036878926641660354,52.96370598098414
17040.0,-0.00315048353712353,52.96370510291445
17100.0,-0.0025192939774215666,52.96370585302958
17160.0,0.00048500287727138054,52.96370645286148
17220.0,-0.006336994549798618,52.96370633738461
17280.0,0.0016471211118734036,52.96370784619283
17340.0,-0.0015597910493713454,52.96370745402114
17400.0,-0.009937803163938403,52.963707825399965
17460.0,-0.0022883094287946162,52.963710191543576
17520.0,-0.0017252735157669635,52.963710736379156
17580.0,0.004264182324191212,52.96371114715856
17640.0,0.0014259897624688868,52.96371013187706
17700.0,0.007237361835115736,52.96370979235569
17760.0,0.0026005479781241333,52.963708069174295
17820.0,-0.0027698053511714307,52.96370744999621
17880.0,-0.00029179680238264924,52.96370810947367
17940.0,-0.0017402401845577117,52.9637081789491
18000.0,339.63590661121395,52.963708593292
18060.0,273.3314333267539,52.88284290124171
18120.0,296.3135549836527,52.81776398854486
18180.0,251.69682210437207,52.74721314212018
18240.0,354.1653449593261,52.68728532733343
18300.0,225.36703521249495,52.60296024520026
18360.0,344.3083696778741,52.54930142729252
18420.0,287.25779314189094,52.46732324403588
18480.0,370.32884988033936,52.39892853138305
18540.0,346.4912315358374,52.31075499569725
18600.0,412.0910602072363,52.22825708342681
18660.0,348.14032153706387,52.13014016432985
18720.0,211.44153441953097,52.047249611582934
18780.0,303.24562797603664,51.996906389102094
18840.0,238.47020130944782,51.9247050491078
18900.0,279.250777820837,51.86792642974841
18960.0,402.6074934776622,51.801438149314876
19020.0,351.8014686354392,51.705579222296386
19080.0,273.2588365794705,51.621816967859374
19140.0,256.0465350760521,51.556755340102356
19200.0,320.5412182635708,51.49579187936996
19260.0,247.31529393197917,51.41947254168816
19320.0,281.8050696081746,51.36058794789483
19380.0,342.5886740519599,51.29349150275002
19440.0,395.01153055686234,51.21192277083289
19500.0,364.0733129977718,51.11787240641459
19560.0,191.95519769454975,51.03118828427226
19620.0,349.60963908865045,50.98548466577356
19680.0,337.6148190555075,50.90224427551436
19740.0,360.1014537243568,50.82185979478686
19800.0,434.2458539711261,50.73612135342392
19860.0,215.51414042945294,50.63272948343079
19920.0,305.9072266305045,50.58141659285235
19980.0,378.92252169682143,50.508581538892706
20040.0,250.69676751338585,50.418361890869654
20100.0,436.3030859434933,50.35867218431885
20160.0,372.0304965354511,50.25479049718945
20220.0,402.9361423875754,50.16621180753815
20280.0,320.12531397218993,50.0702746307792
20340.0,405.47717095673585,49.99405431792868
20400.0,423.0573807932824,49.89751213436755
20460.0,375.2475427411473,49.79678418655963
20520.0,377.6924171373442,49.70743953352602
20580.0,382.22985687349126,49.61751276754094
20640.0,316.61648843922893,49.526505658761536
20700.0,362.0000909555806,49.45112078056172
20760.0,364.1613323012824,49.36493028271516
20820.0,398.80302946327424,49.2782252035958
20880.0,438.30095879040346,49.183272101342645
20940.0,317.33636676852245,49.07891473020207
21000.0,375.90944329937264,49.00335845240004
21060.0,474.88267748886574,48.91385620399543
21120.0,343.9887727623975,48.80078889983142
21180.0,341.90058180694933,48.71888681107846
21240.0,406.0276731873873,48.63748191064823
21300.0,447.22771825897814,48.54080865512743
21360.0,399.9464213511304,48.434325865065766
21420.0,481.7150263096142,48.33910052664883
21480.0,456.12115602585493,48.22440647276559
21540.0,457.97772834103597,48.11580619752134
21600.0,443.4886666995106,48.00676388124966
21660.0,552.691400313456,47.9011713415593
21720.0,403.52965290641475,47.769578151008474
21780.0,298.45095257638906,47.67349966222123
21840.0,517.7554541905167,47.6024399116078
21900.0,396.89024343004223,47.47916480346721
21960.0,433.69029248741714,47.38466712646005
22020.0,508.66810638905537,47.281407533010665
22080.0,336.8485165657259,47.160296079108505
22140.0,360.78476401600244,47.08009405135476
22200.0,342.71595130603816,46.99419291706524
22260.0,394.06202168603227,46.912593881039996
22320.0,471.01350568164264,46.81876959016237
22380.0,479.0182068116258,46.706623517381026
22440.0,467.08048933248585,46.59257156337826
22500.0,368.6796032221531,46.481361923061
22560.0,317.78420481064643,46.39358106515097
22620.0,462.5987220141206,46.317918159243675
22680.0,433.9791688811215,46.20777560638317
22740.0,492.79709989465334,46.10444723284005
22800.0,510.29824730294115,45.98711459000799
22860.0,479.42028487493485,45.86561500731681
22920.0,519.6750715873787,45.751467320441826
22980.0,490.75638621238875,45.62773516054007
23040.0,511.73833171333206,45.51088840191807
23100.0,440.5777138430476,45.389045941986325
23160.0,474.9967745407668,45.28414648630941
23220.0,500.48582871603935,45.17105201618065
23280.0,540.8059832596631,45.05188872362921
23340.0,470.83277002712975,44.92312539428167
23400.0,528.5969325941275,44.81102235379902
23460.0,484.23164814718376,44.68516594127661
23520.0,495.9686695192674,44.569872691717755
23580.0,555.6144300462101,44.45178491326079
23640.0,389.0633314348587,44.31949576324978
23700.0,433.642569035594,44.22686163671767
23760.0,425.26273684958335,44.12361340599491
23820.0,376.9175489800266,44.02236037341167
23880.0,478.9557147054711,43.932618099845
23940.0,567.3097959051063,43.818581024915126
24000.0,507.916722432393,43.68350726398534
24060.0,539.5157097843294,43.56257471102525
24120.0,595.6111408235304,43.43411858964803
24180.0,612.4990110537286,43.29230641326148
24240.0,531.2380088546389,43.146473315391546
24300.0,619.1173002136965,43.01998807518806
24360.0,545.911766304896,42.8725791941848
24420.0,492.5871980289926,42.74260020220745
24480.0,509.577656040558,42.62531753601007
24540.0,458.7825002964716,42.503989522667084
24600.0,496.66088077832853,42.394755594025064
24660.0,530.7621304946958,42.27650300336356
24720.0,602.7112571715141,42.15013106753149
24780.0,659.9529950975349,42.006628387252555
24840.0,475.9430249819862,41.84949672175314
24900.0,584.5659895539757,41.73617695390029
24960.0,500.6403169147478,41.59699457543506
25020.0,593.5844669590878,41.47779449997917
25080.0,559.219117847065,41.33646486498891
25140.0,459.162560605243,41.203317455977704
25200.0,626.5971940003194,41.09399303678598
25260.0,535.782509275193,40.94480322869067
25320.0,540.6426564223801,40.81723596457753
25380.0,508.6830540714861,40.6885115225722
25440.0,533.4661250956068,40.567396509698035
25500.0,597.9526661435559,40.44038076562765
25560.0,560.2071584155477,40.29801108321252
25620.0,590.3089494448892,40.16462842644692
25680.0,591.0908784511033,40.02407867657909
25740.0,647.1717662530236,39.88334275313835
25800.0,545.7007699837442,39.72925423736382
25860.0,475.7794350789293,39.599325482605785
25920.0,626.340895817981,39.486044664729846
25980.0,540.1342966710195,39.336915880011276
26040.0,624.4195676621142,39.20831247604198
26100.0,577.8759237873464,39.05964115040815
26160.0,544.1471462814577,38.92205164474449
26220.0,569.9004799821379,38.79249280039176
26280.0,662.8129197684567,38.656802209919825
26340.0,666.9719669852966,38.498989609974956
26400.0,542.9424940337507,38.340186760692745
26460.0,544.6456748903796,38.21091473830376
26520.0,595.6938229414437,38.08123719666319
26580.0,476.2977855799086,37.93940533405808
26640.0,542.7747438042239,37.826001099396194
26700.0,516.8289424574152,37.696769017538045
26760.0,532.6445068921615,37.57371450742914
26820.0,459.07821225883356,37.446894386740524
26880.0,408.8194961119085,37.33759005048842
26940.0,374.77242266282997,37.24025207522368
27000.0,426.9126971051796,37.151020546018245
27060.0,461.08768971926247,37.04937466575511
27120.0,465.51900682781206,36.93959188248862
27180.0,593.6981579165046,36.828754023720094
27240.0,538.0308054259107,36.68739731945426
27300.0,408.00740205662635,36.559294746733805
27360.0,480.5134024144062,36.462150127196516
27420.0,429.0021888327232,36.34774217424071
27480.0,430.0005976616415,36.2455987959472
27540.0,451.67866207828365,36.14321770126586
27600.0,471.0688284780301,36.035675162675794
27660.0,406.7868289816334,35.923515917800074
27720.0,484.063143825252,35.82666191089969
27780.0,344.6730142871631,35.71140878141748
27840.0,406.39606188481315,35.62934377801578
27900.0,554.5733270743501,35.53258281090035
27960.0,404.667278932676,35.40054154254931
28020.0,469.71900248624416,35.304192190422484
28080.0,381.5366801536868,35.192354332687664
28140.0,403.08879734258403,35.101512265984404
28200.0,356.9109248970493,35.0055387428076
28260.0,342.04994072606644,34.920559951165444
28320.0,297.3443699260001,34.83911948908781
28380.0,361.65447143630854,34.768323210534
28440.0,276.35312578917996,34.682215003049166
28500.0,358.8770768443616,34.61641663976603
28560.0,375.44518812410644,34.53096971670785
28620.0,323.59703262518036,34.44157800524973
28680.0,275.6003690722188,34.36453109271993
28740.0,311.0781404495193,34.298911957226544
28800.0,256.2813192808905,34.22484573330999
28860.0,321.79444111410317,34.16382637157645
28920.0,146.53741603141088,34.08720864750166
28980.0,226.94761780786774,34.052318786541804
29040.0,118.2015969313768,33.99828363944469
29100.0,138.41877943669124,33.97014040208008
29160.0,300.33402020781455,33.93718354983324
29220.0,262.50288591232845,33.865675449783765
29280.0,155.82402535879527,33.80317476266178
29340.0,98.95715339434264,33.76607380424302
29400.0,1.265546362871362,33.74251257724437
29460.0,136.47478941741957,33.74221125668178
29520.0,304.1759309141388,33.70971725920144
29580.0,174.83180939862547,33.6372944185076
29640.0,104.87530234555703,33.59566779722221
29700.0,155.9904571710415,33.57069748713994
29760.0,23.991226037592412,33.533556902099214
29820.0,89.30144720453416,33.5278447054236
29880.0,102.53262178783257,33.506582456089184
29940.0,80.75402609754627,33.48216992709208
30000.0,122.65945659846398,33.46294277802124
30060.0,85.11772359353319,33.43373814549779
30120.0,93.70535135715409,33.413472020832664
30180.0,1.4110537116961268,33.39116122289048
30240.0,85.63269308286107,33.39082525772103
30300.0,118.49509434333544,33.37043652127273
30360.0,-48.508305264627666,33.342223403571936
30420.0,-54.67066265437421,33.35377300006351
30480.0,67.57910624585293,33.36678982450503
30540.0,-35.25513629803362,33.35069956111316
30600.0,49.20265134474232,33.35909364118412
30660.0,-72.87459032864223,33.34737872419727
30720.0,29.64269287515549,33.36472981713266
30780.0,-61.148374388652826,33.35767203311477
30840.0,-64.95928371157595,33.37223116987397
30900.0,1.9784378287328082,33.38769766599577
30960.0,-125.09678873130292,33.38722660936988
31020.0,-171.37624803130421,33.41701155906781
31080.0,-153.3717562961076,33.45781542764669
31140.0,-110.89565658311875,33.4943325124791
31200.0,-243.58604079090065,33.520736240236985
31260.0,-123.02227944425351,33.57873291661577
31320.0,-205.25032254445688,33.60802393553107
31380.0,-115.73052269659865,33.65689305994642
31440.0,-339.950143087023,33.684447946302754
31500.0,-255.20201097023636,33.76538845656157
31560.0,-320.92630360216043,33.82615084012591
31620.0,-281.057076239917,33.90256186479309
31680.0,-228.3817454783093,33.96948021627879
31740.0,-265.76536092130686,34.02385682234505
31800.0,-281.994550537199,34.08713428923108
31860.0,-288.1316094762442,34.1542758488828
31920.0,-278.17277242848814,34.22287861304381
31980.0,-362.68917188707826,34.289110225526784
32040.0,-271.5708534441641,34.3754647902618
32100.0,-286.02908700295626,34.44012451727232
32160.0,-314.4949077854998,34.50822668084445
32220.0,-316.0128006932661,34.58310642079338
32280.0,-343.4254182109065,34.65834756381558
32340.0,-250.90846701674639,34.74011552053246
32400.0,-390.03619138275263,34.79985563172693
32460.0,-415.0271774401791,34.89272139157996
32520.0,-453.59813326933204,34.99153738620858
32580.0,-482.09789277699537,35.099536941748894
32640.0,-506.59618859959505,35.21432215431484
32700.0,-497.01032408928137,35.3349402944576
32760.0,-459.6655535440194,35.45327608590743
32820.0,-447.0957217875274,35.562720265322675
32880.0,-475.7988963361323,35.669171627653036
32940.0,-536.4976822429769,35.78245707916164
33000.0,-448.23568268388453,35.91019462255282
33060.0,-469.5451479307373,36.01691740414422
33120.0,-535.1328607045118,36.12871386793726
33180.0,-576.3528543237835,36.256126453819284
33240.0,-515.8749959384827,36.39335332389638
33300.0,-549.0829219068582,36.51618070388173
33360.0,-658.8065627349988,36.64691473290717
33420.0,-587.5313254132623,36.80377343832026
33480.0,-579.2390309311922,36.943661849132944
33540.0,-660.4257418393124,37.08157590411656
33600.0,-606.509674758023,37.23882012836402
33660.0,-716.6183674820219,37.383227193782595
33720.0,-560.5583005793696,37.55385061461165
33780.0,-577.2238395572974,37.68731687665436
33840.0,-678.5934139583692,37.824751124167996
33900.0,-652.9460746265206,37.986320984634276
33960.0,-830.6283251992306,38.14178433573583
34020.0,-766.6615588619886,38.339552984592785
34080.0,-726.1224767238546,38.5220914509885
34140.0,-784.0054679830046,38.69497775497037
34200.0,1828.3991011350038,38.88164572353775
34260.0,1894.2598088499126,38.44631260421989
34320.0,1692.746949395833,37.99529836401753
34380.0,1702.0535175892453,37.59226337606614
34440.0,1755.4219297786544,37.18701253854489
34500.0,1826.9924421366593,36.76905493621664
34560.0,1646.0507035305668,36.33405673570791
34620.0,1723.4407470930737,35.94213990153396
34680.0,1806.9201231157951,35.531796866511804
34740.0,1587.718898701944,35.10157778957947
34800.0,1599.1816246740063,34.723549480364724
34860.0,1639.8901977260666,34.342791950680436
34920.0,1623.371990737193,33.9523419036028
34980.0,1692.7043390656718,33.56582476295109
35040.0,1647.829440858911,33.1627999203164
35100.0,1516.254708815001,32.770459577254755
35160.0,1643.140944470536,32.40944655134642
35220.0,-949.2911133038232,32.018222516948676
35280.0,-848.6244873701139,32.24424421059244
35340.0,-973.1568819553568,32.44629765996628
35400.0,-984.0663461774442,32.67800167947946
35460.0,-923.7265556882945,32.912303190474084
35520.0,-920.7008562035954,33.13223808468558
35580.0,-949.829203526509,33.35145257425787
35640.0,-1088.0462211546226,33.57760238462132
35700.0,-964.7798090428303,33.836661008705754
35760.0,-1069.2279189866824,34.066370487049284
35820.0,-1003.1162973648142,34.320948562998495
35880.0,-1112.676036325441,34.55978577665678
35940.0,-1010.4472449124357,34.824708642448556
36000.0,-1095.5524372597147,35.06529131980866
36060.0,-1133.9996735604363,35.326137138203826
36120.0,-1024.0524848188984,35.59613706048012
36180.0,-1062.1779792794391,35.839959080675094
36240.0,-1123.264934718144,36.09285859955115
36300.0,-1009.059856399492,36.3603026316269
36360.0,-1132.228450577817,36.600554978388686
36420.0,-1113.475898652302,36.87013318090722
36480.0,-1108.8348262044337,37.13524649011015
36540.0,-1171.6709728764952,37.399254782063586
36600.0,-1115.698227365763,37.678224061319895
36660.0,-1185.4028375303544,37.94386649640698
36720.0,-1187.4770948554983,38.22610526724754
36780.0,-1090.3570505119578,38.508837908879805
36840.0,-1243.8412110927009,38.76844673043027
36900.0,-1335.4168469468182,39.06459939973806
36960.0,-1103.1912441231525,39.38255579186825
37020.0,-1056.0386012011054,39.64522037380233
37080.0,-1242.4185492929282,39.89665813599307
37140.0,-1343.3700161420563,40.19247207630091
37200.0,-1254.799264717014,40.51232208014426
37260.0,-1262.3071761067683,40.811083809838784
37320.0,-1265.4458129180143,41.11163313748325
37380.0,-1329.7231896900762,41.41292975960659
37440.0,-1236.9686366695305,41.72953051905661
37500.0,-1249.047066734266,42.02404686112078
37560.0,-1378.9097896326534,42.321439019867036
37620.0,-1255.9742643612312,42.649750874541475
37680.0,-1183.3981913658984,42.948792366056054
37740.0,-1304.8274320468604,43.230553840190794
37800.0,-1343.922796348027,43.54122703829719
37860.0,-1340.6941198389195,43.86120865647529
37920.0,-1303.7014992343745,44.18042154215122
37980.0,-1452.8524492517663,44.49082666101655
38040.0,-1347.4961583767576,44.8367439108384
38100.0,-1389.0870146714724,45.157576329499534
38160.0,-1263.0413119841783,45.488311332992744
38220.0,-1392.5647968782948,45.789035454893735
38280.0,-1290.1967070361216,46.12059850176952
38340.0,-1464.601771430681,46.42778819392098
38400.0,-1371.2009030761628,46.77650290140448
38460.0,-1395.2832394109096,47.1029793068988
38520.0,-1474.5524901086987,47.43518960199664
38580.0,-1419.6798035739316,47.786273528212995
38640.0,-1365.437786139686,48.12429252906393
38700.0,-1465.4331086819222,48.44939676385909
38760.0,-1555.2913110981347,48.79830940878336
38820.0,-1462.5464325037613,49.168616863806726
38880.0,-1523.308231692114,49.51684220487905
38940.0,-1497.32446285998,49.87953464099622
39000.0,-1489.251313641272,50.23604046548669
39060.0,-1594.2180024529334,50.59062411159175
39120.0,-1596.2918714915645,50.970199826461496
39180.0,-1477.852438501078,51.35026931967377
39240.0,-1545.5141177600738,51.702138947888315
39300.0,-1675.3605654517257,52.070118499735955
39360.0,-1481.6604227740909,52.469013872462554
39420.0,-1519.6341779849433,52.82179016359924
39480.0,-1585.984174361145,53.183607825024225
39540.0,-1629.286725241513,53.561223104634024
39600.0,-1507.2034530433677,53.94914851540581
39660.0,-1543.4155686525455,54.30800648041613
39720.0,-1428.3946893601847,54.67548637771436
39780.0,-1553.0631459015449,55.01558035137155
39840.0,-1561.8851959986782,55.385357290871916
39900.0,-1601.9851399679426,55.75723471849065
39960.0,-1549.7340167208242,56.13865975181635
40020.0,-1567.9554520574397,56.50764404151178
40080.0,-1537.0258137313697,56.880966768192124
40140.0,-1650.026056264996,57.24692529527102
40200.0,-1651.436973428114,57.63978864200078
40260.0,-1660.5728946410293,58.032987921388425
40320.0,-1590.8409725742142,58.42836242011248
40380.0,-1554.797028026803,58.8071340802492
40440.0,-1678.5882431735267,59.17732384882701
40500.0,-1682.8503087741717,59.57698771624928
40560.0,-1644.7729259246335,59.97766636119551
40620.0,-1684.564375250095,60.36927896260614
40680.0,-1618.8438911424503,60.770365718618066
40740.0,-1817.1693182840702,61.15580474031865
40800.0,-1737.7075446240954,61.58846410181486
40860.0,-1741.0396171006653,62.00220399339202
40920.0,-1839.2520701007002,62.41673723555885
40980.0,-1763.7316070768823,62.854654395106635
41040.0,-1766.6516179510497,63.2745904920297
41100.0,-1729.5836802656613,63.69522182963709
41160.0,-1656.4606359645386,64.10702746779559
41220.0,-1743.6092938055415,64.50142285731096
41280.0,-1796.3672576760557,64.91656792726465
41340.0,-1743.4940381723504,65.34427441718752
41400.0,-1682.6300677006386,65.75939204532379
41460.0,-1809.5869573711861,66.16001825191918
41520.0,-1811.0579246886182,66.59087228938851
41580.0,-1728.249392572961,67.02207655717152
41640.0,-1780.3381259366588,67.43356450778413
41700.0,-1733.4250717982445,67.85745453776904
41760.0,-1778.2655552870585,68.2701747929591
41820.0,-1740.4637586087788,68.69357135374173
41880.0,-1849.7291641640536,69.10796748674382
41940.0,-1793.3543613662623,69.54837919249717
42000.0,-1810.2192285958174,69.9753683261558
42060.0,-1875.4234045205653,70.4063729043929
42120.0,-1901.1141590476248,70.8529022864216
42180.0,-1770.9393211527001,71.30554851476627
42240.0,-1837.8632719829782,71.72720073408834
42300.0,-1882.8077336402828,72.16478722741762
42360.0,-1831.8492003776807,72.61307478304626
42420.0,-1762.9474783492353,73.04922935456476
42480.0,-1971.9654635483537,73.46897875417172
42540.0,-1929.3543746508008,73.93849434073084
42600.0,-1899.3062184302607,74.3978644299334
42660.0,-1760.5812385461854,74.85008019622633
42720.0,-1835.5574928924682,75.269266205404
42780.0,-1810.6760651839322,75.70630370371173
42840.0,-1929.2686337553312,76.13741705256504
42900.0,-1932.1163473417644,76.59676672726869
42960.0,-1842.1017724300787,77.05679442901672
43020.0,-1869.441568997886,77.49539008911911
43080.0,-1843.9220156858776,77.9404952245948
43140.0,-1891.9556538715674,78.37952427594858
43200.0,-1867.7964065650397,78.82998990782276
43260.0,-1878.7279609000338,79.27470333795729
43320.0,-1845.2194340770905,79.72201951912396
43380.0,-1847.0755045610524,80.1613574796185
43440.0,-1996.2388564754397,80.60113736165685
43500.0,-2037.3730570518392,81.07643232748434
43560.0,-1845.8623603845058,81.56152115059191
43620.0,-1838.0733165056135,82.0010121887787
43680.0,-1973.883404016664,82.43864869270861
43740.0,-2027.4846782418963,82.9086209317602
43800.0,-1913.1401950945635,83.39135537896065
43860.0,-1866.3587919380261,83.84686494922127
43920.0,-1817.419159101918,84.29123609015889
43980.0,-1897.3015399112558,84.7239549375641
44040.0,-1953.5256558038368,85.17569339944774
44100.0,-1987.692326240589,85.64081855559151
44160.0,-1936.2377028278702,86.11407863326784
44220.0,-1957.6392938008812,86.57508761013162
44280.0,-2003.2843425832998,87.04119220389373
44340.0,-1822.0898990627275,87.51816466641357
44400.0,-1840.478107066259,87.95199559476184
44460.0,-1881.9361587094713,88.39020466787285
44520.0,-2007.7987621210023,88.83828470566083
44580.0,-1903.6329241775463,89.31633202997536
44640.0,-1918.8804304994067,89.76957796430334
44700.0,-1932.9666966679306,90.22645425727939
44760.0,-1886.7383287253654,90.6866844231527
44820.0,-1925.732084759591,91.13590783475398
44880.0,-1921.526814512727,91.59441547398245
44940.0,-1929.7237251112538,92.05192185839024
45000.0,-1949.438082893006,92.51137988817864
45060.0,-2078.7866485355294,92.97553181267698
45120.0,-1968.5739964201846,93.47048101470925
45180.0,-2008.7208472024072,93.93918910909501
45240.0,-2053.8345679612116,94.41745597747654
45300.0,-1877.7665329175627,94.90646420794349
45360.0,-1876.5037970574767,95.35355147768577
45420.0,-1900.19476853161,95.80033809603279
45480.0,-1967.8761205587396,96.25276542187365
45540.0,-1903.5287103460903,96.72130735534002
45600.0,-1985.1566295098125,97.174528476851
45660.0,-1974.9618395619896,97.64718481721047
45720.0,-2053.924012392417,98.0
45780.0,-1965.618451820658,98.0
45840.0,-1986.8730707446507,98.0
45900.0,-2069.6496994796894,98.0
45960.0,-1995.492750824884,98.0
46020.0,-1998.071013937615,98.0
46080.0,-1886.2358119191638,98.0
46140.0,-1941.174814086101,98.0
46200.0,-1994.8148764211512,98.0
46260.0,-1981.1841800470681,98.0
46320.0,-1994.0042913162204,98.0
46380.0,-2009.3132633550658,98.0
46440.0,-2062.5011994763313,98.0
46500.0,-2006.9715577694622,98.0
46560.0,-2042.9629359351313,98.0
46620.0,-2073.440272885439,98.0
46680.0,-1967.9080257541748,98.0
46740.0,-1975.2011354696908,98.0
46800.0,-2105.910827676842,98.0
46860.0,-2006.0364966251013,98.0
46920.0,-1938.836056849146,98.0
46980.0,-1934.8631211756654,98.0
47040.0,-1936.6404307895655,98.0
47100.0,-1995.56564445463,98.0
47160.0,-2048.248663849185,98.0
47220.0,-2062.1491078918552,98.0
47280.0,-1975.9678626389066,98.0
47340.0,-1973.3400987822279,98.0
47400.0,-1918.2455668006828,98.0
47460.0,-1928.8110021793814,98.0
47520.0,-2002.0036924911003,98.0
47580.0,-2067.9183938988795,98.0
47640.0,-2011.5444160193706,98.0
47700.0,-1978.4320761186207,98.0
47760.0,-2002.594859144268,98.0
47820.0,-2024.0834597622736,98.0
47880.0,-1973.112751521961,98.0
47940.0,-2017.3354591753018,98.0
48000.0,-2023.5302927483172,98.0
48060.0,-1965.8437238872305,98.0
48120.0,-2007.2713053638133,98.0
48180.0,-1967.06269419495,98.0
48240.0,-1963.810336250113,98.0
48300.0,-2046.9984163855465,98.0
48360.0,-2005.8737893131724,98.0
48420.0,-1889.035968902293,98.0
48480.0,-2043.2673110569133,98.0
48540.0,-2098.718530253732,98.0
48600.0,-2081.5435427202938,98.0
48660.0,-1966.136735992306,98.0
48720.0,-1964.0158089725473,98.0
48780.0,-1970.8521106907854,98.0
48840.0,-1888.8058740900644,98.0
48900.0,-2119.826417586815,98.0
48960.0,-1933.4367854345894,98.0
49020.0,-1861.1804684609278,98.0
49080.0,-2020.145125964698,98.0
49140.0,-1972.8158701856178,98.0
49200.0,-1992.687979489061,98.0
49260.0,-1998.6001060117426,98.0
49320.0,-1961.8779469643468,98.0
49380.0,-1853.9541110415203,98.0
49440.0,-1826.5992628112479,98.0
49500.0,-1954.1764044129272,98.0
49560.0,-1816.8324988459249,98.0
49620.0,-1926.0561804633355,98.0
49680.0,-1819.962687360602,98.0
49740.0,-1927.7142986371236,98.0
49800.0,-1911.1241223683082,98.0
49860.0,-1893.8694506041866,98.0
49920.0,-1721.8162755709172,98.0
49980.0,-1858.1593275118266,98.0
50040.0,-1948.30082809104,98.0
50100.0,-1844.293249655677,98.0
50160.0,-1920.651055949973,98.0
50220.0,-1924.7740601161468,98.0
50280.0,-1837.2610261022633,98.0
50340.0,-1886.2402959530173,98.0
50400.0,-1867.6596189150068,98.0
50460.0,-1879.7443783746621,98.0
50520.0,-1856.5385558134665,98.0
50580.0,-1847.326535771217,98.0
50640.0,-1985.0745090851947,98.0
50700.0,-1824.83535875167,98.0
50760.0,-1919.6654990904767,98.0
50820.0,-1943.13845548233,98.0
50880.0,-1855.9030850302122,98.0
50940.0,-1843.099356070849,98.0
51000.0,-1885.4304700639525,98.0
51060.0,-1789.5823279096085,98.0
51120.0,-1915.5413229617116,98.0
51180.0,-1854.936627047449,98.0
51240.0,-1861.0644378994973,98.0
51300.0,-1824.1621971365582,98.0
51360.0,-1799.973245123873,98.0
51420.0,-1872.4601792113717,98.0
51480.0,-1763.7546907338196,98.0
51540.0,-1798.600299688624,98.0
51600.0,-1911.0099425450292,98.0
51660.0,-1910.06551008542,98.0
51720.0,-1788.2903656076471,98.0
51780.0,-1795.7549584832411,98.0
51840.0,-1783.592565220568,98.0
51900.0,-1773.9016745902509,98.0
51960.0,-1753.4696391946154,98.0
52020.0,-1704.8700942343585,98.0
52080.0,-1823.0667518699117,98.0
52140.0,-1821.335894432646,98.0
52200.0,-1811.1801352130879,98.0
52260.0,-1722.7549836411104,98.0
52320.0,-1659.8488085462204,98.0
52380.0,-1754.8282867976611,98.0
52440.0,-1873.3989973578591,98.0
52500.0,-1819.8326982690053,98.0
52560.0,-1761.8187011960877,98.0
52620.0,-1739.491073068958,98.0
52680.0,-1724.669190504049,98.0
52740.0,-1691.9374511722613,98.0
52800.0,-1706.9916794506296,98.0
52860.0,-1619.309463252604,98.0
52920.0,-1716.7624027109769,98.0
52980.0,-1721.8207766633245,98.0
53040.0,-1635.1785388291012,98.0
53100.0,-1749.8282327961426,98.0
53160.0,-1628.0363382338976,98.0
53220.0,-1638.9425060066187,98.0
53280.0,-1647.5700583852567,98.0
53340.0,-1537.0049418598696,98.0
53400.0,-1663.162374368968,98.0
53460.0,-1495.6911104125984,98.0
53520.0,-1626.2648486010942,98.0
53580.0,-1682.7410325264716,98.0
53640.0,-1595.2573142535177,98.0
53700.0,-1657.3112401812978,98.0
53760.0,-1631.077751211195,98.0
53820.0,-1555.338345701956,98.0
53880.0,-1538.9656716305012,98.0
53940.0,-1602.7234614356748,98.0
54000.0,-1499.1946823594176,98.0
54060.0,-1481.9871469252967,98.0
54120.0,-1458.2113991538727,98.0
54180.0,-1505.5301046925845,98.0
54240.0,-1448.3483455525652,98.0
54300.0,-1635.815130351199,98.0
54360.0,-1534.8090143541328,98.0
54420.0,-1560.476817539075,98.0
54480.0,-1493.9795592074663,98.0
54540.0,-1528.0516451915669,98.0
54600.0,-1496.320961035677,98.0
54660.0,-1365.9632587573674,98.0
54720.0,-1481.5749086136864,98.0
54780.0,-1439.018105264641,98.0
54840.0,-1470.1919281211747,98.0
54900.0,-1444.079542334713,98.0
54960.0,-1440.5846043550034,98.0
55020.0,-1406.3263684227297,98.0
55080.0,-1355.5447567420852,98.0
55140.0,-1318.814402777562,98.0
55200.0,-1391.2333570174512,98.0
55260.0,-1366.5482021812027,98.0
55320.0,-1463.0415222895574,98.0
55380.0,-1391.2893248287962,98.0
55440.0,-1321.5851025496418,98.0
55500.0,-1317.9890336711615,98.0
55560.0,-1349.1544309799665,98.0
55620.0,-1300.5306721531215,98.0
55680.0,-1316.0912844587947,98.0
55740.0,-1265.3018222712947,98.0
55800.0,-1311.7017439524059,98.0
55860.0,-1342.1087244225248,98.0
55920.0,-1292.2805707440934,98.0
55980.0,-1479.8918703466554,98.0
56040.0,-1272.6694190110231,98.0
56100.0,-1506.095135076854,98.0
56160.0,-1382.1076729865586,98.0
56220.0,-1243.065210161739,98.0
56280.0,-1232.9532329219633,98.0
56340.0,-1322.7468512396879,98.0
56400.0,-1287.0860981530968,98.0
56460.0,-1153.4493436338935,98.0
56520.0,-1256.008671018726,98.0
56580.0,-1083.6401948104897,98.0
56640.0,-1209.5429034944677,98.0
56700.0,-1176.12184752967,98.0
56760.0,-1094.732126681245,98.0
56820.0,-1174.9880629925788,98.0
56880.0,-1234.0602162576572,98.0
56940.0,-1171.5381620921398,98.0
57000.0,-1158.091409841115,98.0
57060.0,2485.851331461464,98.0
57120.0,2561.454236449922,97.40813063536632
57180.0,2541.3748569942463,96.79826057906872
57240.0,2650.5036944403346,96.19317132740343
57300.0,2606.28814378194,95.56209901920336
57360.0,2596.445974831954,94.9415542230648
57420.0,2616.2779073417105,94.32335280048576
57480.0,2645.303790018593,93.70042948921393
57540.0,2678.225234852495,93.07059525349521
57600.0,2590.5655556357615,92.43292257853034
57660.0,2597.4166530616762,91.81612125575992
57720.0,2735.587721698959,91.19768871931667
57780.0,2653.992969387933,90.54635830938835
57840.0,-1111.4766825292143,89.91445522143884
57900.0,-990.349721493023,90.17909252680295
57960.0,-979.6583220631458,90.41489007953938
58020.0,-1089.7554405621017,90.64814206098298
58080.0,-974.5659165446825,90.9076076420692
58140.0,-934.5927015910977,91.1396471460084
58200.0,-946.628237153374,91.3621692178158
58260.0,-921.5074405033481,91.58755689332851
58320.0,-1033.9888502093288,91.80696342678169
58380.0,-920.1484434817305,92.05315124826011
58440.0,-948.41826749398,92.27223421099386
58500.0,-949.4511112976809,92.49804808420672
58560.0,-858.4456888862169,92.72410787261093
58620.0,-812.0908986639724,92.92849970329813
58680.0,-783.3268497446226,93.12185467917051
58740.0,-802.2159274572643,93.30836107196684
58800.0,-877.7777871130036,93.49936486421858
58860.0,-840.0941830780598,93.70835957543596
58920.0,-805.2863316428477,93.90838199997836
58980.0,-834.0383307578288,94.1001168408457
59040.0,-823.4517952035401,94.29869739578804
59100.0,-771.8367788687367,94.49475734702698
59160.0,-814.7592782878417,94.67852800866238
59220.0,-844.8762762897852,94.87251831301663
59280.0,-815.8809324993654,95.07367933118086
59340.0,-742.8485269821524,95.26793669606165
59400.0,-770.5516356311389,95.44480539296217
59460.0,-740.1445750658033,95.62827006811244
59520.0,-710.1565967930084,95.80449496693764
59580.0,-762.6346391155485,95.97357987093598
59640.0,-684.5310746954935,96.15515954691587
59700.0,-696.9166310549867,96.31814313612908
59760.0,-783.4570070126421,96.48407566733265
59820.0,-612.5311887935138,96.67061304995471
59880.0,-718.7960495208802,96.81645380919126
59940.0,-777.7200287542805,96.98759572574384
60000.0,-730.7613555092177,97.17276716116153
60060.0,-718.94778226243,97.34675796009229
60120.0,-644.1633682226179,97.5179360034881
60180.0,-653.3162944012442,97.6713082340173
60240.0,-646.6699348463113,97.82685973268427
60300.0,-578.8363687282189,97.98082876479053
60360.0,-585.1686204883531,98.0
60420.0,-576.1255870247523,98.0
60480.0,-560.0112141361577,98.0
60540.0,-537.1309404236263,98.0
60600.0,-690.0604559156187,98.0
60660.0,-574.9204289019372,98.0
60720.0,-673.3247751885701,98.0
60780.0,-529.794296630874,98.0
60840.0,-521.669807610996,98.0
60900.0,-448.0825874392581,98.0
60960.0,-428.968463007207,98.0
61020.0,-477.46189374612896,98.0
61080.0,-509.04236741654944,98.0
61140.0,-439.29435620009286,98.0
61200.0,-489.45400291507764,98.0
61260.0,-447.22962417852887,98.0
61320.0,-377.33781214134774,98.0
61380.0,-459.325620548134,98.0
61440.0,-366.8660196403545,98.0
61500.0,-363.90474091679647,98.0
61560.0,-451.173751599183,98.0
61620.0,-324.78600708696746,98.0
61680.0,-330.63574780283045,98.0
61740.0,-355.7615902388005,98.0
61800.0,-396.94199775530495,98.0
61860.0,-392.0791317290851,98.0
61920.0,-362.1101520499548,98.0
61980.0,-286.61852722314063,98.0
62040.0,-365.83640917753786,98.0
62100.0,-271.5745222295262,98.0
62160.0,-361.6593598992769,98.0
62220.0,-288.7300982221618,98.0
62280.0,-259.2430397805024,98.0
62340.0,-108.45478019720088,98.0
62400.0,-327.14778127418384,98.0
62460.0,-145.5406097692237,98.0
62520.0,-214.23080152493162,98.0
62580.0,-187.91895924438592,98.0
62640.0,-194.86525006181074,98.0
62700.0,-164.66915887754192,98.0
62760.0,-189.97119275183366,98.0
62820.0,-82.91596536066453,98.0
62880.0,-186.9686147850233,98.0
62940.0,-81.08104386366387,98.0
63000.0,-177.12625496545246,98.0
63060.0,-131.5437342627519,98.0
63120.0,-181.7270206317856,98.0
63180.0,-79.60571224223139,98.0
63240.0,-9.71565926457879,98.0
63300.0,-90.59988495206147,98.0
63360.0,-87.32718666127812,98.0
63420.0,-131.9678569204649,98.0
63480.0,-68.4475012833899,98.0
63540.0,-139.88006791574975,98.0
63600.0,-88.73200208336277,98.0
63660.0,-10.024598159440473,98.0
63720.0,65.80996383620527,98.0
63780.0,165.49501148936218,97.98433096099139
63840.0,-28.008433029372554,97.94492738682725
63900.0,103.51897298683826,97.95159606135805
63960.0,42.209223286731,97.92694868683736
64020.0,28.6599711656188,97.91689887176909
64080.0,73.80770754292462,97.91007506911062
64140.0,61.64949016046029,97.89250180540992
64200.0,74.60473570078392,97.87782335537172
64260.0,53.49028853180505,97.860060323062
64320.0,4.074529314758649,97.84732454007823
64380.0,5.274705586914422,97.84635441405091
64440.0,146.9770158421628,97.84509853176831
64500.0,101.02812095948173,97.81010400418685
64560.0,91.66898038565398,97.7860496896727
64620.0,137.70389425754655,97.76422374196183
64680.0,194.60244174931728,97.73143710047194
64740.0,167.39363736338623,97.68510318576972
64800.0,126.8247628083679,97.64524755782605
64860.0,249.33146113313478,97.61505118572882
64920.0,280.01899039930737,97.55568655212569
64980.0,224.40195490548456,97.48901536393538
65040.0,262.55432976163473,97.43558632705312
65100.0,288.00188122704265,97.37307339139558
65160.0,290.582313419717,97.30450151491294
65220.0,268.85518128567503,97.23531524981301
65280.0,277.0822056513638,97.17130211141166
65340.0,281.4708977689618,97.10533015768515
65400.0,193.4970433587069,97.03831327726397
65460.0,310.36130367178674,96.99224255265474
65520.0,195.88264423904414,96.91834700416146
65580.0,238.4004061730234,96.87170827934264
65640.0,373.0648323921092,96.81494627787288
65700.0,353.96667326480576,96.72612131777952
65760.0,401.4261671964107,96.64184353843075
65820.0,304.4351482672964,96.54626587957446
65880.0,260.0767934999931,96.4737813204632
65940.0,323.18258280297243,96.41185827439178
66000.0,352.04693704803105,96.33491004039107
66060.0,358.8979242927102,96.25108934109392
66120.0,430.32837903403913,96.16563745435755
66180.0,348.6937539090534,96.0631783164923
66240.0,399.4659917459081,95.980155994133
66300.0,326.9097474192009,95.88504504371731
66360.0,421.0373253675448,95.80720938956988
66420.0,401.90107718303256,95.7069624073395
66480.0,364.32525639013573,95.61127167467687
66540.0,402.6648045432196,95.52452756601255
66600.0,413.1632901145212,95.42865499350226
66660.0,415.3002339196816,95.33028278157023
66720.0,544.9797719261857,95.23140177349411
66780.0,439.8738782380777,95.10164468494025
66840.0,438.1172529288325,94.99691280916929
66900.0,333.7607489102627,94.89259917751957
66960.0,412.69582468267384,94.81313233254093
67020.0,457.18515026293153,94.7148714219022
67080.0,438.3175522591225,94.60601781469674
67140.0,568.7450940332391,94.50165649273029
67200.0,482.1918154603499,94.36624099415094
67260.0,575.5082765515208,94.25143341904133
67320.0,507.88191895772223,94.11440763891002
67380.0,512.2519717377363,93.99348337249153
67440.0,510.38572286609707,93.87151861731587
67500.0,521.4886507726633,93.74999820710966
67560.0,629.7833637458891,93.62583424263997
67620.0,392.71608537015953,93.47588582270048
67680.0,416.87369500202414,93.38238199285044
67740.0,509.28032356907863,93.2831263511833
67800.0,547.4698567404779,93.1618691312859
67860.0,592.5476850151902,93.03151916539531
67920.0,583.8765064211193,92.89043638324884
67980.0,536.5824761040257,92.75141816743428
68040.0,624.7093475841916,92.62366043502855
68100.0,629.0760398373271,92.47492011417518
68160.0,581.7537328785329,92.32514010469009
68220.0,631.6373719169012,92.18662731114759
68280.0,593.0867941270727,92.03623746069118
68340.0,545.5043618009896,91.89502631923236
68400.0,622.9548244573681,91.76514432832737
68460.0,588.9306062587024,91.6168217510756
68520.0,583.545450973365,91.47660017815687
68580.0,672.9763329729595,91.33766078506798
68640.0,438.6432596863743,91.17742832483633
68700.0,501.69302189013604,91.07298945348244
68760.0,516.549965643926,90.95353873398479
68820.0,566.9599374577849,90.83055064692671
68880.0,574.4213819762655,90.69556018562724
68940.0,500.16119820393493,90.5587931899186
69000.0,532.3543610840467,90.43970719034624
69060.0,540.6363751865587,90.31295615199289
69120.0,740.5149811819178,90.1842332055199
69180.0,701.916053391795,90.0079201147623
69240.0,569.8076421105624,89.84079724490711
69300.0,573.3574934419628,89.70512875869031
69360.0,526.8387057916341,89.56861506977556
69420.0,481.87991960424824,89.44317728268231
69480.0,589.8898639863884,89.32844396849083
69540.0,537.5244221111965,89.18799400087502
69600.0,592.7551287645338,89.06001199561045
69660.0,502.24201677483023,88.91887982209509
69720.0,552.9015441497513,88.79929838952965
69780.0,607.8605831624882,88.6676551647321
69840.0,621.1956616469985,88.52292645445532
69900.0,624.5086106153562,88.37502272549175
69960.0,520.4251525877316,88.22633019915476
70020.0,651.086753366034,88.10241944853863
70080.0,551.9008891190298,87.94739879297528
70140.0,637.9498706049721,87.8159938193755
70200.0,599.3616794029084,87.66410099304099
70260.0,517.3951457838568,87.5213958312784
70320.0,580.9417286402696,87.39820651085367
70380.0,621.7274340817264,87.2598870516536
70440.0,636.4324144656299,87.11185671020557
70500.0,591.0010192441703,86.96032518295185
70560.0,691.1298192160255,86.81961065456038
70620.0,659.3936037035119,86.65505593569942
70680.0,583.2207646643816,86.49805745862716
70740.0,643.2616764456556,86.3591953718023
70800.0,713.8737697755456,86.20603782979143
70860.0,715.0246171528196,86.03606788460678
70920.0,523.2226823215499,85.86582392814182
70980.0,540.7757577283352,85.74124709901764
71040.0,684.8860728269628,85.61249096622518
71100.0,531.6756278101126,85.44942285364733
71160.0,515.1601391741406,85.32283341845445
71220.0,564.6398886850234,85.20017624246061
71280.0,618.2831382258395,85.06573817372609
71340.0,586.1430735013071,84.91852790271993
71400.0,552.4300257983607,84.77897002807676
71460.0,550.1479893668472,84.64743906955334
71520.0,546.9576482974649,84.51645145303743
71580.0,535.9849985923768,84.38622344153804
71640.0,724.672163862952,84.25860796568271
71700.0,604.6047363708435,84.08606697428678
71760.0,638.9011306630638,83.94211346562706
71820.0,555.2544705544497,83.78999414880252
71880.0,572.3076595369329,83.65779070343241
71940.0,539.4805800217604,83.52152697497124
72000.0,421.9833140222157,83.3930792178232
72060.0,497.16092055794996,83.29260700019886
72120.0,469.92413045596066,83.17423535244696
72180.0,442.2585644675621,83.06234865471934
72240.0,504.17342445388476,82.95704899651278
72300.0,654.0071844213302,82.83700770497614
72360.0,570.4245511730612,82.68129170868535
72420.0,649.0719196947006,82.54547633935843
72480.0,594.8114249168344,82.39093540609778
72540.0,615.5878981791095,82.24931363826045
72600.0,513.0304971700536,82.10274509107495
72660.0,596.939909511734,81.98059497270113
72720.0,607.6133749558649,81.83846642281738
72780.0,527.6490401126382,81.6937965716374
72840.0,594.1479078350933,81.56816584780107
72900.0,592.8451814190984,81.42670206022129
72960.0,524.1705901196083,81.2855484455977
73020.0,488.0194602869461,81.16074592414064
73080.0,482.55226570029737,81.04455081454851
73140.0,556.977877971121,80.92965741795321
73200.0,569.5695041297066,80.7970436374839
73260.0,500.5331277028293,80.66143185078634
73320.0,547.790580480083,80.54225729657138
73380.0,578.5141048868394,80.41183096788565
73440.0,579.4360168738634,80.27408951434117
73500.0,633.4969740061986,80.13612855794263
73560.0,615.0201483574856,79.985295945084
73620.0,476.31912417884956,79.83886257642746
73680.0,635.3859194320361,79.72545326114678
73740.0,500.46576649613587,79.57417089937725
73800.0,592.9504597681484,79.45501238354484
73860.0,532.2518009330333,79.31383370264766
73920.0,501.33958713313064,79.18710708337788
73980.0,415.4847767981578,79.06774051501284
74040.0,511.51350793130393,78.96881556815615
74100.0,426.0885869964452,78.84702663769632
74160.0,575.5178119605878,78.74557697412574
74220.0,606.3004303580457,78.60854892365893
74280.0,465.2766236710516,78.46419167833558
74340.0,528.9940011411996,78.35341152984248
74400.0,465.12346237762944,78.2274605771898
74460.0,468.6964519098001,78.11671689567132
74520.0,550.6218452077142,78.00512250235946
74580.0,499.57519873235833,77.87402206302428
74640.0,603.991069940282,77.75507558713562
74700.0,468.3929485280254,77.61126818953079
74760.0,554.9924569196473,77.49974605892888
74820.0,498.5737818364212,77.36760499775754
74880.0,538.1643256947397,77.24889695446315
74940.0,461.26946611504263,77.12076259120249
75000.0,482.7999291175596,77.01093652784176
75060.0,476.51195104252974,76.89598416376616
75120.0,430.94140518531225,76.78252893732746
75180.0,518.4878252215101,76.67992384085477
75240.0,515.4317517472253,76.55647435865917
75300.0,509.68036815916145,76.43375251300508
75360.0,563.9323120651314,76.31240004439574
75420.0,556.3199677952258,76.178130446285
75480.0,444.5057294023831,76.04567331109565
75540.0,487.02750301388244,75.9398386136189
75600.0,424.8696895439289,75.82387968432988
75660.0,461.3284163186411,75.72272023443847
75720.0,421.5840754313304,75.61288013531498
75780.0,552.4163569587074,75.51250297449799
75840.0,474.6788400110698,75.3809752704602
75900.0,437.42229088650754,75.267956499029
75960.0,519.7710666424016,75.1638083345322
76020.0,315.5703113841721,75.04005331866497
76080.0,322.61826986380714,74.96491753024017
76140.0,488.87636863708497,74.88810365646307
76200.0,442.4207344202112,74.77170452107329
76260.0,451.4914503124561,74.66636625097324
76320.0,354.55892123359695,74.55886828661313
76380.0,430.4331456673934,74.47444949584323
76440.0,549.7291663772335,74.37196541354147
76500.0,476.669443014587,74.24107751678498
76560.0,435.1066225046299,74.12758479225771
76620.0,396.2961193608238,74.02398797737565
76680.0,396.6889184738264,73.92963175848023
76740.0,290.34460538331734,73.83518201598646
76800.0,431.2977794936472,73.76605234803806
76860.0,464.32132607887763,73.66336240053957
76920.0,316.81868914400036,73.55280970385412
76980.0,369.4452728509991,73.47737668262936
77040.0,337.46816944532486,73.38941352242674
77100.0,346.7924453833373,73.30906395827309
77160.0,405.7319687133245,73.2264943284199
77220.0,275.2809460744503,73.12989147872625
77280.0,435.0361122999914,73.06434839632757
77340.0,441.2591534764614,72.96076836958949
77400.0,378.82314639530085,72.85570666638081
77460.0,242.92205918302022,72.76551067914383
77520.0,329.8688527448875,72.70767209362407
77580.0,461.5319261125898,72.62913189058958
77640.0,218.79672914878213,72.51924333675325
77700.0,362.55858038693634,72.46714887743211
77760.0,310.55883788995413,72.38082540591141
77820.0,427.59756981233414,72.30688282546141
77880.0,336.796806787863,72.205073880268
77940.0,399.53725006014673,72.12488416436614
78000.0,407.24030939856937,72.02975624768514
78060.0,481.51544867983034,71.93279426925692
78120.0,357.2113527132851,71.81814773385696
78180.0,390.0134682549322,71.73309741178237
78240.0,276.42757888965264,71.64023706219785
78300.0,435.0531773730471,71.57442097198603
78360.0,316.1128230858133,71.4708368821353
78420.0,326.2307996379008,71.39557192425772
78480.0,356.6917437418639,71.31789792434394
78540.0,262.4221311503167,71.23297131869111
78600.0,368.1081353992339,71.17048985889342
78660.0,410.63494695411003,71.08284506475074
78720.0,368.38645678394334,70.98507483928547
78780.0,253.7185660418123,70.89736377814644
78840.0,339.8844974988385,70.83695459575553
78900.0,390.1141656593918,70.75602971539867
78960.0,231.21131259735535,70.66314539024167
79020.0,277.7217967472271,70.60809507771849
79080.0,393.1364775905511,70.54197084039772
79140.0,355.10474044061795,70.44836691716188
79200.0,361.99156799965886,70.36381816943792
79260.0,447.23637418094995,70.27762970086657
79320.0,362.19245946674084,70.17114484987111
79380.0,371.98440742054294,70.08490854999808
79440.0,493.60694443456146,69.99634083394557
79500.0,316.6042947250064,69.87881537098495
79560.0,280.04923724050195,69.80343339605042
79620.0,352.09890401159856,69.73675500623125
79680.0,351.2987767993968,69.65292193384754
79740.0,291.9038529597135,69.56927936794293
79800.0,260.1296650786786,69.49977845057157
79860.0,459.2500847963512,69.43784281602903
79920.0,338.8751529025466,69.32849755774419
79980.0,273.951701120195,69.2478129975293
80040.0,371.4880314370414,69.18258640202448
80100.0,308.64595320051524,69.09413687072995
80160.0,298.70322795407293,69.02064973901554
80220.0,346.31288084666676,68.94952992283599
80280.0,233.78283982690138,68.86707447501536
80340.0,331.19147583055064,68.8114118941042
80400.0,423.56792132904195,68.73255678081121
80460.0,335.5367195338427,68.63170727573286
80520.0,283.78730916408523,68.55181758060576
80580.0,274.74614885375564,68.48424917366192
80640.0,279.3828535248424,68.41883342393484
80700.0,287.6145300655612,68.35231369690511
80760.0,279.05108231101485,68.28383404688951
80820.0,355.58337676047904,68.21739331300593
80880.0,195.51527620624015,68.13273060425344
80940.0,350.1487531543546,68.08617934801386
81000.0,274.5861576242608,68.00281059726282
81060.0,318.9403584395498,67.93743294068561
81120.0,227.6777702921695,67.86149476010476
81180.0,374.00573877646127,67.80728576717806
81240.0,368.03393998221156,67.7182367817551
81300.0,349.8962375771049,67.6306096531879
81360.0,200.47733446601072,67.54730102519335
81420.0,340.1684039459559,67.49956832651097
81480.0,313.7875168966499,67.41857584938097
81540.0,192.27140902861586,67.34386453583414
81600.0,286.2375577902622,67.29808562892256
81660.0,308.69127398083833,67.2299338294487
81720.0,319.3234516452621,67.15643590707231
81780.0,295.75011235856766,67.08040651382343
81840.0,301.7594108509116,67.00998982040473
81900.0,371.8887392265742,66.9381423416307
81960.0,356.235886751261,66.8495974037196
82020.0,109.86744867326021,66.7647793354455
82080.0,262.07625282052425,66.73862041909472
82140.0,270.4900789670679,66.6762213112803
82200.0,174.50438165426726,66.61181891152624
82260.0,284.5568412642789,66.5702702492276
82320.0,353.1211166733451,66.50251862035516
82380.0,212.30542566624501,66.41844216400436
82440.0,297.0012775845651,66.36789325313144
82500.0,221.19923582066232,66.29717866323035
82560.0,235.17886688715802,66.24451217851114
82620.0,363.4954918590751,66.18851721020468
82680.0,241.66985236795233,66.10197066452395
82740.0,301.34050127265255,66.04443022348396
82800.0,160.73189805212644,65.97268248508571
82860.0,384.1538945452185,65.93441298554949
82920.0,307.99628627413534,65.84294777256252
82980.0,260.32171046485274,65.76961532344964
83040.0,305.25113631587004,65.70763396381516
83100.0,185.58772835277318,65.63495512183519
83160.0,340.5990114971062,65.59076756746548
83220.0,249.689899147404,65.50967256472808
83280.0,256.3780009808753,65.4502225887406
83340.0,238.6272110103067,65.38918020755467
83400.0,232.80285251222864,65.33236420493317
83460.0,308.8483985134809,65.27693495433502
83520.0,282.0594587233608,65.20339962135562
83580.0,305.35730808915173,65.13624260737386
83640.0,265.2824222285193,65.06353848640025
83700.0,296.1699154328235,65.00037600491727
83760.0,239.82479256709507,64.92985935838564
83820.0,398.32721454046407,64.87275821729824
83880.0,170.06469262012723,64.77791840431242
83940.0,339.4034287189994,64.73742681083144
84000.0,345.4375988734458,64.65661647066025
84060.0,211.85871077093105,64.57436942330943
84120.0,396.37870309944924,64.52392687312587
84180.0,321.9945474434907,64.42955099143553
84240.0,320.1849495664845,64.35288562299661
84300.0,263.25789322534143,64.27665111119506
84360.0,248.21126045806085,64.21397066042712
84420.0,248.3567258342207,64.15487274127044
84480.0,284.0375183027731,64.09574018750038
84540.0,344.36913323547435,64.0281122069521
84600.0,270.8767783462778,63.94611955618175
84660.0,205.0188195822588,63.88162508514692
84720.0,308.8859660485692,63.83281108048448
84780.0,314.41153823255894,63.75926680285387
84840.0,298.15131598438245,63.6844069127985
84900.0,303.3378847879023,63.61341850423079
84960.0,242.0952813483146,63.541195198328914
85020.0,202.36130965074747,63.48355346467456
85080.0,205.7652770178033,63.435372200471996
85140.0,159.49170647557048,63.38638046784871
85200.0,271.60529645154185,63.34840625202119
85260.0,252.15645730856292,63.28373832429463
85320.0,230.5451208887471,63.2237010725545
85380.0,79.39411685767146,63.16880937710479
85440.0,181.6847974226854,63.149906015948204
85500.0,323.57249378111345,63.10664773084756
85560.0,216.24818912515454,63.02960666089968
85620.0,277.5703069500458,62.97811899682226
85680.0,172.30797963309456,62.91203082850082
85740.0,341.8908566031276,62.871005119064364
85800.0,246.7512963466355,62.78960253415886
85860.0,272.62469891318585,62.7308522255049
85920.0,394.6031593803171,62.66594158290652
85980.0,345.8815407499494,62.57198844972073
86040.0,236.34451677060488,62.48963570192312
86100.0,218.99301099863447,62.43336319793012
86160.0,234.9056322111905,62.38122200483521
86220.0,284.8885772771345,62.32529209240397
86280.0,247.84172013968748,62.25746147876656
86340.0,230.30504119605206,62.19845154539997
86400.0,338.03087619534244,62.14361701178186
86460.0,243.14740775054963,62.06313346983059
86520.0,387.97534695307274,62.00524122988998
86580.0,255.4445553195566,61.91286614728211
86640.0,357.11910528233113,61.852046015063166
86700.0,271.43916713765503,61.76701765666261
86760.0,307.7776363288981,61.70238928353459
86820.0,206.52333901560235,61.629108893932475
86880.0,198.77444893914142,61.579936670357334
86940.0,277.582359799251,61.53260942060992
87000.0,309.31319726784363,61.466518382562484
87060.0,252.41539308060513,61.392872383212996
87120.0,172.81640311687897,61.33277348009857
87180.0,168.3845015282547,61.29162671745169
87240.0,164.3718196824009,61.251535169468774
87300.0,143.94267737142712,61.21239902192534
87360.0,256.5691260772496,61.17812695588453
87420.0,317.50264020629874,61.11703906872328
87480.0,249.19505811500437,61.04144320200749
87540.0,114.37512035290442,60.982111045313445
87600.0,238.55437867473137,60.95487887380085
87660.0,240.23206704059314,60.89808021221163
87720.0,375.7599324413569,60.84088210101149
87780.0,162.5717332911607,60.751415450430216
87840.0,226.55935260208258,60.7127078948847
87900.0,352.35117033988865,60.65876519188421
87960.0,276.998710799284,60.57487205608899
88020.0,283.7987956078212,60.50891998208916
88080.0,256.8750783690371,60.441348840277776
88140.0,269.7966254960006,60.38018810733276
88200.0,296.6565861066383,60.315950815548
88260.0,201.4308363608065,60.24531829504642
88320.0,302.68353153158876,60.19735857210337
88380.0,167.61983719270586,60.12529106459585
88440.0,269.7020980988144,60.08538157954997
88500.0,260.7244791724818,60.02116679428835
88560.0,213.02243786307926,59.95908953734252
88620.0,248.63890855764382,59.908369909279884
88680.0,212.64761799422342,59.849170169147115
88740.0,185.69794978577636,59.79853978391039
88800.0,228.78314732317892,59.75432598634235
88860.0,183.76071631320008,59.699853808408264
88920.0,269.3678851043948,59.656101256905124
88980.0,180.99491065665944,59.591966046165986
89040.0,292.7186649730374,59.548872019819164
89100.0,179.1113030647099,59.47917709958749
89160.0,216.02235603119152,59.43653155123875
89220.0,212.52385059858764,59.38509765694561
89280.0,329.5088632718831,59.33449674013642
89340.0,269.81746107097877,59.256042248881215
89400.0,237.29604134860088,59.191799996245265
89460.0,279.923241533281,59.13530093878131
89520.0,123.56854022755587,59.068652547940054
89580.0,247.41207214951322,59.039231466933494
89640.0,369.85094515353336,58.98032383070742
89700.0,257.94089236002367,58.89226408186134
89760.0,254.0749001892525,58.83084958368038
89820.0,282.8878214955097,58.7703555598258
89880.0,303.73644265337396,58.703001316612585
89940.0,130.152136526447,58.63068311598083
90000.0,149.06055999698816,58.599694512045964
90060.0,262.61763798858937,58.56420390252287
90120.0,207.10757930178752,58.501675893477966
90180.0,328.7217021772483,58.45236456507278
90240.0,231.08973748283378,58.37409749312582
90300.0,133.92837224042495,58.31907612705847
90360.0,173.91939803201163,58.28718841938218
90420.0,85.01968975846339,58.24577903889837
90480.0,235.95273791477464,58.22553625562254
90540.0,238.6972431466637,58.1693570323095
90600.0,224.53255034153815,58.112524355369814
90660.0,314.7330790378345,58.05906422433611
90720.0,321.9115523899755,57.98412777694615
90780.0,239.77708415708733,57.90748216923426
90840.0,121.91879885516519,57.850392387292096
90900.0,287.0373452023232,57.82136410185039
90960.0,283.3220978229426,57.75302187680222
91020.0,268.56401448871543,57.68556423446343
91080.0,308.8893439987459,57.62162042148992
91140.0,180.11091478539726,57.54807533958546
91200.0,370.5259682381205,57.505191788446076
91260.0,192.43502753518382,57.416971319817954
91320.0,294.95411938975695,57.3711534561191
91380.0,148.75993673264088,57.300926284835825
91440.0,194.1849756497421,57.265507252280436
91500.0,340.9830382852965,57.21927273426859
91560.0,234.34699707989725,57.13808629658162
91620.0,300.3964144208743,57.08228939251498
91680.0,264.21845807472044,57.010766436700486
91740.0,243.70372734639264,56.94785728001603
91800.0,331.83232382457163,56.88983258302879
91860.0,235.8018685121953,56.810824886880084
91920.0,143.15721163702545,56.75468158485337
91980.0,201.80719953097565,56.7205965344636
92040.0,283.07322303202227,56.67254720124194
92100.0,273.7323877324723,56.605148814805744
92160.0,155.9784766597747,56.5399744367742
92220.0,206.5415596491053,56.50283670423616
92280.0,215.09897838428253,56.45366014241495
92340.0,228.0742421964199,56.4024460999425
92400.0,167.44777165522495,56.34814270894336
92460.0,212.30050090880863,56.30827419188259
92520.0,206.2863307175174,56.25772645357097
92580.0,296.29516062686463,56.20861066054299
92640.0,298.550662483089,56.13806419372707
92700.0,241.25498954634983,56.06698070265966
92760.0,226.48147781403753,56.00953903848196
92820.0,258.399589103785,55.955614877097666
92880.0,201.00990603947747,55.89409116540629
92940.0,181.19478802073655,55.84623166396832
93000.0,193.59176036806412,55.803090047772905
93060.0,211.91658370244,55.7569967714948
93120.0,180.1973081387098,55.706540442041835
93180.0,259.72969554033574,55.66363632105643
93240.0,293.7894729912122,55.60179591735635
93300.0,154.78107127384598,55.53184604283463
93360.0,251.51515651907874,55.494993406817045
93420.0,236.81178008690398,55.43510884574108
93480.0,270.4989740830627,55.378725088577525
93540.0,249.23268506066492,55.3143205709387
93600.0,162.7936475549704,55.254979455448066
93660.0,174.26687669959392,55.21621906317307
93720.0,251.77631870443003,55.174726949673165
93780.0,311.7384704520144,55.11478020712449
93840.0,117.16112808928443,55.040556761778774
93900.0,270.75676676989553,55.01266125509085
93960.0,321.39134317134614,54.94819535824087
94020.0,240.8333732384285,54.87167360986675
94080.0,283.028033607794,54.814332330524266
94140.0,207.83275526030832,54.74694470347479
94200.0,242.8560059793038,54.6974607141271
94260.0,152.76430970954704,54.63963785556059
94320.0,109.35973390581515,54.60326540086784
94380.0,306.5875646911377,54.577227368985504
94440.0,190.92328183923814,54.50423032977333
94500.0,222.6927486518128,54.45877240552589
94560.0,166.83941147622892,54.405750322513555
94620.0,165.42938201715782,54.36602665311445
94680.0,239.59901491585342,54.32663870501513
94740.0,206.25645841575354,54.26959132051135
94800.0,272.7112690071273,54.22048263993617
94860.0,277.1873450258946,54.15555138541067
94920.0,269.28816718657004,54.08955439849974
94980.0,264.3555085094793,54.02543816821723
95040.0,344.70795680516653,53.96249638047688
95100.0,185.98877964261249,53.88042305742803
95160.0,246.75100026570306,53.83614001465598
95220.0,318.0113208133189,53.77738977649748
95280.0,325.9253204683812,53.70167279535145
95340.0,164.75028273606176,53.62407152857326
95400.0,231.3181233374443,53.58484527077896
95460.0,331.55025139416205,53.52976952712719
95520.0,280.551465181592,53.45082899108096
95580.0,261.7864416267467,53.38403102318058
95640.0,237.01373734050694,53.32170091803136
95700.0,227.0511521534175,53.26526907580743
95760.0,267.37698149304197,53.211209277675664
95820.0,234.94627374720855,53.14754809160589
95880.0,247.5391538783318,53.09160850261846
95940.0,254.81522317522663,53.03267060883791
96000.0,209.42073256601725,52.97200031760571
96060.0,282.0388186381952,52.92213823842333
96120.0,424.97209082469107,52.85498613874757
96180.0,143.5049090675703,52.75380230759883
96240.0,269.57191089923356,52.719634472106556
96300.0,204.52718012478425,52.65545068379721
96360.0,284.79055828840336,52.606753736148455
96420.0,252.94808145817876,52.5389464603655
96480.0,295.87457999960816,52.47872072668498
96540.0,320.7028004322063,52.40827439811365
96600.0,261.72725857623044,52.33191658848693
96660.0,318.1152103865519,52.26960057454021
96720.0,109.5448004031694,52.193858857781514
96780.0,345.6409566947424,52.167776762447424
96840.0,272.7292620507394,52.08548129656772
96900.0,314.9084442755545,52.02054575798421
96960.0,177.05823175585422,51.94556755696622
97020.0,200.41816936854306,51.90341083511959
97080.0,259.03492799070995,51.855692223365175
97140.0,249.27133848756588,51.79401724051024
97200.0,267.2934544880266,51.73466692182273
97260.0,315.39675579886574,51.6710256231351
97320.0,144.42994879854047,51.595931157468705
97380.0,308.7904846768682,51.56154307442144
97440.0,250.87731658554674,51.48802153045075
97500.0,238.17348023942745,51.42828883602562
97560.0,162.15443693509644,51.37158086454004
97620.0,280.6262418003732,51.33297266526978
97680.0,105.61987699600542,51.26615689341255
97740.0,289.39411647093266,51.241009303651595
97800.0,160.98940221989704,51.17210594258709
97860.0,253.74970167164406,51.13377513253473
97920.0,243.4198202772092,51.073358536898624
97980.0,320.771264886715,51.01540143683262
98040.0,239.91004819081323,50.93902732614531
98100.0,209.01284049755876,50.88190588609987
98160.0,220.2982606333141,50.83214092407665
98220.0,327.1021900645305,50.77968895725919
98280.0,282.9434400422176,50.7018074834343
98340.0,227.6658826468213,50.63443999770996
98400.0,236.656685239012,50.580233835175
98460.0,156.85443303542297,50.52388700535619
98520.0,274.2369699594682,50.48654071177632
98580.0,145.384981004307,50.4212461951193
98640.0,296.1291403169177,50.38663072345161
98700.0,258.7881799525625,50.316123785280915
98760.0,394.3397099730471,50.25450755195887
98820.0,185.16845704731793,50.16061714482243
98880.0,245.07321163111712,50.11652941695402
98940.0,359.18899521601986,50.05817865227995
99000.0,322.83645046630033,49.9726574629428
99060.0,209.6443271867821,49.8957916414032
99120.0,264.92181309518895,49.845876325406344
99180.0,251.67328737532583,49.782799703240826
99240.0,268.54318386396596,49.722877491960986
99300.0,209.78056767065416,49.65893863866004
99360.0,246.4209000688104,49.608990884452744
99420.0,155.9789960472348,49.55031924157922
99480.0,260.0549628718128,49.51318138537749
99540.0,279.03773860807553,49.45126353707468
99600.0,238.48392703358638,49.38482598026324
99660.0,155.32241256848346,49.328044092874286
99720.0,311.6376657200472,49.29106256607226
99780.0,274.30159471635454,49.2168631218532
99840.0,208.97771616830343,49.15155321834931
99900.0,235.81546029520715,49.10179661926161
99960.0,162.72867173996525,49.045650081096085
100020.0,191.3662129365447,49.006905159253236
100080.0,220.74891655947647,48.961341775220724
100140.0,326.85457503293685,48.90878250937323
100200.0,214.91596827209497,48.830959991508244
100260.0,291.8411215736322,48.77978952287203
100320.0,221.27691755106378,48.710303541544974
100380.0,268.60596528413794,48.657618561175674
100440.0,245.40441865975666,48.593664759917544
100500.0,306.4365825406167,48.535235136427126
100560.0,222.13573426612658,48.46227404534603
100620.0,160.0503319217915,48.409384584806475
100680.0,171.66928020903802,48.37127736292033
100740.0,222.8645533328119,48.33040372477532
100800.0,180.03157868167477,48.27734073588656
100860.0,279.79307673938473,48.234476074295685
100920.0,227.44686605843143,48.16785867507202
100980.0,398.0895912479586,48.11370465934382
101040.0,151.57843237972452,48.0189214233324
101100.0,268.29550613464494,47.98283132038485
101160.0,188.64487328658333,47.918951437971835
101220.0,226.9710845377405,47.87403599195122
101280.0,265.3222581564569,47.81999525753747
101340.0,117.58579466744933,47.75682329130974
101400.0,271.5979467660665,47.72882667353178
101460.0,371.85270236498167,47.664160495730336
101520.0,230.7716654071487,47.57562413802439
101580.0,273.8762431831054,47.52067850340364
101640.0,320.1032519839273,47.455469874074325
101700.0,249.10156389956387,47.37925481407815
101760.0,224.42291001219718,47.31994491791159
101820.0,123.08929173088183,47.26651089171821
101880.0,298.45736843829104,47.23720391749657
101940.0,253.58405631222084,47.16614263929698
102000.0,200.0014474001157,47.105765483032165
102060.0,268.75898029341664,47.05814609079404
102120.0,226.555740595418,46.994155857390844
102180.0,230.29737091957836,46.940214014391934
102240.0,298.82008840669585,46.88538130703013
102300.0,182.59297268553553,46.8142336669333
102360.0,326.202068994613,46.77075914962722
102420.0,179.98347406368904,46.693091990342786
102480.0,224.5786335548545,46.650238782232385
102540.0,380.2284737950094,46.59676767900504
102600.0,333.01921246673794,46.50623709000623
102660.0,271.7759648631969,46.42694680132367
102720.0,210.04562087193497,46.36223823826101
102780.0,235.29505228451816,46.31222737614864
102840.0,272.0384555521056,46.25620474465233
102900.0,270.50080849221143,46.19143368380659
102960.0,263.4219131831603,46.12702872940368
103020.0,267.666595373249,46.06430922626483
103080.0,257.31438750733486,46.0005790845093
103140.0,184.3368374282943,45.93931375415041
103200.0,240.56225410638996,45.8954240309532
103260.0,327.14669927701874,45.838147303785014
103320.0,190.9049271627186,45.76025523252858
103380.0,262.3871063663353,45.714801678442214
103440.0,225.35072790639362,45.6523285578788
103500.0,282.01294166872015,45.59867362266299
103560.0,252.8306535944395,45.53152768417044
103620.0,365.63011889737635,45.4713299095051
103680.0,308.24081730279494,45.38427511929144
103740.0,200.01878870328454,45.31088444850506
103800.0,319.90397671470737,45.263260927385225
103860.0,234.07701186447485,45.187093313881725
103920.0,246.8850186445893,45.13136069200923
103980.0,301.30580807711954,45.0725785447129
104040.0,253.96721050758032,45.0008390665993
104100.0,338.0626474587754,44.94037068314511
104160.0,239.06411873567902,44.859879576607305
104220.0,249.46585729566866,44.80295954833691
104280.0,248.31314720362462,44.743562915647466
104340.0,254.87496183986565,44.68444073774184
104400.0,355.9081093362592,44.62375622301806
104460.0,328.8534681554545,44.53901619698562
104520.0,394.91744327282476,44.4607177521867
104580.0,429.6009037363441,44.3666897895027
104640.0,232.94728696769454,44.26440386004167
104700.0,300.29040023902417,44.20894022028745
104760.0,226.79533013420854,44.137442505944826
104820.0,252.0405009273046,44.083443617817636
104880.0,262.2490736569599,44.0234339747397
104940.0,238.00979976366517,43.960993719107094
105000.0,239.73905437452342,43.90432471916336
105060.0,295.63677735752987,43.847243991931336
105120.0,232.76084465554086,43.776854283036684
105180.0,357.79043589818656,43.721435034309174
105240.0,253.725420620086,43.636246835285796
105300.0,478.921706568597,43.57583602085244
105360.0,284.85072042319507,43.46180704309801
105420.0,317.8704984966007,43.39398544299725
105480.0,237.47419122623327,43.31830199097425
105540.0,419.23508255013445,43.26176051687276
105600.0,385.74433353917004,43.16194264007511
105660.0,338.12385513901376,43.070098751137216
105720.0,241.26533332519566,42.98959307134221
105780.0,336.50811842236243,42.93214894436002
105840.0,258.4069456294251,42.85202796378327
105900.0,415.28894047270705,42.79050250053817
105960.0,377.9842521216261,42.691624181377996
106020.0,337.0739776560989,42.601627930872844
106080.0,187.11026486671324,42.52137222190711
106140.0,276.2630778824535,42.4768221588436
106200.0,378.538940968046,42.41104523553826
106260.0,412.08145854112684,42.32091691626015
106320.0,407.92362083149897,42.22280228327417
106380.0,247.94736219473288,42.125677611647625
106440.0,363.6855698893966,42.066642525410785
106500.0,408.67705604925845,41.980050723056166
106560.0,250.4289658384772,41.88274666209206
106620.0,351.6668323145771,41.8231207178448
106680.0,370.81247756200486,41.739390519674664
106740.0,338.6054744679589,41.65110183454085
106800.0,247.81937610986813,41.57048148347705
106860.0,341.7329749284935,41.51147687011756
106920.0,343.9900377601208,41.43011187608697
106980.0,357.12491824372216,41.348209486144086
107040.0,334.6089187980878,41.2631797437051
107100.0,344.2710825755138,41.18351095351508
107160.0,370.9303073076051,41.10154164813996
107220.0,402.3466739002475,41.013224908304814
107280.0,360.04589820438594,40.917428081185705
107340.0,356.2695959851469,40.831702867327515
107400.0,388.95122741381465,40.74687677304534
107460.0,270.74038907561675,40.65426933794681
107520.0,417.2261741247389,40.58980734054785
107580.0,391.2017970169909,40.49046777528005
107640.0,396.2709132733691,40.397324490276006
107700.0,454.2086652855269,40.302974272829964
107760.0,282.091926214596,40.19482935252388
107820.0,283.54735869185686,40.127664608187075
107880.0,421.1417477912741,40.06015333230806
107940.0,407.04151301992147,39.95988148759585
108000.0,420.4522932115809,39.86296684163873
108060.0,385.30458978234407,39.76285915277883
108120.0,455.7005746927735,39.67111996473542
108180.0,474.6206206798472,39.5626198279038
108240.0,450.5391301365799,39.449614918218124
108300.0,408.7025017831766,39.342343696757034
108360.0,300.7561025699713,39.24503357728485
108420.0,476.24923777965154,39.173424981434856
108480.0,506.28780900231686,39.060032305773035
108540.0,474.5571015814093,38.93948758934391
108600.0,386.0140818911191,38.8264978032531
108660.0,482.1378627076232,38.73458968851712
108720.0,496.26709179830965,38.61979495930102
108780.0,541.0959111108044,38.50163612792047
108840.0,397.9374431190953,38.37280376813219
108900.0,439.85828118304676,38.278056757865734
108960.0,501.22673407721226,38.173328595679294
109020.0,462.7821111769875,38.05398889708948
109080.0,395.2460747763453,37.94380268014258
109140.0,490.1109306932588,37.8496964718625
109200.0,502.90072775857476,37.73300339312601
109260.0,476.4035727312743,37.61326512461206
109320.0,487.24218209562434,37.49983570253319
109380.0,461.48134966434066,37.38382565917709
109440.0,568.6311855202073,37.27394914735225
109500.0,428.8165785924801,37.13856076984744
109560.0,450.5342136048276,37.03646158446828
109620.0,489.3383937282733,36.92919153360999
109680.0,544.3115163966712,36.81268239224611
109740.0,404.61485015493207,36.683084412151665
109800.0,418.7090922642743,36.586747543067155
109860.0,377.9182651980233,36.48705490205185
109920.0,504.98291307415184,36.39707436271899
109980.0,438.7449384923733,36.27684033579657
110040.0,485.57394709703306,36.17237725520315
110100.0,551.1136001135819,36.05676441065624
110160.0,475.701297449182,35.925546886819674
110220.0,530.8114375355269,35.8122846731413
110280.0,501.69130664967815,35.6859009975376
110340.0,562.6706208272279,35.566450686430535
110400.0,553.5174504562283,35.43248149099548
110460.0,486.1322830973417,35.300691621839235
110520.0,520.1389858168556,35.18494584014939
110580.0,595.4624469808965,35.06110322447871
110640.0,558.9888971534532,34.91932645138802
110700.0,454.08442337446473,34.78623385682767
110760.0,579.7212504691323,34.678118517928986
110820.0,477.7544541124664,34.540089648769666
110880.0,629.9924613701426,34.426338588266695
110940.0,609.0606214408341,34.276340383178564
111000.0,567.3420405574515,34.13132594950218
111060.0,561.6771023853333,33.99624451127421
111120.0,541.954220647153,33.862511867849136
111180.0,597.4182423115775,33.733475148647436
111240.0,536.6272257368846,33.59123271000182
111300.0,575.1305336967743,33.46346432292161
111360.0,615.389015255367,33.326528481565234
111420.0,531.3942490397603,33.18000728745681
111480.0,530.1127524888867,33.05348484720925
111540.0,497.3549813126273,32.927267525188086
111600.0,507.0310097386401,32.8088496724946
111660.0,462.4947246082201,32.68812800350921
111720.0,616.7941833430808,32.578010211935826
111780.0,682.0052369491023,32.431154453996996
111840.0,659.1699221224985,32.2687722547234
111900.0,476.0097259561702,32.11182703517043
111960.0,616.7560620257467,31.998491386133246
112020.0,658.0614559901024,31.851644704698543
112080.0,544.5885017962162,31.69496340565328
112140.0,577.1467852428151,31.56529947665418
112200.0,449.4574325499005,31.42788357540589
112260.0,584.6207055464912,31.320869900989248
112320.0,503.3081977697232,31.18167449490675
112380.0,577.4294197622368,31.061839209723484
112440.0,469.93696808383686,30.924356014542
112500.0,594.1702884240741,30.812466260236324
112560.0,620.8942005407914,30.670997143944877
112620.0,510.0951469622287,30.523165191435165
112680.0,486.37354159304925,30.401713965967968
112740.0,422.57332385107236,30.285910741779148
112800.0,533.1407708106564,30.18529804562413
112860.0,511.2679537038513,30.058359766859688
112920.0,449.9894991692999,29.936629301692104
112980.0,566.9697599249661,29.829488944747034
113040.0,509.3810170362477,29.694496144764898
113100.0,468.2799840501681,29.573214950232458
113160.0,495.8505918275879,29.461719715934798
113220.0,589.5614386062954,29.343660051213945
113280.0,557.4765458933529,29.203288280117206
113340.0,509.37632162173384,29.070555769190218
113400.0,550.0635653514413,28.949275692613615
113460.0,438.8651542871326,28.818308177053748
113520.0,505.92930035387644,28.71381647365205
113580.0,508.15964453992206,28.593357116424936
113640.0,466.33067490775744,28.47236672486781
113700.0,515.7176328223777,28.361335611794537
113760.0,437.70345236274403,28.23854569921778
113820.0,509.92944185132785,28.134330591512366
113880.0,507.1352336348475,28.012918819643
113940.0,293.5517507977228,27.89217233544423
114000.0,534.432817283417,27.82227906144477
114060.0,274.4665229545751,27.695033152567767
114120.0,414.54979272596506,27.629683980435725
114180.0,507.1015258149614,27.530981648834306
114240.0,420.4924108898982,27.410243190306936
114300.0,345.3899097740664,27.310125949618865
114360.0,361.452219886525,27.227890256815517
114420.0,482.29153573386895,27.14183020446158
114480.0,298.87450659191234,27.026998886429705
114540.0,475.28015579776866,26.955838289622108
114600.0,397.5002991950318,26.842676347765497
114660.0,322.4197817896553,26.748033419385727
114720.0,352.0265487688873,26.671266804673905
114780.0,318.92437009130356,26.587450959728933
114840.0,424.77171398523797,26.51151658589767
114900.0,409.48182073496844,26.410380463520234
114960.0,255.0236148883057,26.31288479191667
115020.0,326.49568544993656,26.25216488360993
115080.0,291.3604359669888,26.174427815645657
115140.0,413.10662110403075,26.105056283272564
115200.0,246.74027359343185,26.00669756396208
115260.0,416.15759648271336,25.94794987977317
115320.0,309.9729233372813,25.848864737753477
115380.0,234.2321391575237,25.77506166076841
115440.0,255.20191062479506,25.719292103826145
115500.0,239.54568863505455,25.658529744153576
115560.0,202.88622106182044,25.601495056383325
115620.0,276.6912526811712,25.553188813273366
115680.0,188.88460594841683,25.487309943587373
115740.0,123.21682881732943,25.44233741836156
115800.0,222.66063195250075,25.41300007816696
115860.0,128.59722464212405,25.35998564198779
115920.0,182.89308679278025,25.329367255168236
115980.0,164.6592903043578,25.285821282122335
116040.0,158.04562878597852,25.246616689192727
116100.0,321.42174142541154,25.208986777577017
116160.0,195.72807700345385,25.132457791523347
116220.0,197.98097309486866,25.085855868427288
116280.0,67.5278857761653,25.03871754149994
116340.0,125.66664952802199,25.022639473457993
116400.0,168.55667509443884,24.992718842617986
116460.0,84.84413113224173,24.952586300928832
116520.0,191.42209651386383,24.932385317325917
116580.0,55.34594320733464,24.88680862767976
116640.0,100.84397386770797,24.873631022154203
116700.0,73.33167399256456,24.8496205521857
116760.0,108.77530044949293,24.83216062980652
116820.0,50.86222962806403,24.806261748747115
116880.0,63.36969451330941,24.794151694073765
116940.0,55.74510385710596,24.779063671570597
117000.0,16.098966500976246,24.765791027795096
117060.0,79.47870991887316,24.76195794053296
117120.0,54.85053815109717,24.74303443817132
117180.0,25.369647445044166,24.729974786230585
117240.0,-5.034908886291021,24.723934393981764
117300.0,58.659954555092554,24.725133181811835
117360.0,-13.237661889702167,24.711166525965385
117420.0,-27.47227549552173,24.71431835022484
117480.0,-12.798061675473036,24.720859368199964
117540.0,72.68222006617412,24.723906525741743
117600.0,-119.59067628806781,24.706601235249796
117660.0,-3.0553478314346307,24.735075205794573
117720.0,-172.93396934568318,24.735802669563963
117780.0,-56.42209233374308,24.776977424170077
117840.0,14.91548058729677,24.790411255678112
117900.0,-60.41500964860785,24.786859950776375
117960.0,-89.65629208653536,24.801244476883188
118020.0,-143.6909227352602,24.822591213094267
118080.0,-118.38122119373577,24.856803337555043
118140.0,-145.55634094921515,24.88498934260117
118200.0,-187.78660804438175,24.919645614255746
118260.0,-168.2214309716304,24.96435671140917
118320.0,-149.13089406708588,25.004409433069082
118380.0,-217.2742113939555,25.03991678879934
118440.0,-229.8266636009369,25.09164874389314
118500.0,-273.2726839901039,25.146369378083836
118560.0,-178.42129218159738,25.211434302843386
118620.0,-179.3491668699263,25.253915562886625
118680.0,-208.36844192587887,25.296617745474702
118740.0,-174.5517908692579,25.346229279266577
118800.0,-237.3770932493473,25.387789229473544
118860.0,-229.3075636126149,25.444307585009103
118920.0,-244.76776319055438,25.49890462396449
118980.0,-278.64972757637184,25.557182662819383
119040.0,-315.1543161948892,25.623527836051853
119100.0,-160.59075107151864,25.698564578003015
119160.0,-330.6779742213527,25.73680047111528
119220.0,-353.6196014300649,25.815533322120366
119280.0,-297.7163242073369,25.899728465318002
119340.0,-318.7185362514018,25.970613304414986
119400.0,-428.1720810450953,26.04649867018913
119460.0,-286.5595917042854,26.148444403771297
119520.0,-369.58760985447867,26.216672877986603
119580.0,-440.58646217661675,26.304669927951956
119640.0,-312.5763120337905,26.409571466565435
119700.0,-356.31280205743974,26.48399439800205
119760.0,-479.65218714307673,26.568830779444298
119820.0,-307.0505459920076,26.68303368114503
119880.0,-384.03022901840467,26.75614095400027
119940.0,-434.02031166175624,26.847576722814175
120000.0,-347.81904616544585,26.95091489225745
120060.0,-443.4703548052991,27.033728950868273
120120.0,-464.48095645688943,27.13931713058382
120180.0,-512.1527406291802,27.249907834502128
120240.0,-447.33281275912634,27.37184896322336
120300.0,-463.32646541233925,27.47835677578506
120360.0,-500.6897161452057,27.588672600883235
120420.0,-558.5860638754491,27.707884438060667
120480.0,-512.9753488476231,27.840881119935773
120540.0,-534.5106681008584,27.963018107756636
120600.0,-619.8496097616962,28.090282552542554
120660.0,-637.6345966482215,28.237865792962005
120720.0,-524.8671600698116,28.389683554068725
120780.0,-724.3054985205305,28.514651925513917
120840.0,-565.2482815460698,28.687105615637854
120900.0,-615.6030534852224,28.82168853981549
120960.0,-517.732459391105,28.96826069540721
121020.0,-635.1081673009203,29.091530328595567
121080.0,-575.1670964401634,29.24274655890531
121140.0,-647.7499501081537,29.379691105676777
121200.0,-626.2717540914917,29.533917284273958
121260.0,-598.0102028697402,29.683029606676694
121320.0,-679.059407770275,29.825412988312348
121380.0,-600.5600673224692,29.98709379968622
121440.0,-728.9838766130943,30.130084291905856
121500.0,-660.6561625910381,30.30365188157564
121560.0,-631.9039167324515,30.46095096790684
121620.0,-656.5512217902931,30.611404281414565
121680.0,-590.0183343396649,30.767726000888445
121740.0,-759.6231195900764,30.908206556683602
121800.0,-805.3374335723549,31.08906920420505
121860.0,-790.9801060519263,31.280816212198467
121920.0,-700.3846004489253,31.4691448088775
121980.0,-718.7864093859912,31.635903047079623
122040.0,-751.1363462868433,31.807042668362
122100.0,-833.2183226118575,31.985884655573155
122160.0,-728.35708338848,32.18426997048074
122220.0,-856.3385804010502,32.35768832366848
122280.0,-721.7653362247752,32.561578461859206
122340.0,-628.2607700253755,32.73342735143653
122400.0,-786.0834283263537,32.88301324906162
122460.0,-781.4060068647179,33.070175970091704
122520.0,-854.2445815832043,33.25622501934521
122580.0,-941.5247313740483,33.459616586388826
122640.0,-877.2724072882388,33.68378914147789
122700.0,-914.8385971152427,33.89266352416556
122760.0,-944.1990712304548,34.11048223776443
122820.0,-762.1093498094237,34.33529154043835
122880.0,-857.1095448109775,34.51674614753583
122940.0,-858.6885596893965,34.720819848681295
123000.0,-907.9578179784558,34.9252695057502
123060.0,-907.693523598097,35.141449938602214
123120.0,-847.3111034486841,35.357567444220805
123180.0,-914.945346121867,35.55930818313716
123240.0,-888.9425352766259,35.77715231316618
123300.0,-940.2815519878297,35.988805297755846
123360.0,-956.7456548832935,36.21268185775295
123420.0,-1028.284580630692,36.44047844224897
123480.0,-1070.1459849164662,36.68530810430389
123540.0,-974.7441280796663,36.94010476737924
123600.0,-963.1880504124243,37.1721867026363
123660.0,-1051.2311611574496,37.401517190829736
123720.0,-983.5754320853398,37.65181032443865
123780.0,-985.6834477623904,37.88599495112563
123840.0,-1125.628829912245,38.120681486307156
123900.0,-1058.4936706602416,38.388688350571975
123960.0,-986.426299588298,38.640710653110126
124020.0,-994.8726591385146,38.87557405777401
124080.0,-1094.5088418867344,39.11244850042604
124140.0,-1022.9317484880637,39.373045843732406
124200.0,-978.2026089129429,39.61660102194385
124260.0,-999.989207009996,39.84950640501836
124320.0,-1059.3554090282632,40.08759907335407
124380.0,-1088.6996558455796,40.33982655169413
124440.0,-1105.3227009096222,40.59904075546689
124500.0,-1046.3919394352135,40.86221282711204
124560.0,-1069.6121210081292,41.111353765072806
124620.0,-1050.369487469394,41.36602331769379
124680.0,-1086.9947982050262,41.61611129090079
124740.0,-1052.5130132460326,41.8749195761877
124800.0,-1102.6530371160734,42.12551791267485
124860.0,-1067.895109880924,42.38805435008344
124920.0,-1069.3330025447476,42.642315090531284
124980.0,-1176.4179796743922,42.896918186375274
125040.0,-1243.1570976658602,43.177017705345364
125100.0,-1048.5389967508518,43.4730074905039
125160.0,-1132.187175746264,43.72265963258744
125220.0,-1256.8519785047038,43.99222800776512
125280.0,-1203.1660864829296,44.29147847883767
125340.0,-1120.3364881035727,44.57794659466693
125400.0,-1189.6994894818013,44.84469337754874
125460.0,-1209.8703689557778,45.12795516075869
125520.0,-1101.2794091878723,45.41601953431959
125580.0,-1254.3129793928742,45.678228917459556
125640.0,-1245.4661319797528,45.97687486493405
125700.0,-1190.952626661962,46.27341442016732
125760.0,-1186.2250606169214,46.55697456937255
125820.0,-1185.8459218971066,46.83940910761467
125880.0,-1166.8839214059706,47.12175337473303
125940.0,-1215.5326836879651,47.399582879829694
126000.0,-1203.930999562711,47.688995423564926
126060.0,-1254.650603339082,47.975645661556044
126120.0,-1241.097474586074,48.2743719956844
126180.0,-1244.12589374996,48.56987139439537
126240.0,-1243.3478060805676,48.86609184528822
126300.0,-1215.5341619970047,49.16212703721216
126360.0,-1234.1676984940864,49.45153993292573
126420.0,-1270.3702647120338,49.74538938494813
126480.0,-1327.0745673864442,50.04785849559386
126540.0,-1279.9272532291554,50.363828630685866
126600.0,-1291.0858300653676,50.66857321478805
126660.0,-1283.187730871176,50.97597460289885
126720.0,-1167.7175107733528,51.28149549120151
126780.0,-1336.8222506181849,51.55952346995707
126840.0,-1285.3017568745647,51.87781448200902
126900.0,-1251.7308537667755,52.1838387098363
126960.0,-1315.1141127087403,52.48186986549506
127020.0,-1185.8352425646412,52.79499227328285
127080.0,-1353.8560024044077,53.077333997703
127140.0,-1316.7518586399615,53.399680664942146
127200.0,-1389.1048928272944,53.713193012237376
127260.0,-1367.2030330370535,54.043932272434354
127320.0,-1336.0660737527123,54.369456804109845
127380.0,-1305.0698752695491,54.68756777405097
127440.0,-1341.503781897528,54.998298696734196
127500.0,-1289.8591659804788,55.31770435909075
127560.0,-1375.8156811448887,55.624813684324195
127620.0,-1394.7145877275198,55.95238884650155
127680.0,-1217.1669769453665,56.28446374834144
127740.0,-1360.3282109725526,56.57426540951891
127800.0,-1431.6824124694158,56.89815307879809
127860.0,-1434.6549416133453,57.23902984367176
127920.0,-1453.999935645357,57.5806143535797
127980.0,-1345.6393145959642,57.92680481444764
128040.0,-1428.0446398164881,58.24719512744668
128100.0,-1402.8428513249019,58.587205755974416
128160.0,-1418.5516689136869,58.92121595867082
128220.0,-1375.061982652826,59.25896635603122
128280.0,-1473.9202601906186,59.58636206618666
128340.0,-1491.7676264277657,59.93729546147014
128400.0,-1417.8465906776416,60.29247822966723
128460.0,-1399.271354913244,60.63006075125715
128520.0,-1419.3546768052104,60.963220597665064
128580.0,-1491.8046412221559,61.30116218738059
128640.0,-1406.4721046799118,61.65635376862396
128700.0,-1495.5894819974417,61.99122807926203
128760.0,-1486.0395073588716,62.347320813070944
128820.0,-1515.126371451416,62.701139743394485
128880.0,-1384.114117433242,63.06188411754958
128940.0,-1427.8251497444985,63.39143509789083
129000.0,-1433.1299077211484,63.73139346687761
129060.0,-1398.1480163940018,64.07261487347789
129120.0,-1307.7249411260113,64.4055072583336
129180.0,-1582.4925397090326,64.71687033955408
129240.0,-1527.6484096004065,65.09365427758004
129300.0,-1523.6748062534007,65.45738008938966
129360.0,-1541.0634922396894,65.82015980516428
129420.0,-1557.930733490336,66.18707968426897
129480.0,-1514.4676398641407,66.55801557319523
129540.0,-1572.6485744324182,66.91860310649622
129600.0,-1482.6647684258878,67.29304324326584
129660.0,-1502.7313199383386,67.64605866431963
129720.0,-1479.9882451822182,68.00385183573351
129780.0,-1481.3537292756823,68.35622998934832
129840.0,-1478.555111395278,68.70893325822348
129900.0,-1540.0086505576323,69.06097018950807
129960.0,-1393.1544992421518,69.42763891583131
130020.0,-1509.126515780124,69.75934236803182
130080.0,-1637.660931894809,70.11865820512233
130140.0,-1588.7239356448458,70.50857747462109
130200.0,-1635.6310915407932,70.88684507834606
130260.0,-1532.730231225048,71.27628105252244
130320.0,-1543.5977944318465,71.64121682186173
130380.0,-1566.8638713471887,72.00874010625027
130440.0,-1420.5211904162015,72.3818029327615
130500.0,-1510.6056958743452,72.72002226381298
130560.0,-1502.2960671028852,73.0796902866402
130620.0,-1603.9929752932194,73.43737982642661
130680.0,-1610.2930625604713,73.81928291578214
130740.0,-1550.3009587835775,74.20268602591558
130800.0,-1544.2428090295382,74.57180530181644
130860.0,-1668.0648233179102,74.93948216110918
130920.0,-1569.5163016754477,75.33664045237535
130980.0,-1559.8140831873936,75.71033480991713
131040.0,-1575.4765823235998,76.08171911543793
131100.0,-1613.228899053363,76.45683258741974
131160.0,-1598.6039680963277,76.84093470624197
131220.0,-1578.598257696828,77.22155469864586
131280.0,-1564.2419466070462,77.59741142666891
131340.0,-1535.0540169880771,77.96984998538488
131400.0,-1508.0899564254194,78.33533903704871
131460.0,-1592.1501946388714,78.69440807429287
131520.0,-1603.3548260736789,79.07349145396878
131580.0,-1551.1702944113617,79.45524260303395
131640.0,-1542.1711166844289,79.82456886360808
131700.0,-1606.2139517782857,80.19175246281866
131760.0,-1534.0263115496082,80.5741843560992
131820.0,-1523.9106194377075,80.93942871599197
131880.0,-1506.3681442411157,81.30226457776286
131940.0,-1478.3013918752838,81.66092365972503
132000.0,-1638.0646019352632,82.0129001816001
132060.0,-1586.272355185924,82.40291556301327
132120.0,-1587.4037825767516,82.78059945710515
132180.0,-1594.8865954800146,83.15855273867105
132240.0,-1628.8271939485394,83.53828764235676
132300.0,-1679.821839008875,83.92610364091594
132360.0,-1585.8914791615239,84.32606122163234
132420.0,-1638.2651063017152,84.70365443095652
132480.0,-1587.6630412343948,85.09371755150454
132540.0,-1641.0714795479153,85.47173256132226
132600.0,-1659.9618916831912,85.86246386597652
132660.0,-1580.4252956592711,86.25769288780586
132720.0,-1585.875972275091,86.6339846248676
132780.0,-1560.5696525003423,87.01157414207594
132840.0,-1464.5172742861923,87.38313834505222
132900.0,-1579.3214650508894,87.73183293416798
132960.0,-1567.0908615466785,88.10786185441819
133020.0,-1661.033561051611,88.48097872621501
133080.0,-1673.7256159873934,88.87646290741777
133140.0,-1501.6198591361292,89.2749690064624
133200.0,-1652.0240332260626,89.63249754435195
133260.0,-1659.2246735403564,90.02583659988197
133320.0,-1598.8539102043187,90.42089009358206
133380.0,-1601.7866310816091,90.80156959601166
133440.0,-1650.339758783823,91.1829473653168
133500.0,-1614.2492218019975,91.57588540312248
133560.0,-1521.8969337502454,91.96023045593249
133620.0,-1643.6749412925446,92.32258686873017
133680.0,-1678.5387358669068,92.71393804522839
133740.0,-1537.9130622369019,93.1135901251967
133800.0,-1564.4284069465962,93.47975990191976
133860.0,-1630.6421516879047,93.85224285595467
133920.0,-1687.733162228255,94.24049098730893
133980.0,-1636.8199691761752,94.64233221641089
134040.0,-1594.711608217049,95.03205125669093
134100.0,-1520.7231687596122,95.41174449674261
134160.0,-1652.0399752348987,95.77382144168539
134220.0,-1594.0452574457784,96.16716429293179
134280.0,-1547.5418750356343,96.54669887803793
134340.0,-1729.9506066679987,96.91516122923689
134400.0,-1524.0189709182357,97.3270542308245
134460.0,-1655.9123569530466,97.68991589056694
134520.0,-1563.912427559189,98.0
134580.0,-1567.8457039147256,98.0
134640.0,-1516.333796790369,98.0
134700.0,-1547.0636091735805,98.0
134760.0,-1721.4144525513163,98.0
134820.0,-1624.4696452786006,98.0
134880.0,-1567.6444257735982,98.0
134940.0,-1586.1374069572457,98.0
135000.0,-1544.2319510896757,98.0
135060.0,-1523.9247492742497,98.0
135120.0,-1533.1260208013905,98.0
135180.0,-1580.7843086697374,98.0
135240.0,-1676.9510969260705,98.0
135300.0,-1591.6912667243164,98.0
135360.0,-1537.5203463201528,98.0
135420.0,-1626.0179202465913,98.0
135480.0,-1520.7519383159217,98.0
135540.0,-1502.1109312104315,98.0
135600.0,-1546.937472095678,98.0
135660.0,-1736.2601858407047,98.0
135720.0,-1626.9516292667124,98.0
135780.0,-1434.8770329981535,98.0
135840.0,-1578.5719193837572,98.0
135900.0,-1662.5088236717206,98.0
135960.0,-1466.975371542714,98.0
136020.0,-1537.8683688256713,98.0
136080.0,-1469.9023701658732,98.0
136140.0,-1517.0600825998215,98.0
136200.0,-1503.5926716024755,98.0
136260.0,-1506.7042011495996,98.0
136320.0,-1483.9640215091672,98.0
136380.0,-1386.4461957568683,98.0
136440.0,-1462.0605952929768,98.0
136500.0,-1612.3206515597722,98.0
136560.0,-1487.8303985971233,98.0
136620.0,-1443.2216379521378,98.0
136680.0,-1436.5795469494728,98.0
136740.0,-1531.3198434325477,98.0
136800.0,-1432.7597874002429,98.0
136860.0,-1443.8759048127008,98.0
136920.0,-1342.0246083947031,98.0
136980.0,-1538.162303572397,98.0
137040.0,-1520.3442471701817,98.0
137100.0,-1504.9569681532353,98.0
137160.0,-1512.644499043008,98.0
137220.0,-1533.2256261973987,98.0
137280.0,-1642.1301248918246,98.0
137340.0,-1498.9489158062474,98.0
137400.0,-1447.1550949529576,98.0
137460.0,-1495.31193904958,98.0
137520.0,-1345.9503674940363,98.0
137580.0,-1457.5780035360458,98.0
137640.0,-1377.1789710018768,98.0
137700.0,-1435.1686457826604,98.0
137760.0,-1397.435729764608,98.0
137820.0,-1426.3852632050816,98.0
137880.0,-1357.0857068825449,98.0
137940.0,-1431.883043701682,98.0
138000.0,-1401.4525262354964,98.0
138060.0,-1405.1740545828134,98.0
138120.0,-1440.3394728154897,98.0
138180.0,-1394.5859299157082,98.0
138240.0,-1280.618584302279,98.0
138300.0,-1426.6569903476422,98.0
138360.0,-1380.9713792441144,98.0
138420.0,-1326.3334795910473,98.0
138480.0,-1329.0009700783473,98.0
138540.0,-1392.2843012696048,98.0
138600.0,-1531.5170606408699,98.0
138660.0,-1352.9935187918607,98.0
138720.0,-1512.6017557047335,98.0
138780.0,-1286.6305078498967,98.0
138840.0,-1360.007747481858,98.0
138900.0,-1305.5013412660942,98.0
138960.0,-1414.8703870578388,98.0
139020.0,-1449.1126068105075,98.0
139080.0,-1335.4920088392757,98.0
139140.0,-1348.2854368139626,98.0
139200.0,-1370.8506554953456,98.0
139260.0,-1331.3246941734797,98.0
139320.0,-1165.3617454178343,98.0
139380.0,-1276.2974307182994,98.0
139440.0,-1258.317822986411,98.0
139500.0,-1265.5281878022213,98.0
139560.0,-1222.2313963594831,98.0
139620.0,-1317.196386865344,98.0
139680.0,-1423.8291408075074,98.0
139740.0,-1306.5685975428441,98.0
139800.0,-1241.2180229716405,98.0
139860.0,-1342.7378719171068,98.0
139920.0,-1289.7186127214686,98.0
139980.0,-1315.1889511621125,98.0
140040.0,-1178.066604660524,98.0
140100.0,-1217.6861935283196,98.0
140160.0,-1217.9862728590576,98.0
140220.0,-1214.167747643764,98.0
140280.0,-1248.0440985616838,98.0
140340.0,-1228.2614642427752,98.0
140400.0,-1305.4921749709279,98.0
140460.0,-1359.7946194824358,98.0
140520.0,-1213.7911558881199,98.0
140580.0,-1197.505634399953,98.0
140640.0,-1138.4994857417587,98.0
140700.0,-1110.8469859301802,98.0
140760.0,-1104.9606468610577,98.0
140820.0,-1253.037219734538,98.0
140880.0,-1208.2489626464226,98.0
140940.0,-1152.2124485915083,98.0
141000.0,-1023.0000420078256,98.0
141060.0,-1079.9527384523908,98.0
141120.0,-1095.4019617538038,98.0
141180.0,-1179.603083488833,98.0
141240.0,-1203.0608936360777,98.0
141300.0,-1096.4308282961274,98.0
141360.0,-1203.4648195392638,98.0
141420.0,-1145.3548048486925,98.0
141480.0,-1131.5225993449653,98.0
141540.0,-1022.6124948968354,98.0
141600.0,-1132.984536118787,98.0
141660.0,-1251.5375143608144,98.0
141720.0,-1068.3602361676778,98.0
141780.0,-1133.9773264556231,98.0
141840.0,-1082.8521556115545,98.0
141900.0,-1083.9513827328071,98.0
141960.0,-1088.4756859908923,98.0
142020.0,-1017.902798944905,98.0
142080.0,-1150.5305362545262,98.0
142140.0,-1082.7807088390982,98.0
142200.0,-1003.8847743934441,98.0
142260.0,-1074.9054915338888,98.0
142320.0,-1127.6885053363703,98.0
142380.0,-984.113001839419,98.0
142440.0,-949.8735661365656,98.0
142500.0,-1012.9587598625869,98.0
142560.0,-1120.8766487809685,98.0
142620.0,-953.8018357833245,98.0
142680.0,-1088.6548237697352,98.0
142740.0,-963.4027276589954,98.0
142800.0,-1028.015430911652,98.0
142860.0,-1037.162840407595,98.0
142920.0,-986.860111957618,98.0
142980.0,-964.0847192773579,98.0
143040.0,-984.4492249425788,98.0
143100.0,-903.153088475717,98.0
143160.0,-957.886876914846,98.0
143220.0,-864.9277477638705,98.0
143280.0,-899.4545363381186,98.0
143340.0,-950.7335093372807,98.0
143400.0,-953.3612297965688,98.0
143460.0,-992.7491690695083,98.0
143520.0,-868.9199354477571,98.0
143580.0,-900.0738814623571,98.0
143640.0,-1013.5354180594069,98.0
143700.0,-895.7221803666644,98.0
143760.0,-909.9876648691088,98.0
143820.0,-753.7022268422531,98.0
143880.0,-942.6979742637678,98.0
143940.0,-919.2719895950768,98.0
144000.0,-758.4239501998723,98.0
144060.0,-735.8192252047205,98.0
144120.0,-854.0987725373877,98.0
144180.0,-839.4718213529906,98.0
144240.0,-756.6917182822081,98.0
144300.0,-925.3834960996315,98.0
144360.0,-889.4934952495951,98.0
144420.0,-786.7031492572146,98.0
144480.0,-668.8760948027713,98.0
144540.0,-779.9970396324559,98.0
144600.0,-739.7542660517712,98.0
144660.0,-669.7141039574859,98.0
144720.0,-603.2333268843965,98.0
144780.0,-756.1364524056294,98.0
144840.0,-714.3892844828728,98.0
144900.0,-595.883932768604,98.0
144960.0,-788.3422223561541,98.0
145020.0,-627.1335060009274,98.0
145080.0,-741.6407239985399,98.0
145140.0,-666.1224252969932,98.0
145200.0,-678.5326781815279,98.0
145260.0,-713.1370348652047,98.0
145320.0,-706.2995397085875,98.0
145380.0,-622.362179103819,98.0
145440.0,-570.8250836122345,98.0
145500.0,-629.9290609561963,98.0
145560.0,-609.5028495829999,98.0
145620.0,-570.981516318592,98.0
145680.0,-655.0692490268829,98.0
145740.0,-543.8888504521092,98.0
145800.0,-530.5864888312626,98.0
145860.0,-414.984850010615,98.0
145920.0,-585.2030013415774,98.0
145980.0,-581.5352428391046,98.0
146040.0,-499.305529506207,98.0
146100.0,-487.6702456826743,98.0
146160.0,-560.274916217917,98.0
146220.0,-543.6931318874889,98.0
146280.0,-478.35001997293045,98.0
146340.0,-551.7685660757707,98.0
146400.0,-518.0226683894246,98.0
146460.0,-479.2739966538303,98.0
146520.0,-416.1343377174555,98.0
146580.0,-503.39018739251543,98.0
146640.0,-568.8638249658231,98.0
146700.0,-564.5063339054448,98.0
146760.0,-516.248613869034,98.0
146820.0,-510.63123317517864,98.0
146880.0,-432.2595401673112,98.0
146940.0,-485.4422084289329,98.0
147000.0,-447.38638466163684,98.0
147060.0,-442.763522436902,98.0
147120.0,-413.8321367351625,98.0
147180.0,-299.12114161280266,98.0
147240.0,-329.8111586969499,98.0
147300.0,-359.60418173368646,98.0
147360.0,-379.26522856890455,98.0
147420.0,-368.6175499076058,98.0
147480.0,-313.96744485653545,98.0
147540.0,-289.5799140661568,98.0
147600.0,-370.0746053962438,98.0
147660.0,-304.4063750074402,98.0
147720.0,-419.46073559942,98.0
147780.0,-275.8202680681406,98.0
147840.0,-233.74539317944902,98.0
147900.0,-287.2219731596745,98.0
147960.0,-152.3625452646773,98.0
148020.0,-305.1581395377998,98.0
148080.0,-230.1610004459127,98.0
148140.0,-236.2750051308139,98.0
148200.0,-231.05656548843342,98.0
148260.0,-222.80690932552682,98.0
148320.0,-200.42644931340925,98.0
148380.0,-146.8773167618312,98.0
148440.0,-105.99030722777917,98.0
148500.0,-179.68732846962791,98.0
148560.0,-121.53002811250673,98.0
148620.0,-203.45119941868694,98.0
148680.0,-106.28423407537343,98.0
148740.0,-188.85830814179042,98.0
148800.0,-68.59805312439869,98.0
148860.0,7.6996815945915955,98.0
148920.0,-123.16793929680614,97.99816674247748
148980.0,-238.30339972394688,98.0
149040.0,-130.5475480359899,98.0
149100.0,-14.668303716544528,98.0
149160.0,-46.31987503623412,98.0
149220.0,-55.5001527703958,98.0
149280.0,-0.8529674123097379,98.0
149340.0,-23.252386415357137,98.0
149400.0,29.788147618102414,98.0
149460.0,20.924203580260667,97.99290758390045
149520.0,66.08402574077081,97.98792563066705
149580.0,5.321186822182369,97.972191338824
149640.0,47.107742381588025,97.97092438958063
149700.0,-16.650243642754276,97.95970826044216
149760.0,-25.33951999119455,97.96367260416662
149820.0,122.10956700460383,97.96970582321214
149880.0,41.61487414122041,97.94063211678247
149940.0,85.85727750693775,97.93072381341551
150000.0,53.89250598533812,97.91028160448529
150060.0,20.161672358241958,97.89745005544117
150120.0,64.87595567648015,97.89264965726063
150180.0,159.2198644704123,97.87720300114718
150240.0,115.1957322876666,97.8392935096066
150300.0,-12.009115266736387,97.81186595430002
150360.0,86.53836066706504,97.81472526745877
150420.0,215.1391680424357,97.79412089587137
150480.0,104.09593742589601,97.7428972844327
150540.0,17.589856169430732,97.71811253742653
150600.0,247.86786885942496,97.71392447643382
150660.0,183.86526947499596,97.65490831718158
150720.0,147.32703700796645,97.61113087206849
150780.0,137.81700767663654,97.57605300611421
150840.0,233.58447739656503,97.54323943285786
150900.0,144.63151218189012,97.48762408109677
150960.0,254.5177448625185,97.45318800676775
151020.0,226.58941744295515,97.39258854370524
151080.0,217.136248727601,97.3386386824093
151140.0,219.54492571735545,97.28693957556939
151200.0,208.63449487131723,97.23466697420811
151260.0,290.1481083122253,97.18499209447684
151320.0,183.7235729163812,97.11590921154536
151380.0,146.51911234644817,97.07216550370812
151440.0,288.8462415180569,97.03728000076849
151500.0,297.95277058588715,96.96850708612133
151560.0,296.9436683795515,96.89756595026755
151620.0,300.5943734945463,96.82686507684384
151680.0,264.8490995041417,96.75529498791657
151740.0,339.2293316515868,96.69223567851083
151800.0,297.0923248032134,96.61146679002235
151860.0,278.3896187285506,96.54073052221206
151920.0,296.6373127328517,96.47444727965764
151980.0,444.26581427183646,96.40381934805458
152040.0,226.54631261526308,96.29804177322795
152100.0,368.1889150045406,96.24410217498622
152160.0,244.94954041980398,96.15643814760419
152220.0,346.63294689294264,96.09811682845663
152280.0,334.47475726548817,96.01558517443449
152340.0,242.68925568746795,95.93594832746652
152400.0,398.36322825292757,95.87816517135046
152460.0,359.3785381069632,95.7833167836712
152520.0,263.31644915388483,95.69775046507431
152580.0,446.6573812267338,95.63505607241862
152640.0,489.32285849113174,95.52870907688845
152700.0,499.49210055087866,95.41220363439056
152760.0,438.40533731021065,95.29327694378321
152820.0,426.3340690265236,95.18889472061412
152880.0,509.88004622447386,95.08738660894113
152940.0,537.669246248831,94.9659865979353
153000.0,511.18947743696606,94.8379701107332
153060.0,393.04374203545524,94.71625833039106
153120.0,467.88677214061113,94.62267648704928
153180.0,488.3544326887553,94.51127487463485
153240.0,359.4889233657465,94.39500000970895
153300.0,502.2128741783546,94.30940740890759
153360.0,616.3164938612034,94.1898329150556
153420.0,524.1169126786464,94.0430908927077
153480.0,579.8047481329492,93.91830115159374
153540.0,507.9468727076865,93.78025240203827
153600.0,498.0409394744754,93.65931267044121
153660.0,530.6594761592835,93.54073149437586
153720.0,464.0667723524318,93.41438400005222
153780.0,460.3038026441583,93.30389191139689
153840.0,599.0998250805405,93.19429576791019
153900.0,610.326914206387,93.05165295241483
153960.0,473.2544070553549,92.90633702046092
154020.0,595.4003889391545,92.79365739973346
154080.0,536.5630718441271,92.651895402367
154140.0,566.4847192800917,92.52414229002316
154200.0,577.8743787529022,92.38926497590886
154260.0,613.9303200992867,92.25167583811054
154320.0,563.0759000764253,92.10550195237262
154380.0,646.3927962817248,91.97143626187824
154440.0,583.8344592359241,91.8175332151445
154500.0,606.0109275682347,91.67852501056451
154560.0,521.6415713274234,91.53423669447683
154620.0,703.9996238852502,91.41003632035125
154680.0,605.245358990799,91.24241736228333
154740.0,622.089080179662,91.09831132442838
154800.0,484.59466544467534,90.95019487676656
154860.0,532.9316975192356,90.83481519451783
154920.0,657.7380814432194,90.70792669510848
154980.0,601.812585739141,90.55132239000295
155040.0,470.86880330904415,90.40803367911268
155100.0,649.0514678387397,90.29592205927719
155160.0,555.1472229652248,90.14138599550606
155220.0,673.434595464516,90.00920808527624
155280.0,584.4277314460054,89.84886651492755
155340.0,602.8831382315495,89.70971705505946
155400.0,662.2011177381949,89.56617345071861
155460.0,538.437297646693,89.4085065179238
155520.0,533.4987271873281,89.28030716134126
155580.0,582.02163130308,89.15328365486808
155640.0,644.1429751489146,89.0147070759864
155700.0,515.3198557035613,88.86133970095094
155760.0,495.70886962958593,88.738644497212
155820.0,645.7910000203916,88.62061857587162
155880.0,560.7239764168793,88.466858813962
155940.0,573.861980330621,88.33335310529132
156000.0,486.43753654784456,88.1967193004507
156060.0,557.5156088563199,88.08090083936787
156120.0,598.1659738504977,87.94815902773541
156180.0,654.7656289016919,87.80573855777101
156240.0,552.949275805884,87.64984197946109
156300.0,698.9028603047852,87.5181873899835
156360.0,558.5811301863657,87.35178194705378
156420.0,558.8201014627899,87.21878643986655
156480.0,692.155044029009,87.08573403475636
156540.0,612.6660048703689,86.92093521474945
156600.0,566.8785162593053,86.77506235644698
156660.0,590.6704078576981,86.64009128114715
156720.0,681.0980055676644,86.49945546975246
156780.0,687.7777787354413,86.33728927795063
156840.0,550.6469008809385,86.173532663966
156900.0,596.9142644860889,86.04242625899435
156960.0,604.6324954400167,85.9003038150691
157020.0,539.7685508133226,85.75634369710718
157080.0,595.2789084893672,85.62782737548497
157140.0,598.5737393445409,85.48609430203511
157200.0,666.2587294004586,85.34357674504832
157260.0,669.84104280451,85.18494371423868
157320.0,577.1501112693591,85.02545775166618
157380.0,583.5305557661154,84.88804105850681
157440.0,635.6484837462699,84.74910521189584
157500.0,560.0611839247501,84.59776033481339
157560.0,629.8310162758855,84.46441243387892
157620.0,588.5371472848135,84.31445266809895
157680.0,534.9056209930473,84.17432477588828
157740.0,534.8766731251939,84.04696629469946
157800.0,678.2873647845621,83.91961470586013
157860.0,581.2154483217199,83.75811771424476
157920.0,688.119117796126,83.61973308369197
157980.0,557.9374006690186,83.45589519850242
158040.0,605.2465032942778,83.32305296024789
158100.0,730.3146754808049,83.17894664993973
158160.0,522.252382718983,83.00506220339669
158220.0,470.7302486475981,82.88071639798741
158280.0,660.6604680453295,82.76863776735703
158340.0,532.6852725803973,82.61133765591767
158400.0,579.8434322709938,82.48450782911281
158460.0,544.6863845417269,82.34644986904829
158520.0,594.6510181121035,82.21676263463358
158580.0,520.2134187135143,82.0751790588926
158640.0,565.0985576387721,81.95131872110368
158700.0,601.4987632518241,81.8167714454754
158760.0,512.5921880588668,81.67355745422496
158820.0,529.6330521766768,81.55151169516333
158880.0,549.30950028687,81.42540858750222
158940.0,482.90544258262327,81.29462061124345
159000.0,541.7306579204038,81.17964312491425
159060.0,572.6306446543481,81.0506596349332
159120.0,539.9175844160982,80.91431900525359
159180.0,545.965288070756,80.78576719944023
159240.0,559.3813853437282,80.65577546418528
159300.0,519.5293081586696,80.52258942005582
159360.0,598.6075013394259,80.39889196573233
159420.0,641.5442537113129,80.25636637017533
159480.0,525.7371420824672,80.1036177383393
159540.0,580.8994393444954,79.97844222831966
159600.0,535.5718826762685,79.84013283799955
159660.0,570.0139182326144,79.71261572307662
159720.0,640.1422318727123,79.57689812349743
159780.0,574.8014552996162,79.42448330638487
159840.0,435.9397016653645,79.28762581702782
159900.0,567.6239046856673,79.18383064996463
159960.0,612.373123024144,79.04868210122996
160020.0,523.1008399443557,78.90287897670039
160080.0,594.1088352268243,78.77833115766602
160140.0,490.917424300362,78.6368766730882
160200.0,441.1257414495464,78.5199915720643
160260.0,536.6427444999264,78.41496163362393
160320.0,420.67994659577033,78.28718955160014
160380.0,509.5603276110387,78.18702765955352
160440.0,599.0179143030145,78.06570377202708
160500.0,405.06580677000443,77.92308045909779
160560.0,440.7100500551876,77.82663621939065
160620.0,453.37093621999617,77.72170525509179
160680.0,509.2920914461954,77.61375979408703
160740.0,488.9327494512708,77.49249977231413
160800.0,592.5951365998736,77.37608721292098
160860.0,563.6664354635099,77.23499313277816
160920.0,533.8685397399073,77.10078683862018
160980.0,510.6253133035957,76.97367528153924
161040.0,523.205974043511,76.85209782599077
161100.0,445.6079559313982,76.72752497502803
161160.0,546.4648981845747,76.62142784266341
161220.0,426.00632179740273,76.49131715261946
161280.0,540.5402647442199,76.38988707600103
161340.0,559.2674756819688,76.26118701296669
161400.0,498.42533549593924,76.12802809018527
161460.0,472.8691002627472,76.00935539125766
161520.0,505.1234265746399,75.89676751024271
161580.0,307.0718309405646,75.77650002772494
161640.0,494.5523045216512,75.7033876870248
161700.0,467.2658465944395,75.58563713832918
161760.0,468.67668604665374,75.4743833653305
161820.0,511.75123049491685,75.36279367817653
161880.0,462.51627549944715,75.24094814710631
161940.0,396.2319525087623,75.13082522436835
162000.0,453.801570649899,75.03648428329484
162060.0,463.98042639661725,74.92843629028296
162120.0,464.4650770733235,74.81796476018853
162180.0,464.927300447649,74.70737783707584
162240.0,515.2190936856047,74.59668086077878
162300.0,385.34196539072343,74.47400964799648
162360.0,458.69597970090996,74.38226156099869
162420.0,523.2030178889913,74.27304823249847
162480.0,339.38773573949277,74.14847608538204
162540.0,451.90485017070176,74.06766948163454
162600.0,403.66991741478705,73.96007308873675
162660.0,414.2220492284246,73.86396120363798
162720.0,379.8542372398441,73.76533690620265
162780.0,421.6541253763882,73.67489542114555
162840.0,539.9939386187673,73.57450158177022
162900.0,351.3516441562024,73.4459315963848
162960.0,354.74762964733156,73.36227644301427
163020.0,344.52327975731026,73.27781272166966
163080.0,524.0083867836764,73.19578336934649
163140.0,390.3560964040407,73.07101946773132
163200.0,414.3010106175166,72.97807754001607
163260.0,389.425363103592,72.87943444225
163320.0,354.69047607005183,72.78671411770152
163380.0,395.02124759254195,72.7022640043515
163440.0,554.4106637235238,72.60821132635328
163500.0,488.2377723303189,72.47620878737149
163560.0,351.34680203647457,72.35996169872142
163620.0,439.1995215574595,72.27630769823655
163680.0,348.2885196385845,72.17173638358001
163740.0,289.44579094966724,72.08881054557082
163800.0,455.0599567373934,72.019894881059
163860.0,461.37014058070577,71.911547272312
163920.0,452.41710536790526,71.8016972388404
163980.0,359.3658951132541,71.69397888041948
164040.0,375.46984195237684,71.60841557205919
164100.0,428.39591833803445,71.51901799064196
164160.0,404.8486468388761,71.41701896246623
164220.0,355.7051034394213,71.32062642750459
164280.0,280.1593347093808,71.23593473620949
164340.0,382.1325204645308,71.16923013270726
164400.0,438.053262602591,71.07824619926332
164460.0,299.4866009539802,70.97394780340557
164520.0,407.7134322343655,70.9026414698451
164580.0,387.3433077855967,70.80556684312262
164640.0,410.53980343123885,70.7133422460308
164700.0,415.94689355856286,70.61559467378527
164760.0,320.07543945457405,70.51655969912846
164820.0,262.8584854732692,70.44035126116309
164880.0,326.01543989184415,70.37776590747897
164940.0,409.5428309223277,70.3001431836952
165000.0,321.86169945193905,70.20263298585655
165060.0,310.9443711471509,70.12599924789181
165120.0,241.52940685862757,70.05196487380915
165180.0,454.21127316559216,69.99445787217614
165240.0,396.8558736441367,69.88631233094624
165300.0,391.7861903571085,69.79182283722145
165360.0,401.95416176207857,69.69854041094594
165420.0,376.8102592688937,69.60283703909782
165480.0,325.88413003488785,69.51312031070047
165540.0,329.07316814144866,69.43552885116836
165600.0,311.6194111965262,69.35717809684897
165660.0,493.7511309884513,69.28298299894503
165720.0,367.43401463433554,69.16542320585255
165780.0,304.6831003134664,69.07793891665389
165840.0,358.89201925143834,69.00539532134117
165900.0,268.78043313905647,68.91994484056701
165960.0,418.19260617296527,68.85594949934342
166020.0,286.7669743683422,68.756379831207
166080.0,355.0244409934111,68.68810198016692
166140.0,387.46543426107405,68.60357235135896
166200.0,345.15959890426933,68.5113186765349
166260.0,326.32761898012507,68.42913781965294
166320.0,319.9126697706258,68.35144076751482
166380.0,314.50235819109287,68.2752710842361
166440.0,281.93030396461535,68.20038957038108
166500.0,288.22565650801306,68.13326330753236
166560.0,402.6515371521989,68.06463815122093
166620.0,306.06431057068806,67.96876873761326
166680.0,264.14799975783666,67.89589628271548
166740.0,279.0559877838295,67.83300390182076
166800.0,374.81287370697,67.76656199996746
166860.0,348.1024577918728,67.67732083956105
166920.0,339.97978608502854,67.59443930199156
166980.0,289.72119374486266,67.51349173387608
167040.0,338.40500013592566,67.44451049727016
167100.0,264.23862325138947,67.36393787819017
167160.0,286.14263239576496,67.30102392027317
167220.0,358.7929595395096,67.2328947220837
167280.0,351.9644831339228,67.14746782695525
167340.0,239.51415937257838,67.06366675954241
167400.0,246.03576195829993,67.00663957873942
167460.0,302.84562046663206,66.94805963541602
167520.0,398.8649873843921,66.87595353530492
167580.0,179.35396489735564,66.78098568116577
167640.0,309.9958187461292,66.73828235619021
167700.0,209.7582061377114,66.66447382791732
167760.0,253.30276140209034,66.61453139788453
167820.0,268.5554345981382,66.55422121659832
167880.0,264.2657110322939,66.4902794464559
167940.0,256.5599274770174,66.42735903906726
168000.0,288.1278244390936,66.36627334204891
168060.0,254.70387064100802,66.29767147908723
168120.0,198.21149212462373,66.23702770036317
168180.0,331.9066070930027,66.18983448795255
168240.0,329.45785586900166,66.11080910531136
168300.0,334.06251429274863,66.03236675867589
168360.0,190.22978238077525,65.95282806479666
168420.0,299.82583505527407,65.9075352594679
168480.0,321.6812974592007,65.83614815588332
168540.0,218.4970165133297,65.75955737077399
168600.0,280.1806909088131,65.70753427160415
168660.0,271.9298590517182,65.64082458329253
168720.0,388.72468984281056,65.5760793787564
168780.0,392.9692594624348,65.48352588117478
168840.0,176.95583766336074,65.38996177177897
168900.0,425.78426480212806,65.34782942947817
168960.0,220.58004503873937,65.2464522235729
169020.0,333.69227146851836,65.19393316523035
169080.0,332.4532004264856,65.11448262440452
169140.0,213.86633832150665,65.03532710049345
169200.0,302.6010526461316,64.98440654375023
169260.0,265.96281620556186,64.91235867407258
169320.0,305.096939773689,64.84903419402363
169380.0,285.1120391667061,64.77639206550609
169440.0,342.4987148380911,64.70850824665688
169500.0,274.70086667840536,64.62696093360019
169560.0,259.5747228263681,64.56155596534343
169620.0,334.8928396606206,64.49975245990858
169680.0,303.4459297752976,64.4200160695132
169740.0,312.03535156748904,64.34776703861432
169800.0,227.76673634144802,64.27347290728873
169860.0,204.45239493186807,64.21924273196935
169920.0,232.6417191219453,64.1705635903189
169980.0,229.00313646413395,64.11517270481369
170040.0,312.9820597168285,64.0606481485127
170100.0,323.9369697858357,63.98612861048488
170160.0,255.64789983065336,63.909000760535875
170220.0,350.39844518535244,63.84813221295715
170280.0,346.248681231865,63.764704011722536
170340.0,278.3511242892526,63.682263849524475
170400.0,214.04964553760504,63.615989772312744
170460.0,357.5108380949991,63.565025570994266
170520.0,258.9612454043863,63.47990394287641
170580.0,269.8350422526301,63.418246503494416
170640.0,241.54030762071568,63.35400006486284
170700.0,208.18914242595702,63.29649046781029
170760.0,173.12646413226398,63.24692162437554
170820.0,298.8933548700344,63.20570103767738
170880.0,213.60161928980477,63.13453595318451
170940.0,443.86983047325,63.08367842478218
171000.0,194.83351031784386,62.97799513181236
171060.0,184.26248847161403,62.9316062007843
171120.0,290.02866524227693,62.88773417971963
171180.0,350.90130218690916,62.818679735614324
171240.0,262.74712369410855,62.735131806522205
171300.0,292.9424956076397,62.67257296754742
171360.0,147.73812411026051,62.602824754307505
171420.0,217.44996693707623,62.567649010471726
171480.0,193.43993910799605,62.51587520882004
171540.0,143.9167503861691,62.469818080460996
171600.0,264.4071938002181,62.43555218751191
171660.0,122.59372700553257,62.37259809374995
171720.0,177.61262519528265,62.34340911112959
171780.0,224.49961867757054,62.301120390845
171840.0,206.64669544727093,62.247668100683676
171900.0,280.10656482934746,62.19846650652956
171960.0,274.4605606430912,62.13177446728448
172020.0,309.56273104676274,62.06642671475041
172080.0,300.89212939437067,61.99272130259642
172140.0,324.01729502325657,61.92108031940729
172200.0,255.2778519493728,61.84393334440175
172260.0,273.43028917317395,61.78315290346142
172320.0,285.74719398256747,61.718050453658286
172380.0,263.3945365580467,61.65001540747196
172440.0,230.90679545280392,61.58730242257719
172500.0,234.63967003046983,61.532324614136044
172560.0,205.3848290025645,61.476458026033555
172620.0,279.59169216313217,61.42755687627104
172680.0,248.51425774963036,61.36098742575601
172740.0,214.22926485805448,61.30181736438705
172800.0,210.2653119933244,61.2508103965637
172860.0,177.37607759025252,61.20074722704148
172920.0,308.7304818450656,61.15851482761523
172980.0,254.71706166633348,61.08500757003307
173040.0,198.2320004544513,61.024360650588704
173100.0,298.5128667511385,60.97716255524241
173160.0,216.37307334626882,60.906088063158805
173220.0,165.60996448593187,60.85457066474303
173280.0,311.2733396475341,60.815139720817804
173340.0,217.77418312438493,60.741027020901726
173400.0,225.46605730739736,60.68917602491973
173460.0,252.470804181528,60.635493630322735
173520.0,318.5553565893077,60.57538153408904
173580.0,251.20224095759303,60.4995350206154
173640.0,178.05297624486155,60.439724963244544
173700.0,282.6326243945208,60.39733139747196
173760.0,220.90062105472092,60.33003791547326
173820.0,363.2754431955852,60.27744252950785
173880.0,249.9328220106195,60.190948376366045
173940.0,115.89787591925557,60.131440561601615
174000.0,271.44190462414474,60.10384582923989
174060.0,366.67587437416324,60.03921680432938
174120.0,344.55522474055397,59.95191302471648
174180.0,359.857265391728,59.869876066444924
174240.0,188.81439763514652,59.78419576516118
174300.0,304.72915326582154,59.73923995620043
174360.0,206.68033793428842,59.666685395899044
174420.0,263.4573751618512,59.617475791628976
174480.0,173.62286642322047,59.55474784516187
174540.0,211.33266728360178,59.513409067442055
174600.0,209.42521244810922,59.463091765707865
174660.0,303.91333230292946,59.41322861988689
174720.0,298.0431640972761,59.3408683026719
174780.0,266.6092019656875,59.2699056445535
174840.0,168.974734645599,59.2064272631331
174900.0,231.30165533831897,59.16619518345558
174960.0,205.23303417804217,59.111123360755975
175020.0,302.1805704788521,59.06225835261834
175080.0,320.69111832318765,58.99031059774243
175140.0,313.383164559334,58.91395556957024
175200.0,204.68686665497637,58.83934053038945
175260.0,85.62804709813102,58.79060556213827
175320.0,143.9823233709967,58.77021793187681
175380.0,335.29765899073374,58.735936426312286
175440.0,225.92474723438488,58.65610365036211
175500.0,204.95657004453236,58.60231204387774
175560.0,348.559668572226,58.5535128605338
175620.0,325.909651820798,58.470522463254696
175680.0,251.46698285457995,58.39292492710689
175740.0,232.39587887014483,58.33305183595104
175800.0,242.073996732477,58.2777194838391
175860.0,263.6298429723455,58.22008281795041
175920.0,346.00291794651366,58.1573138077189
175980.0,275.34813298220126,58.07493216058878
176040.0,293.5618364675961,58.0093730813073
176100.0,320.1563085200736,57.939477405957874
176160.0,179.81954997762722,57.863249713453094
176220.0,295.29183226542045,57.82043553488699
176280.0,232.32600277481657,57.75012795577617
176340.0,99.03442635347261,57.69481224082979
176400.0,122.30997638530107,57.671232615507535
176460.0,188.91310383229944,57.64211119255865
176520.0,281.87356673119297,57.59713188212239
176580.0,256.8281603644712,57.530019128138775
176640.0,261.06220330648705,57.468869566147234
176700.0,367.05682534441354,57.40671189869331
176760.0,173.8548561510627,57.31931741646845
176820.0,248.35424968527448,57.27792340309915
176880.0,268.2664015205783,57.218791438888374
176940.0,205.82390379022658,57.15491848614538
177000.0,251.69991763342847,57.10591279476675
177060.0,154.0033766509895,57.04598424294927
177120.0,334.5947352354755,57.00931677231808
177180.0,209.103516406628,56.929651359166776
177240.0,371.8844287904867,56.87986480764139
177300.0,248.05199093774038,56.79132089602461
177360.0,311.6836980363791,56.73226089818229
177420.0,246.8023481398295,56.65805049388791
177480.0,248.1559291046272,56.599288030045095
177540.0,214.95884057973922,56.54020328502018
177600.0,257.14808082898884,56.48902260869168
177660.0,269.0806143885387,56.427796875160965
177720.0,202.9452332227949,56.36373006221131
177780.0,242.49813344584894,56.31540976858683
177840.0,213.39492492251833,56.25767211776639
177900.0,387.98076365866666,56.206863802308646
177960.0,244.61714026525115,56.114487430008964
178020.0,342.71498721469993,56.056245253755336
178080.0,238.26379490310438,55.974646447275646
178140.0,265.5584751984975,55.91791697229871
178200.0,170.71946002989407,55.85468876391812
178260.0,223.17704247923746,55.81404127343481
178320.0,262.6335783381885,55.760903882368325
178380.0,345.16183490566993,55.69837207800209
178440.0,263.32068597049687,55.61619068873883
178500.0,333.02506302230177,55.55349528731728
178560.0,288.4457182860762,55.47420360564531
178620.0,347.64619118147846,55.40552605367243
178680.0,246.459726298114,55.322753151010176
178740.0,393.41578048238165,55.264072263796336
178800.0,220.87881479647066,55.17040183987196
178860.0,204.0150573441172,55.1178116458728
178920.0,177.39978885174702,55.069236632219436
178980.0,389.8646453346337,55.02699858725473
179040.0,299.17023818074824,54.934173671698865
179100.0,229.9563730288603,54.86294266260821
179160.0,324.94522737869113,54.80819114522039
179220.0,291.2656614885051,54.73082323393975
179280.0,367.97206076934737,54.66147426691868
179340.0,157.13474298638835,54.57386187149741
179400.0,234.08342640475183,54.53644883745303
179460.0,222.25409050415786,54.48071468830904
179520.0,131.58477554172998,54.427797047712815
179580.0,313.6257542833449,54.3964673392505
179640.0,233.78273921598824,54.321794540611606
179700.0,294.3848416209342,54.26613198365542
179760.0,391.59374990589345,54.196040354698056
179820.0,228.81330629322764,54.1028037475776
179880.0,224.7392739914252,54.04832438893636
179940.0,257.12886133032,53.994815037986015
180000.0,309.2444455298728,53.933593880526416
180060.0,216.00745311241485,53.85996425063835
180120.0,212.15320834140383,53.8085339046592
180180.0,313.44297148176577,53.758021236006485
180240.0,272.73072978214674,53.68339195708226
180300.0,127.32947620151148,53.61845606903889
180360.0,176.49051488594102,53.58813952708615
180420.0,340.0890776404339,53.54611797592283
180480.0,274.1315808309363,53.46514438600845
180540.0,204.28514425194152,53.39987496200108
180600.0,239.79339850181748,53.351235641941095
180660.0,250.81332117613633,53.29414197563114
180720.0,294.16433402775743,53.23442451820825
180780.0,168.5258129260938,53.16438539105879
180840.0,199.56602918247717,53.12426019750495
180900.0,266.40176464382193,53.07674447627103
180960.0,244.0358718427135,53.013315484689166
181020.0,284.33911516039296,52.955211705679
181080.0,176.2588330799545,52.887511916355095
181140.0,271.4588106401716,52.84554552752653
181200.0,315.52802629009375,52.78091247737411
181260.0,279.24415271607614,52.70578675682885
181320.0,258.3838927927891,52.639300053801215
181380.0,244.28644489981446,52.57778007932674
181440.0,199.95079534296326,52.51961664006488
181500.0,245.72449023891832,52.472009307840366
181560.0,325.6294434107025,52.4135034768311
181620.0,242.90822118613602,52.335972656971414
181680.0,196.66469254719436,52.27813736621281
181740.0,220.52127637081296,52.23131243941586
181800.0,262.1104676733523,52.17880737361328
181860.0,227.65214581127563,52.11640011940534
181920.0,279.18491585343656,52.06219722754551
181980.0,281.44128538290215,51.99572462853279
182040.0,303.4138097708652,51.92871479867972
182100.0,335.49277603178416,51.85647341540094
182160.0,309.83536116996413,51.77659418301242
182220.0,194.03437739739996,51.70282385892433
182280.0,195.88180434642211,51.65662519763924
182340.0,245.55301222073493,51.609986672794854
182400.0,223.03450284126234,51.551521669885155
182460.0,181.81145258765235,51.49841821682771
182520.0,223.61590426938622,51.45512977573541
182580.0,221.65333140999246,51.40188789376651
182640.0,209.82029506216242,51.34911329104984
182700.0,231.19121627261825,51.2991560779398
182760.0,320.8534546563482,51.24411055025584
182820.0,262.10891553346147,51.16771687057576
182880.0,398.4718381203885,51.10530998592493
182940.0,260.4028970028585,51.010435738753415
183000.0,232.77804507390442,50.94843504899083
183060.0,250.44004604099317,50.89301170492561
183120.0,265.59219273710244,50.8333831225349
183180.0,276.3290562500448,50.770146886168924
183240.0,374.8282124887404,50.70435425372844
183300.0,199.51861503218944,50.61510944123112
183360.0,301.79353993700965,50.5676050090806
183420.0,262.72939812171063,50.495749404333694
183480.0,156.01276578778646,50.433194785733285
183540.0,296.53553877349947,50.39604888911715
183600.0,326.36675285566156,50.32544518940917
183660.0,198.895261916422,50.247738819681636
183720.0,249.80713564319313,50.20038280493963
183780.0,146.84008465336743,50.140904915500776
183840.0,174.85201440701093,50.10594299058331
183900.0,313.28216656393545,50.064311558581636
183960.0,222.4363606377438,49.9897205665426
184020.0,183.91514320147894,49.93675952829552
184080.0,264.23396992537346,49.89297020848564
184140.0,219.14572991074849,49.83005735850341
184200.0,222.26645288174439,49.77787980376276
184260.0,294.90178845508984,49.7249592197433
184320.0,180.86594898082365,49.65474450820637
184380.0,196.27706328817206,49.61168118702046
184440.0,259.87415786057875,49.56494855290423
184500.0,308.825741611191,49.50307375341361
184560.0,324.9840404809772,49.42954381493475
184620.0,210.82552071755327,49.35216666243928
184680.0,307.0082399065429,49.301970109887485
184740.0,203.75514392998645,49.22887290990974
184800.0,360.4160312512908,49.1803597804026
184860.0,182.85879694536612,49.09454643962848
184920.0,330.6372465558796,49.051008630831966
184980.0,211.58475705691154,48.97228547689009
185040.0,371.8161396544663,48.9219081537813
185100.0,286.55012813423554,48.83338050148262
185160.0,190.16161023411837,48.76515428049828
185220.0,219.8422814982259,48.719877706633014
185280.0,298.1038094069796,48.667534306276295
185340.0,314.4503982175698,48.596557208798444
185400.0,247.11013654534773,48.52168806636569
185460.0,254.09654713938406,48.46285231956918
185520.0,296.984949351426,48.40235314167885
185580.0,259.4612316110698,48.331642439452324
185640.0,174.015540260014,48.269865955735405
185700.0,202.92295235133315,48.228433684244926
185760.0,265.88732081995437,48.18011869558985
185820.0,324.79108355369925,48.116812190632714
185880.0,348.9065012094507,48.03948098026279
185940.0,298.8082634490526,47.95640800378435
186000.0,269.3665374544012,47.88526317915362
186060.0,297.1542991625193,47.82112828928352
186120.0,212.32070293654817,47.7503772656734
186180.0,243.2362348212936,47.69982471735518
186240.0,203.09077874999343,47.64191132811201
186300.0,177.72693046302828,47.59355638079058
186360.0,272.78177660504787,47.55124044496605
186420.0,264.02161899830355,47.48629240291723
186480.0,294.2767464114456,47.42343011267954
186540.0,285.9160361496746,47.353364220676816
186600.0,267.84482800477525,47.28528897397451
186660.0,286.82530195455996,47.22151639587813
186720.0,251.01490394910994,47.15322465731752
186780.0,278.5025953463695,47.093459203996304
186840.0,210.31948462720322,47.02714906224717
186900.0,276.23554207339987,46.97707299447879
186960.0,294.3294756764006,46.911302627318456
187020.0,214.2211412376058,46.84122418072884
187080.0,257.69614803042685,46.790219147100835
187140.0,217.36105239161577,46.7288629213793
187200.0,223.38477513139105,46.67711028985749
187260.0,187.68459449248235,46.62392343863573
187320.0,331.33945145990936,46.57923663042323
187380.0,319.5543087295755,46.50034628483754
187440.0,288.0873393415927,46.424261925616214
187500.0,374.40927252868573,46.35566970196346
187560.0,244.96731290282,46.266524637075676
187620.0,438.4809098673393,46.20819908638453
187680.0,243.185324834231,46.103798869749454
187740.0,272.4196782652675,46.04589760193178
187800.0,233.52170492237232,45.98103577377338
187860.0,280.0177882321498,45.925435367839476
187920.0,308.11485898243905,45.85876446587944
187980.0,251.45278819158983,45.785403785169336
188040.0,365.2111412234606,45.72553407369515
188100.0,273.2877309791913,45.63857904007052
188160.0,275.5096444906981,45.57351053269452
188220.0,205.09361428336385,45.50791299829197
188280.0,285.1078697476156,45.45908118536736
188340.0,252.33252764739285,45.391198359236974
188400.0,224.26809472316825,45.331119185987596
188460.0,214.5747131878532,45.277722020577315
188520.0,421.88236478919,45.22663280315164
188580.0,246.19430377576776,45.126184621058975
188640.0,175.02349379329726,45.06756692968379
188700.0,221.0026297810117,45.025894669256814
188760.0,260.2690814616146,44.97327499549943
188820.0,296.6446658077825,44.91130616658
188880.0,297.62850935968925,44.84067648424481
188940.0,305.4485752576063,44.769812553444886
189000.0,226.68630836995283,44.697086702193076
189060.0,286.34615192356324,44.6431137716288
189120.0,213.91386595537315,44.5749361164089
189180.0,229.87281170567093,44.52400424356238
189240.0,212.57939820694833,44.4692726217277
189300.0,196.94608327593951,44.41865847929747
189360.0,332.7267382921986,44.37176655470796
189420.0,310.8332482770333,44.29254590273363
189480.0,328.7768162883295,44.218537986477195
189540.0,273.2143455281529,44.14025779212283
189600.0,318.1613605679486,44.07520675747327
189660.0,166.5918917592551,43.999454052576134
189720.0,324.7902360985071,43.95978931644298
189780.0,284.387626858994,43.8824583078481
189840.0,312.1625396415942,43.81474696811976
189900.0,298.13331384775023,43.74042255391939
189960.0,216.92533518623537,43.66943843157468
190020.0,187.10411247543317,43.61778954224463
190080.0,235.1225780804017,43.57324094403619
190140.0,312.62201552629216,43.517259377826576
190200.0,321.03578092840934,43.44282556460603
190260.0,198.47958659728687,43.36638847390879
190320.0,222.63883887914844,43.31913142948087
190380.0,239.08252571424185,43.26612218212869
190440.0,262.0337520753794,43.20919777124435
190500.0,202.76824862823872,43.14680878265497
190560.0,200.21161645807456,43.09853062821968
190620.0,237.29253266669744,43.05086119572966
190680.0,292.87063099001165,42.99436297366616
190740.0,217.97762635595853,42.92463187104949
190800.0,283.00840540508443,42.87273243620284
190860.0,354.6388595073452,42.805349482534965
190920.0,214.21402178728968,42.72091165884274
190980.0,281.15550599775617,42.66990832032195
191040.0,356.27571290868156,42.602966533179625
191100.0,270.96914917755856,42.51813898248708
191160.0,262.9471676813094,42.45362251839718
191220.0,368.50660545058906,42.39101604990163
191280.0,281.6818995340072,42.3032763819372
191340.0,367.7087937242957,42.23620926300053
191400.0,328.59021421605985,42.14865955020903
191460.0,283.72316089415466,42.07042378491949
191520.0,334.54538159457746,42.002870651373264
191580.0,326.4897891806911,41.92321698908884
191640.0,370.0436021252853,41.845481324998204
191700.0,277.44683609091237,41.75737570544457
191760.0,314.406151487956,41.69131693494673
191820.0,309.85849920529904,41.61645832744959
191880.0,357.44355079258213,41.542682494305474
191940.0,255.35882539582587,41.457576886973904
192000.0,379.5929155852668,41.39677716664156
192060.0,348.288629225072,41.306397901026024
192120.0,2030.2415886289964,41.22347203692482
192180.0,2183.547482082719,40.74008118248934
192240.0,2246.922000033328,40.220188924850596
192300.0,2174.8412696322735,39.68520749627123
192360.0,2202.235261039027,39.16738814635879
192420.0,2123.6535250379943,38.64304641753997
192480.0,2020.786116272246,38.13741462586426
192540.0,2011.8044163269476,37.65627507437087
192600.0,2139.761802499123,37.17727402286445
192660.0,2090.973315368942,36.66780692703133
192720.0,2073.6824622373333,36.16995613765777
192780.0,2126.886948086103,35.676222218077456
192840.0,2169.711155547304,35.16982056377124
192900.0,2047.764297049558,34.65322266959331
192960.0,322.9964425565888,34.16565974172437
193020.0,442.7333442241902,34.088755826829946
193080.0,289.864630850215,33.983343125824184
193140.0,408.83702078866037,33.91432773752651
193200.0,329.86524174100003,33.81698558971969
193260.0,394.02248712391395,33.73844624644803
193320.0,429.46801400759483,33.644631368561384
193380.0,410.4861685356892,33.54237707951196
193440.0,422.9667804564246,33.44464227747965
193500.0,301.75619976552446,33.3439359011805
193560.0,440.13226665290176,33.272089186950616
193620.0,324.637810723975,33.1672957901285
193680.0,393.8840099100777,33.09000107328946
193740.0,396.34330290706123,32.99621916616801
193800.0,412.51733865072254,32.9018517130949
193860.0,406.21274519293905,32.80363329913044
193920.0,337.97546777966807,32.7069159788464
193980.0,310.24353810662546,32.626445629375056
194040.0,446.2302224752215,32.55257812030205
194100.0,407.7146814809934,32.446332829236525
194160.0,468.2234684749593,32.34925790507438
194220.0,399.29341483212323,32.23777612686606
194280.0,320.4036554312459,32.142706266191745
194340.0,465.43630518787876,32.06641968156526
194400.0,388.0194400403986,31.95560151366338
194460.0,433.5524217379521,31.863215932701383
194520.0,376.99178852960597,31.75998916562092
194580.0,517.3203927144009,31.670229215971013
194640.0,368.9063030484971,31.547057693896154
194700.0,404.10642404108177,31.459222859836988
194760.0,433.66438798867443,31.36300704458911
194820.0,364.5641256722064,31.25975361887752
194880.0,452.81526074451705,31.172952636574614
194940.0,532.5982255104199,31.06513947925449
195000.0,409.36489789154626,30.938330377942485
195060.0,465.41876822946057,30.840862545111165
195120.0,279.66918615831014,30.73004855267558
195180.0,445.2311842137695,30.663460651209316
195240.0,431.72150141720044,30.557453226396515
195300.0,404.33570011107196,30.45466239272575
195360.0,521.2774391863169,30.358391987937402
195420.0,439.7628859932676,30.23427831194066
195480.0,451.63708167380594,30.129572862894644
195540.0,442.60238110431305,30.022040224400882
195600.0,353.1720774237608,29.91665870509033
195660.0,403.2066125467965,29.83257011522753
195720.0,531.7326956320406,29.736568540811625
195780.0,350.4066649526862,29.60996551804209
195840.0,433.9555284003014,29.526535359720025
195900.0,458.87490623785425,29.42321261486281
195960.0,590.3907714081477,29.313956684806175
196020.0,534.7954888464045,29.173387453518522
196080.0,458.14404311143227,29.04605519426938
196140.0,572.7280621875373,28.936973279242846
196200.0,452.89594802013346,28.80060945491248
196260.0,560.7279638861467,28.692777086336257
196320.0,421.48856480357404,28.55927042826813
196380.0,570.2387574321148,28.4589160080768
196440.0,484.27893496984956,28.32314487535487
196500.0,449.72065426360393,28.207840367028716
196560.0,501.16524391157395,28.100764020775475
196620.0,533.5751669541379,27.98143896270129
196680.0,489.96667528323877,27.854397256283637
196740.0,555.5809722811612,27.737738524073343
196800.0,490.03013339550296,27.605457340196875
196860.0,564.8706485036993,27.48878349891223
196920.0,556.7914147430793,27.35429048736373
196980.0,529.1824598351914,27.221721102901093
197040.0,508.90334619625037,27.095725279130807
197100.0,546.9945945854486,26.974557815750746
197160.0,573.3993913808713,26.844321007516115
197220.0,666.5390406225366,26.70779734290162
197280.0,601.6069024803727,26.549097571324825
197340.0,606.1740880393236,26.405857832639022
197400.0,735.259643693965,26.261530668820136
197460.0,583.2006403852324,26.086468848893002
197520.0,583.5747666875003,25.947611553563185
197580.0,598.9477096868751,25.808665180542352
197640.0,498.33595724931314,25.66605858299786
197700.0,534.3622432732548,25.547407164605165
197760.0,532.7027972626594,25.420178059063915
197820.0,603.9594802844698,25.29334405971566
197880.0,556.6338431550569,25.149544183457454
197940.0,577.310315684553,25.017012316039583
198000.0,636.1466517151183,24.879557478971833
198060.0,623.842321797626,24.728093990468235
198120.0,562.8906107414689,24.579560104325942
198180.0,532.5163836090167,24.445538530339878
198240.0,640.6054257693168,24.318748915194874
198300.0,618.385448318782,24.166223813821226
198360.0,474.75623491425597,24.018989183269134
198420.0,551.2579442366906,23.905951984480026
198480.0,578.6442856776977,23.7747000929951
198540.0,613.8717375288994,23.63692764402422
198600.0,619.9487217373506,23.49076770651734
198660.0,580.3578536913634,23.343160868008447
198720.0,596.2063098183327,23.20498042665336
198780.0,562.500729585044,23.063026543363282
198840.0,515.5808468311526,22.929097798223985
198900.0,537.4985473114729,22.80634045374038
198960.0,551.2835698830831,22.67836460914241
199020.0,544.8440463425073,22.547106616313105
199080.0,430.3856003928851,22.41738184337441
199140.0,516.0837940301923,22.314909081376104
199200.0,539.5385372590255,22.192031987559393
199260.0,515.3407237536524,22.06357043106915
199320.0,513.2961067796651,21.940870258746852
199380.0,553.0959317288521,21.81865689998979
199440.0,454.62052853394437,21.686967392435303
199500.0,417.0497158959044,21.57872440945103
199560.0,489.0512195411102,21.479426858047244
199620.0,550.8343099012114,21.362986091489837
199680.0,601.1254898496255,21.231835065322883
199740.0,541.5255720769148,21.08870994869202
199800.0,401.0701665311598,20.959775288673708
199860.0,469.63641059837937,20.864282391880575
199920.0,493.2350587188107,20.75246419888096
199980.0,482.59884274164466,20.635027280138388
200040.0,498.25756531501804,20.52012279377133
200100.0,404.6834972212299,20.401490040124894
200160.0,457.26306106075253,20.305136826500792
200220.0,472.10045107247333,20.196264669105375
200280.0,489.79216398984784,20.083859799802404
200340.0,385.13751422260657,19.96724261790006
200400.0,405.85941159608694,19.875543209751818
200460.0,257.28915477538976,19.778910016514654
200520.0,375.0427151191258,19.717650693949086
200580.0,373.5422403136712,19.628354809396914
200640.0,336.3749106968959,19.539416180750802
200700.0,399.897374901484,19.459326916299162
200760.0,378.88408149663877,19.36411325560833
200820.0,238.8393222051617,19.273902760013893
200880.0,379.34686599820014,19.21703625472695
200940.0,302.6157694593693,19.126715572346423
201000.0,379.231703704907,19.05466419866562
201060.0,264.8324948698339,18.964370935878737
201120.0,335.07696857246003,18.90131557995735
201180.0,307.7013473738025,18.821535349344856
201240.0,334.1751701034527,18.748273123779665
201300.0,314.6539308268227,18.66870760708837
201360.0,282.9322098046144,18.593790004510552
201420.0,197.02443175342256,18.52642519265231
201480.0,191.41757574821588,18.4795146136634
201540.0,235.75853451514598,18.433939000390016
201600.0,260.93092406085185,18.377806015981648
201660.0,215.46494262356617,18.315679605490967
201720.0,279.90265321029807,18.264378428675833
201780.0,215.96670697894945,18.19773493981624
201840.0,165.05103289239338,18.146314295297444
201900.0,196.4015760744732,18.107016430323064
201960.0,216.68014801017222,18.060254150305333
202020.0,212.57042567927766,18.00866363887434
202080.0,295.63839851815777,17.958051632760224
202140.0,132.57087287322275,17.887661537874948
202200.0,157.97993000926846,17.856097044333705
202260.0,177.55470296710303,17.81848277528388
202320.0,140.0978777587727,17.776207846006
202380.0,100.90150674890384,17.742851208444385
202440.0,27.339839417208452,17.718827040170837
202500.0,78.92519260550466,17.712317554595312
202560.0,34.35842989095045,17.69352584207019
202620.0,-15.683212145854782,17.685345263524727
202680.0,29.23437275199194,17.68907936165469
202740.0,3.142810763517275,17.68211879671374
202800.0,89.92200949914633,17.681370508436714
202860.0,79.82211678233807,17.65996050617501
202920.0,-21.677080795366976,17.640955240274454
202980.0,5.680299859167292,17.646116449987638
203040.0,-101.52094243117017,17.644763997640215
203100.0,-31.063938423560217,17.668935650600016
203160.0,11.103433745254733,17.67633182641515
203220.0,25.176046245016664,17.6736881517139
203280.0,-78.63864134144973,17.667693854988897
203340.0,15.671001307517145,17.686417341022576
203400.0,-150.01321458268188,17.68268615023507
203460.0,-145.60577101953265,17.718403582278565
203520.0,-39.8878594760256,17.753071622997503
203580.0,6.039088819516678,17.762568732396556
203640.0,-76.42211639253298,17.761130854106195
203700.0,-120.28577151512383,17.77932659610442
203760.0,-261.4489052666755,17.80796606551278
203820.0,-262.99094702467625,17.87021580486199
203880.0,-145.8175317718463,17.93283269701072
203940.0,-187.03374300724658,17.967551156956397
204000.0,-243.89604849108065,18.01208300052955
204060.0,-185.63620731837102,18.07015348826552
204120.0,-194.70698588232773,18.114352585246085
204180.0,-157.0193319374506,18.160711391408544
204240.0,-217.57852125213043,18.198096946631747
204300.0,-164.18059519986616,18.249901356453684
204360.0,-249.5317259638055,18.288991974358414
204420.0,-269.0743959259052,18.34840429006408
204480.0,-210.45263904765272,18.41246962242739
204540.0,-345.18739113536594,18.462577393629214
204600.0,-129.79452370535705,18.544764867709063
204660.0,-288.33561170903215,18.57566832573415
204720.0,-300.19866668818884,18.64431966185535
204780.0,-303.74613483315443,18.715795534876346
204840.0,-234.83174744341727,18.788116043169953
204900.0,-312.1205902406479,18.844028363989814
204960.0,-468.187057958019,18.91834279023759
205020.0,-299.88823902599245,19.029815899275214
205080.0,-416.7616762882008,19.10121786094807
205140.0,-402.0872358021153,19.20044683149288
205200.0,-497.4762841747598,19.29618188763624
205260.0,-401.3479104812063,19.414628621963566
205320.0,-484.1946132090492,19.510187648268616
205380.0,-451.2859243109897,19.625472079985055
205440.0,-486.5165219884919,19.73292110958291
205500.0,-366.1335604771617,19.84875837672303
205560.0,-374.8504867573206,19.935933033979495
205620.0,-503.13390737944815,20.025183149874096
205680.0,-514.2102577200162,20.144976937345394
205740.0,-552.5641904978945,20.267407951088256
205800.0,-475.8892617335197,20.398970853587755
205860.0,-574.0590839591517,20.512277820667165
205920.0,-591.6595236308697,20.648958554943153
205980.0,-519.6991965248112,20.78982987009336
206040.0,-622.7272496117002,20.91356777402784
206100.0,-604.6871900126716,21.06183616679253
206160.0,-709.2701869784323,21.20580930727174
206220.0,-584.0858844706047,21.374683161314223
206280.0,-521.8062368225715,21.51375122904532
206340.0,-606.8799565654067,21.63799080924117
206400.0,-574.3141519528427,21.78248603699484
206460.0,-724.629394567502,21.919227501745517
206520.0,-671.4966834036529,22.091758309975877
206580.0,-754.0495114211634,22.25163847269103
206640.0,-722.8797418724454,22.43117407064845
206700.0,-674.6043704393649,22.603288294903795
206760.0,-726.5196912948361,22.763908383103644
206820.0,-829.047162542795,22.936889261983367
206880.0,-834.8174321999306,23.134281443541177
206940.0,-850.379047562036,23.333047498826875
207000.0,-749.581474477259,23.53551870062736
207060.0,-666.7596409610951,23.7139904802648
207120.0,-720.3351603245334,23.87274277573173
207180.0,-927.2951816223607,24.04425114723757
207240.0,-739.6884353537597,24.265035714290512
207300.0,-780.1488500474737,24.44115200842236
207360.0,-940.3931902983506,24.62690173462414
207420.0,-877.1715367120287,24.850804875171367
207480.0,-804.5137799360347,25.059655241055182
207540.0,-848.4457669134067,25.25120614103995
207600.0,-971.2046486293668,25.453217037924095
207660.0,-867.161663228148,25.684456239978704
207720.0,-1043.1631356182602,25.890923302652073
207780.0,-939.348595248734,26.139295477799276
207840.0,-868.7268942702342,26.36294990523945
207900.0,-946.8841828963955,26.56978964197046
207960.0,-988.8657677009543,26.79523825694579
208020.0,-916.4682202120039,27.03068248735078
208080.0,-922.2008416423631,27.248889206448876
208140.0,-912.8976846451701,27.468460835411342
208200.0,-949.8104961518602,27.685817426993527
208260.0,-948.1161020238749,27.91196278322016
208320.0,-979.7079206936254,28.137704712273464
208380.0,-1018.3905927550293,28.370968502914803
208440.0,-1039.5474302087664,28.613442453570762
208500.0,-1069.7047516169318,28.860953746477612
208560.0,-1138.717773538882,29.115645354005455
208620.0,-1133.755962739407,29.386768633419475
208680.0,-1103.7746154273118,29.65671052930981
208740.0,-1082.7377678477244,29.919514009173454
208800.0,-1021.1017765068223,30.177308715803864
208860.0,-1120.3383009737795,30.420428186400727
208920.0,-1067.855948669812,30.687175400918292
208980.0,-1073.4936010767003,30.941426817268248
209040.0,-1162.2811570571644,31.19702053181032
209100.0,-1122.808385389292,31.473754140633456
209160.0,-1183.1504218377404,31.74108947048805
209220.0,-1099.2128777062096,32.022791951877984
209280.0,-1150.3459379489743,32.284509303712795
209340.0,-1269.8341548194667,32.55840119370065
209400.0,-1198.5752006713465,32.860742659133855
209460.0,-1119.1943385982959,33.14611770691275
209520.0,-1238.7220407791865,33.41259254943615
209580.0,-1210.7049968826109,33.707526368669285
209640.0,-1214.4873894081322,33.995789463165146
209700.0,-1319.06211044552,34.28495312730994
209760.0,-1235.7991701587516,34.59901553455887
209820.0,-1359.6008614209113,34.893253432215715
209880.0,-1322.9894017615468,35.21696792303022
209940.0,-1230.3417838845694,35.53196539964011
210000.0,-1282.8649021383017,35.82490391961262
210060.0,-1331.8758860416954,36.13034794393127
210120.0,-1296.1082255474041,36.447461250131674
210180.0,-1335.7417342420588,36.75605844669058
210240.0,-1340.5733582104256,37.07409219293869
210300.0,-1311.0622960589608,37.39327632584594
210360.0,-1403.2081962562768,37.70543401538379
210420.0,-1366.1919713785985,38.03953120496862
210480.0,-1396.345486114209,38.364815007677805
210540.0,-1481.6939655679262,38.69727821865738
210600.0,-1450.6845219759894,39.05006249617355
210660.0,-1310.215162728481,39.3954635728345
210720.0,-1390.0253971573516,39.70741956396033
210780.0,-1501.2761275595233,40.03837799185494
210840.0,-1522.9848250692394,40.395824688892915
210900.0,-1445.946740872099,40.75844012343321
210960.0,-1354.149581169906,41.10271315697419
211020.0,-1467.5805589547247,41.425129723919405
211080.0,-1386.4597349493501,41.77455366652767
211140.0,-1452.2187455456349,42.1046631272299
211200.0,-1453.4645995977069,42.45042949521695
211260.0,-1570.2379482274623,42.796492495121164
211320.0,-1442.148390319956,43.17035867327056
211380.0,-1526.7505934582682,43.51372733763246
211440.0,-1463.0737857190547,43.877239383693954
211500.0,-1571.8638462893673,44.22559028505563
211560.0,-1520.4945483511406,44.5998435817912
211620.0,-1518.0506338944188,44.96186609330338
211680.0,-1556.4154428333604,45.323306720421094
211740.0,-1530.852584367694,45.69388182585761
211800.0,-1579.0100785254822,46.05837053642134
211860.0,-1609.8197876350876,46.43432531702265
211920.0,-1482.346020602027,46.81761574265005
211980.0,-1523.4854255403716,47.17055527136482
212040.0,-1639.770687017061,47.53328989649348
212100.0,-1567.6568554583403,47.9237114886404
212160.0,-1653.9173369363702,48.296963120892386
212220.0,-1687.9790280578488,48.690752963020095
212280.0,-1562.358848065143,49.0926527316053
212340.0,-1734.0708458047409,49.46464293352557
212400.0,-1583.5988209462644,49.877516944431456
212460.0,-1661.7065388768222,50.25456428275199
212520.0,-1666.5165985664482,50.650208696770285
212580.0,-1636.4667683643975,51.04699836309563
212640.0,-1633.355245892532,51.4366333079443
212700.0,-1724.9302472541772,51.82552741410919
212760.0,-1639.355604247424,52.23622509202685
212820.0,-1682.6332459734003,52.626547854942906
212880.0,-1771.7618060931525,53.027174818269906
212940.0,-1713.5005782333776,53.44902286733971
213000.0,-1627.2873553307693,53.85699919549051
213060.0,-1616.3706360023448,54.24444856580736
213120.0,-1680.6737272764724,54.62929871723649
213180.0,-1801.8294791124872,55.02945912849279
213240.0,-1707.612454561639,55.4584661473291
213300.0,-1692.582815259142,55.86504054127234
213360.0,-1706.6230298828214,56.26803644966738
213420.0,-1709.5445649564062,56.67437526630614
213480.0,-1741.2674590637437,57.08140968653386
213540.0,-1773.7743467874745,57.495997176787135
213600.0,-1812.2427917818973,57.918324402212725
213660.0,-1895.8726124200844,58.34981078120842
213720.0,-1767.8181481012377,58.80120902226082
213780.0,-1783.1779186783483,59.222118105142066
213840.0,-1766.9750643677908,59.64668427625596
213900.0,-1886.7146798987674,60.06739262491496
213960.0,-1773.7372446108586,60.51661040584324
214020.0,-1695.0852982214292,60.938928797417255
214080.0,-1819.5141496447345,61.34252053508902
214140.0,-1833.7274508244623,61.775738189766344
214200.0,-1817.2368095931877,62.212339963772166
214260.0,-1719.5290180517736,62.645015394627684
214320.0,-1908.523087025906,63.05442706559239
214380.0,-1840.4893040591362,63.508837324408084
214440.0,-1906.1810047095323,63.947049063469784
214500.0,-1896.4838460791607,64.40090168363872
214560.0,-1872.0429725130273,64.85244545651472
214620.0,-1793.5739622175151,65.29816997377972
214680.0,-1771.6413586893732,65.72521139335532
214740.0,-1858.0411635337205,66.14703076447184
214800.0,-1912.6955569723223,66.58942151769415
214860.0,-1745.646831687956,67.04482522173518
214920.0,-1925.916656644867,67.46045541975612
214980.0,-1939.5245264757361,67.91900700467156
215040.0,-2016.6865242813576,68.38079855859435
215100.0,-1831.298430614122,68.86096201675657
215160.0,-1861.783413303533,69.29698545261708
215220.0,-1779.5641101996516,69.74026721768935
215280.0,-2012.698035841323,70.16397295821308
215340.0,-1846.4703077099587,70.64318677627054
215400.0,-1934.3259068776113,71.08282256382053
215460.0,-1894.6808994591502,71.54337635117234
215520.0,-2046.3656414791399,71.99449085104357
215580.0,-1863.8052648027285,72.48172076568146
215640.0,-1909.0292265953794,72.92548392396782
215700.0,-1962.8236246670035,73.38001469220481
215760.0,-1925.989623972182,73.84735365045886
215820.0,-2014.771877431287,74.30592260854748
215880.0,-2007.6925912988952,74.78563019841206
215940.0,-2004.7549850977714,75.26365224395943
216000.0,-2092.0720416229215,75.7409748594589
216060.0,-1933.100707231893,76.2390872503215
216120.0,-1917.1460797556942,76.69934932347195
216180.0,-2034.4953072047933,77.15581267579473
216240.0,-1975.232771633122,77.6402163203673
216300.0,-2015.7048608514056,78.11050983742281
216360.0,-1983.660514331425,78.59043956619695
216420.0,-2044.533002472095,79.0627396886568
216480.0,-2063.342047849483,79.54953326067397
216540.0,-1950.6068305922342,80.04080517682861
216600.0,-2020.8948211614468,80.50523537458866
216660.0,-1899.0036526237902,80.98640080819854
216720.0,-2020.7554031017635,81.43854453501373
216780.0,-2082.238570912045,81.91967677384748
216840.0,-1956.1332702458003,82.41544786215988
216900.0,-1994.9133670101646,82.88119387888507
216960.0,-1992.0963538265732,83.35617325198272
217020.0,-1967.1556058085607,83.83048190765572
217080.0,-2080.5777968040406,84.29885228999109
217140.0,-2051.7989240523775,84.79422795589682
217200.0,-2057.1396397773956,85.28275150924262
217260.0,-2126.921471231417,85.77254666157057
217320.0,-2067.851111046755,86.27895653567329
217380.0,-1974.3468430656308,86.77130203830347
217440.0,-2042.7180123559178,87.24138461998577
217500.0,-2140.085342411016,87.72774605149908
217560.0,-2154.9699668043245,88.23729018064456
217620.0,-1963.9654548004978,88.75037826797893
217680.0,-2071.4379562456784,89.21798909055047
217740.0,-2106.964513189424,89.7111886039423
217800.0,-2086.5946893212017,90.21284682136836
217860.0,-2160.7630407253505,90.70965508073056
217920.0,-1988.642282754563,91.22412247137945
217980.0,-2099.4485259058183,91.69760872917816
218040.0,-1995.5924777290338,92.1974774258224
218100.0,-2076.242470960088,92.67261849194836
218160.0,-1995.208370091328,93.16696193741504
218220.0,-2067.150972037551,93.64201154934155
218280.0,-2032.8646054435737,94.13419035220763
218340.0,-2042.3524094404054,94.6182057344561
218400.0,-2049.4733957120666,95.1044801176562
218460.0,-2067.3010385838875,95.59244997377812
218520.0,-2103.3877201412897,96.08466450677427
218580.0,-1975.6634333006357,96.58547110680792
218640.0,-2146.1117872675704,97.05586716235568
218700.0,-2092.4763296862916,97.56684615932416
218760.0,-2092.813976307709,98.0
218820.0,-2070.4661014590233,98.0
218880.0,-2121.2193601144736,98.0
218940.0,-2077.3376771102908,98.0
219000.0,-2107.057429463229,98.0
219060.0,-2192.4813774826625,98.0
219120.0,-2097.5613458155044,98.0
219180.0,-2164.6715382221246,98.0
219240.0,-2203.1367550997493,98.0
219300.0,-2091.230037203366,98.0
219360.0,-2070.4710820643068,98.0
219420.0,-2068.3766512758184,98.0
219480.0,-2066.1155366619846,98.0
219540.0,-2216.2011516387765,98.0
219600.0,-2181.939638295709,98.0
219660.0,-1981.832927483228,98.0
219720.0,-2162.975110063903,98.0
219780.0,-2063.323276893286,98.0
219840.0,-2140.953940712131,98.0
219900.0,-2094.6540638443466,98.0
219960.0,-2137.059238027233,98.0
220020.0,-2064.9339029461753,98.0
220080.0,-2089.915158873369,98.0
220140.0,-2124.447095064047,98.0
220200.0,-2159.921032262241,98.0
220260.0,-2080.1381709991165,98.0
220320.0,-2168.194620484747,98.0
220380.0,-2068.9424851934054,98.0
220440.0,-1936.095130360779,98.0
220500.0,-2011.6999604887915,98.0
220560.0,-2048.5683329189546,98.0
220620.0,-2095.697835846502,98.0
220680.0,-2205.711945050023,98.0
220740.0,-2167.48260948367,98.0
220800.0,-2009.869795699895,98.0
220860.0,-2132.8480333553794,98.0
220920.0,-2125.97651609153,98.0
220980.0,-2092.452623505482,98.0
221040.0,-2144.6621242068486,98.0
221100.0,-2152.904844144466,98.0
221160.0,-2080.6202251386617,98.0
221220.0,-2129.3103725568,98.0
221280.0,-2118.4403857400316,98.0
221340.0,-2118.945319597953,98.0
221400.0,-2038.760836749924,98.0
221460.0,-2081.9926729503695,98.0
221520.0,-2076.676310667524,98.0
221580.0,-2027.9763705208704,98.0
221640.0,-2070.080997676187,98.0
221700.0,-2075.953806328212,98.0
221760.0,-2028.6660800804966,98.0
221820.0,-2014.3704168585416,98.0
221880.0,-2060.7906538265174,98.0
221940.0,-2044.5686122346754,98.0
222000.0,-2093.686316936885,98.0
222060.0,-2095.728813235698,98.0
222120.0,-1995.183127478678,98.0
222180.0,-2011.814939282784,98.0
222240.0,-2008.3085023557533,98.0
222300.0,-2015.8256779004153,98.0
222360.0,-2026.8909839641574,98.0
222420.0,-1984.8005498867196,98.0
222480.0,-1967.3367938427352,98.0
222540.0,-1965.5638035024167,98.0
222600.0,-2023.0145685868179,98.0
222660.0,-1930.4151250727264,98.0
222720.0,-1996.530371067392,98.0
222780.0,-1968.8354363466694,98.0
222840.0,-1986.32955065655,98.0
222900.0,-1984.8482080654417,98.0
222960.0,-2040.1646389178093,98.0
223020.0,-1950.2266555826268,98.0
223080.0,-1817.815663185794,98.0
223140.0,-2007.1842465964464,98.0
223200.0,-1976.5378306294056,98.0
223260.0,-2003.608721411803,98.0
223320.0,-2002.0945788497777,98.0
223380.0,-1876.0616514450046,98.0
223440.0,-2004.9605439849256,98.0
223500.0,-1988.819375024521,98.0
223560.0,-2051.3551563920687,98.0
223620.0,-1997.2322853723406,98.0
223680.0,-2049.8887051211377,98.0
223740.0,-1905.024876234753,98.0
223800.0,-1770.4392729424114,98.0
223860.0,-1955.8494698908223,98.0
223920.0,-2029.2217308410686,98.0
223980.0,-1870.5238548317561,98.0
224040.0,-1963.3871720228567,98.0
224100.0,-1836.9991531103492,98.0
224160.0,-1927.0106576268386,98.0
224220.0,-1943.0676519238978,98.0
224280.0,-1910.8470103155269,98.0
224340.0,-1849.6550507444838,98.0
224400.0,-1903.660451048539,98.0
224460.0,-1914.6539157215761,98.0
224520.0,-1891.557421619703,98.0
224580.0,-1950.6580097062888,98.0
224640.0,-1845.1862685292215,98.0
224700.0,-1970.8157324167803,98.0
224760.0,-1884.8061172060206,98.0
224820.0,-1807.0853482287687,98.0
224880.0,-1828.898350509477,98.0
224940.0,-1806.0381756095162,98.0
225000.0,-1839.6799100741835,98.0
225060.0,-1759.855978784633,98.0
225120.0,-1768.7664224904424,98.0
225180.0,-1791.6318094130065,98.0
225240.0,-1756.843916575075,98.0
225300.0,-1761.5123705548297,98.0
225360.0,-1826.8916725661268,98.0
225420.0,-1875.0890634034508,98.0
225480.0,-1763.1100900647155,98.0
225540.0,-1749.3888089482473,98.0
225600.0,-1710.4940803515424,98.0
225660.0,-1825.8160419986407,98.0
225720.0,-1817.6833614144762,98.0
225780.0,-1729.310820144687,98.0
225840.0,-1754.7290399966369,98.0
225900.0,-1857.1059896189506,98.0
225960.0,-1714.902405852269,98.0
226020.0,-1841.9504473073112,98.0
226080.0,-1780.8644609906082,98.0
226140.0,-1636.340245427996,98.0
226200.0,-1601.1887577956857,98.0
226260.0,-1776.8098108241952,98.0
226320.0,-1716.771658167959,98.0
226380.0,-1687.5376085661205,98.0
226440.0,-1576.2574454778696,98.0
226500.0,-1705.68885751465,98.0
226560.0,-1697.6652318621693,98.0
226620.0,-1569.014189911868,98.0
226680.0,-1677.2609221729913,98.0
226740.0,-1604.2278909986994,98.0
226800.0,-1728.925817907576,98.0
226860.0,-1643.2595327399818,98.0
226920.0,-1725.20104447738,98.0
226980.0,-1681.542522114183,98.0
227040.0,-1560.407527652292,98.0
227100.0,-1606.2491569894842,98.0
227160.0,-1614.8487721938807,98.0
227220.0,-1633.0276284879728,98.0
227280.0,-1593.695127706928,98.0
227340.0,-1554.69523497433,98.0
227400.0,-1506.0467246847545,98.0
227460.0,-1714.743842028135,98.0
227520.0,-1599.307989118477,98.0
227580.0,-1531.9780179802754,98.0
227640.0,-1539.531512337243,98.0
227700.0,-1501.427806005994,98.0
227760.0,-1501.563604599703,98.0
227820.0,-1527.8489849304272,98.0
227880.0,-1533.0645110222758,98.0
227940.0,-1508.0355944486967,98.0
228000.0,-1416.1891949267672,98.0
228060.0,-1520.7987535486752,98.0
228120.0,-1472.367799577359,98.0
228180.0,-1449.2768254604198,98.0
228240.0,-1358.2913750491443,98.0
228300.0,-1461.5233766321296,98.0
228360.0,-1377.5265775499513,98.0
228420.0,-1352.6442220854042,98.0
228480.0,-1421.854433677841,98.0
228540.0,-1422.0969590893035,98.0
228600.0,-1420.58040366984,98.0
228660.0,-1407.5289246416446,98.0
228720.0,-1332.2267586806233,98.0
228780.0,-1360.881696609113,98.0
228840.0,-1351.8458600171687,98.0
228900.0,-1424.657674597494,98.0
228960.0,-1406.3350363181642,98.0
229020.0,-1210.780808933565,98.0
229080.0,-1341.1200410407287,98.0
229140.0,-1367.9608626265685,98.0
229200.0,-1226.5940791165492,98.0
229260.0,-1286.4987182591028,98.0
229320.0,-1259.6271301239901,98.0
229380.0,-1293.4707120128678,98.0
229440.0,-1295.142281026192,98.0
229500.0,-1276.9939098969787,98.0
229560.0,-1340.5429525396046,98.0
229620.0,-1253.5776243175344,98.0
229680.0,-1221.2269759775106,98.0
229740.0,-1118.612092567115,98.0
229800.0,-1215.0950966002154,98.0
229860.0,-1350.88532867121,98.0
229920.0,-1207.0182944392504,98.0
229980.0,-1027.5184656625331,98.0
230040.0,-1130.3816549651885,98.0
230100.0,-1221.4575400512008,98.0
230160.0,-1127.7443359373897,98.0
230220.0,-1198.1042962196655,98.0
230280.0,-1225.151239395982,98.0
230340.0,-1155.1310757021442,98.0
230400.0,-1119.0105776983137,98.0
230460.0,-1227.0721668086649,98.0
230520.0,-1173.9007889899776,98.0
230580.0,-1094.5075166617153,98.0
230640.0,-1109.7627876018237,98.0
230700.0,-1051.6971008198088,98.0
230760.0,-1138.348198146687,98.0
230820.0,-1012.6728465528424,98.0
230880.0,-1116.5663542921725,98.0
230940.0,-936.9677663440734,98.0
231000.0,-1128.438533985779,98.0
231060.0,-1080.978022200078,98.0
231120.0,-980.2850863029441,98.0
231180.0,-895.347073067504,98.0
231240.0,-966.1437134954119,98.0
231300.0,-941.0918735243652,98.0
231360.0,-963.6003481918169,98.0
231420.0,-1015.9981817919963,98.0
231480.0,-973.5571280138518,98.0
231540.0,-1006.5711483730402,98.0
231600.0,-1000.2604355895561,98.0
231660.0,-889.088061599558,98.0
231720.0,-970.2130783048783,98.0
231780.0,-873.2531655133495,98.0
231840.0,-960.1147461979826,98.0
231900.0,-853.7767126062364,98.0
231960.0,-890.4106717189673,98.0
232020.0,-766.1988983331839,98.0
232080.0,-820.6552810775099,98.0
232140.0,-755.3908849089609,98.0
232200.0,-864.3133568763494,98.0
232260.0,-805.020298238449,98.0
232320.0,-856.6465251650573,98.0
232380.0,-811.9684678470112,98.0
232440.0,-792.2281387077596,98.0
232500.0,-809.3824046873726,98.0
232560.0,-828.0698285660753,98.0
232620.0,-829.2395929819886,98.0
232680.0,-874.0829255831499,98.0
232740.0,-786.3293440036784,98.0
232800.0,-674.5309228111373,98.0
232860.0,-797.3044088258686,98.0
232920.0,-772.6782116350967,98.0
232980.0,-572.316144918292,98.0
233040.0,-707.122392696449,98.0
233100.0,-638.8162768970128,98.0
233160.0,-608.6707460743147,98.0
233220.0,-596.5737741773412,98.0
233280.0,-716.7651003052991,98.0
233340.0,-628.3765847680908,98.0
233400.0,-700.679774278684,98.0
233460.0,-445.86710915118573,98.0
233520.0,-677.3861877130275,98.0
233580.0,-633.5995734658686,98.0
233640.0,-622.1892546891796,98.0
233700.0,-638.5659958158949,98.0
233760.0,-456.6135923083916,98.0
233820.0,-381.4154926245334,98.0
233880.0,-544.2913272885974,98.0
233940.0,-583.9472589920388,98.0
234000.0,-627.9049793238219,98.0
234060.0,-497.29626319511715,98.0
234120.0,-490.5852998107549,98.0
234180.0,-499.62876222407795,98.0
234240.0,-436.2107379292536,98.0
234300.0,-414.72042418432846,98.0
234360.0,-407.9793511602741,98.0
234420.0,-435.2620309991439,98.0
234480.0,-471.31939329233757,98.0
234540.0,-354.19770081834696,98.0
234600.0,-382.321239209358,98.0
234660.0,-318.6944940630243,98.0
234720.0,-313.5155351450785,98.0
234780.0,-435.1509071428695,98.0
234840.0,-424.8253847895314,98.0
234900.0,-373.03389310709315,98.0
234960.0,-380.0100861039102,98.0
235020.0,-260.25587830652034,98.0
235080.0,-273.4341489410719,98.0
235140.0,-217.5091778384753,98.0
235200.0,-248.62507400019416,98.0
235260.0,-248.85679805750516,98.0
235320.0,-178.361759714715,98.0
235380.0,-211.140835327496,98.0
235440.0,-224.22738744952454,98.0
235500.0,-128.48617078503395,98.0
235560.0,-199.41425607355723,98.0
235620.0,-213.61007404048524,98.0
235680.0,-234.6572713714089,98.0
235740.0,-131.2592461074894,98.0
235800.0,-88.28626235474559,98.0
235860.0,-154.6296607924835,98.0
235920.0,-62.22219257419306,98.0
235980.0,-248.01934120170665,98.0
236040.0,-122.28656537999348,98.0
236100.0,-110.52662778757372,98.0
236160.0,-140.9238583661362,98.0
236220.0,56.52145018993076,98.0
236280.0,-79.71161372276117,97.98654251185954
236340.0,-89.45866211060763,98.0
236400.0,-52.7178685897091,98.0
236460.0,-163.7523364348384,98.0
236520.0,-78.51177370363467,98.0
236580.0,36.709097737496904,98.0
236640.0,-49.41820178432653,97.99125973863393
236700.0,-50.841924632241955,98.0
236760.0,88.00124314283391,98.0
236820.0,100.34993642492651,97.97904732306122
236880.0,61.423693900552166,97.95515448105529
236940.0,13.530207361897567,97.94052979203134
237000.0,36.86410132838921,97.93730831408803
237060.0,13.339353123533726,97.92853114710508
237120.0,12.21753300365475,97.92535511064709
237180.0,19.51278399551279,97.92244617421765
237240.0,55.325329850381024,97.91780027326634
237300.0,40.51179132696723,97.90462757568291
237360.0,18.913486992786602,97.89498191108125
237420.0,135.99361907605555,97.89047869989248
237480.0,146.95039771919863,97.85809926677913
237540.0,244.9175721568194,97.82311107684599
237600.0,112.71377138849573,97.76479736918961
237660.0,180.4714643412762,97.73796075695425
237720.0,191.30537544721324,97.69499136068252
237780.0,167.09392432371084,97.64944246176651
237840.0,236.70862685451652,97.60965819407039
237900.0,248.22816413143926,97.55329899720027
237960.0,230.96472001339976,97.49419705335946
238020.0,205.52560556418308,97.43920545335627
238080.0,208.8928388446812,97.39027078536479
238140.0,157.69520357798808,97.34053439516367
238200.0,200.75468670733665,97.30298791812129
238260.0,221.0705085100292,97.25518918319096
238320.0,200.1640951376723,97.20255334783144
238380.0,303.13783425173153,97.15489522994152
238440.0,357.60691350703945,97.08271955511968
238500.0,240.3174599723297,96.99757505190372
238560.0,320.72301900380285,96.94035660905317
238620.0,250.50676895297744,96.86399398548083
238680.0,303.0147750328507,96.8043495166825
238740.0,288.5649174416384,96.73220314167469
238800.0,374.6890603011344,96.66349720895049
238860.0,306.352791987788,96.5742855279264
238920.0,416.1966539786131,96.50134438697694
238980.0,349.080931261695,96.40224994555346
239040.0,333.08328140240667,96.31913543811021
239100.0,305.00262561632167,96.23982989491915
239160.0,403.43864820961227,96.16721022215336
239220.0,449.90675586096194,96.07115340115107
239280.0,420.43982590660187,95.96403274499369
239340.0,546.114704403939,95.86392802453973
239400.0,505.21133029239417,95.73390071396736
239460.0,408.5043247058097,95.61361230199297
239520.0,415.2964131316803,95.5163493675392
239580.0,469.8695465009772,95.41746926917452
239640.0,398.60126150053145,95.30559556762667
239700.0,525.9366401571486,95.21069050536464
239760.0,484.61173542178807,95.08546749580341
239820.0,485.1360923164491,94.97008374927442
239880.0,517.6720539128722,94.85457515586575
239940.0,586.4011154093572,94.73131990493411
240000.0,499.7319752632683,94.5917005917414
240060.0,488.9988582240318,94.47271678810729
240120.0,592.4706268126698,94.35628848853014
240180.0,566.0222015161733,94.21522405357474
240240.0,494.58341989684186,94.08045686273756
240300.0,519.8731763724667,93.96269890561926
240360.0,536.8464456537404,93.83891957791153
240420.0,552.2304400970307,93.71109899561301
240480.0,454.35435572513677,93.57961555749468
240540.0,448.2540864955122,93.4714359489887
240600.0,492.4294755094329,93.36470878553739
240660.0,492.4670005289704,93.24746367232086
240720.0,516.1996244424378,93.13020962457587
240780.0,597.1778206655093,93.00730495208957
240840.0,553.0008017504503,92.86511975669302
240900.0,578.7207297111041,92.73345289913338
240960.0,497.0178785729693,92.59566224920216
241020.0,546.0272760652773,92.47732465906574
241080.0,611.8807382249864,92.34731816476449
241140.0,614.8612163302317,92.20163227471092
241200.0,537.6113844260933,92.05523674701324
241260.0,591.9935620867549,91.92723403643559
241320.0,715.3959313770355,91.7862831883197
241380.0,583.5432428862464,91.61595082370611
241440.0,544.1043706302326,91.47701195635224
241500.0,576.3283287379804,91.34746329667838
241560.0,593.3048176779978,91.21024226602648
241620.0,579.68547347048,91.0689792141984
241680.0,587.8165901216375,90.93095886337208
241740.0,503.99392925410774,90.79100253239073
241800.0,533.7060145175393,90.67100397780642
241860.0,583.3267616736831,90.54393111720701
241920.0,583.1534574560183,90.405043792999
241980.0,559.8401800353663,90.26619773169995
242040.0,583.8917920070551,90.13290245073915
242100.0,598.8333821852231,89.99388059549938
242160.0,649.1557530144032,89.8513012187886
242220.0,590.415040284201,89.69674032521375
242280.0,620.8488674887948,89.55616531562228
242340.0,564.8995230198025,89.40834415669637
242400.0,632.1719040801632,89.27384427026308
242460.0,620.79818557418,89.123327150244
242520.0,650.5690318391559,88.97551805844061
242580.0,641.7505851909877,88.82062066990748
242640.0,634.5472231528311,88.66782291152867
242700.0,593.5552485713686,88.51674023934943
242760.0,614.350845259822,88.37541756111816
242820.0,663.616145264992,88.229143550342
242880.0,560.7891167509732,88.07113970623129
242940.0,562.2739290067218,87.93761848795725
243000.0,610.8858838770217,87.80374374295565
243060.0,624.895177144461,87.65829472298492
243120.0,550.4672009593006,87.50951015699815
243180.0,595.3198557531019,87.37844653772213
243240.0,594.0145651834268,87.23670371492376
243300.0,466.5434861546272,87.09527167559438
243360.0,586.0474464244367,86.9841898931766
243420.0,589.5038874734105,86.84465478688507
243480.0,589.0024350789855,86.70429671843902
243540.0,683.2092241920748,86.56405804342022
243600.0,524.8982627537217,86.40138918051734
243660.0,547.918186833561,86.27641340367121
243720.0,440.1709272717395,86.14595669252037
243780.0,567.5127444273156,86.04115409078901
243840.0,572.0523323753717,85.9060320087825
243900.0,564.5738602803154,85.76982907250266
243960.0,660.9732475406669,85.63540672481687
244020.0,645.4485878671842,85.4780321420691
244080.0,597.7409391134026,85.32435390686263
244140.0,570.0500926855813,85.18203463564515
244200.0,653.0352231091082,85.04630842310097
244260.0,589.415265480167,84.89082384617022
244320.0,540.6016698271202,84.75048687819876
244380.0,485.7806556628398,84.62177219490658
244440.0,561.2953215926468,84.50611013403447
244500.0,632.0326891300665,84.37246839079813
244560.0,722.2879087713646,84.22198441719574
244620.0,588.2957394129533,84.05001110558351
244680.0,537.5437292608773,83.90994069143757
244740.0,511.1959064069288,83.7819540892326
244800.0,614.2031078957037,83.66024077818334
244860.0,473.9645140257658,83.51400194297007
244920.0,611.5819573390779,83.4011532491544
244980.0,626.3082875204336,83.255538497407
245040.0,602.071730105743,83.10641747656881
245100.0,561.3301433421192,82.96306706463886
245160.0,606.9871604481319,82.82941703050979
245220.0,581.8943962231288,82.68489627802214
245280.0,523.4650397911457,82.5463499932071
245340.0,679.6591079787008,82.42171545992349
245400.0,545.983554111697,82.25989186278571
245460.0,612.0479902871679,82.1298957784734
245520.0,418.773663949661,81.98417006650027
245580.0,638.8361306135151,81.88446205127416
245640.0,648.7013102773983,81.7323582106519
245700.0,560.6639431322067,81.57790551772871
245760.0,590.6700094716787,81.44441410269724
245820.0,588.8964771196601,81.30377838615637
245880.0,515.0329514357506,81.16356493922311
245940.0,584.614883782194,81.04093804602412
246000.0,501.43108380999485,80.90174402607599
246060.0,511.5592621115855,80.7823556727879
246120.0,613.8120485932558,80.66055584847562
246180.0,602.7613441605416,80.51441012262009
246240.0,499.96204386699696,80.37089551686758
246300.0,496.36958618878634,80.25185693499448
246360.0,499.66550227814224,80.13367370018763
246420.0,580.3549841321714,80.01470572345474
246480.0,474.37166001113053,79.87652596532803
246540.0,553.727115111636,79.76358033199205
246600.0,575.0688996589405,79.63174054267975
246660.0,522.877876352382,79.49481937609428
246720.0,586.6723716524448,79.37032464362943
246780.0,505.68797821526664,79.23064074561694
246840.0,508.9760424846504,79.11023884604188
246900.0,461.01680724687077,78.98905407402172
246960.0,578.5104986672347,78.87928816753437
247020.0,469.3016441109596,78.7415475726136
247080.0,534.0775920917556,78.62980908592051
247140.0,506.5967925624863,78.50264775447009
247200.0,445.4799699114077,78.38202947052665
247260.0,469.85934708860776,78.27596281102393
247320.0,587.1244973182355,78.1640915379076
247380.0,513.9869470010315,78.02429999092706
247440.0,439.0631669424108,77.90192214640301
247500.0,515.6465944911222,77.797383297131
247560.0,486.2654350755053,77.67461029844264
247620.0,699.9717611936057,77.55883281390086
247680.0,507.52507559062246,77.39217287075952
247740.0,465.2614347308581,77.27133356704748
247800.0,570.9751344378813,77.1605570349687
247860.0,372.9797137628961,77.02461057438826
247920.0,486.7640414589264,76.93580588063519
247980.0,598.4286428274683,76.81990968028782
248040.0,469.44485435093725,76.67742667009081
248100.0,370.06902378594225,76.56565408572153
248160.0,447.95929496543636,76.47754241339155
248220.0,556.6303621785894,76.37088543839978
248280.0,489.5665865725771,76.23835439978583
248340.0,414.3129973370807,76.12179092679236
248400.0,421.1711624686803,76.02314497504544
248460.0,426.34508108277896,75.92286612683861
248520.0,479.24091542170254,75.82135539324747
248580.0,535.5039063868641,75.70725041338517
248640.0,516.0023317584428,75.57974948329306
248700.0,477.864769499321,75.45689178525534
248760.0,368.2552667275709,75.34311445918406
248820.0,366.1312851322914,75.25543463377274
248880.0,475.4595468285494,75.16826051826504
248940.0,360.3977834479238,75.05505586425825
249000.0,425.25860626905245,74.96924686819922
249060.0,454.71369906798066,74.86799481908754
249120.0,365.8870477109481,74.75972965264279
249180.0,370.37142825688306,74.67261368890209
249240.0,423.8713378790839,74.58443001550759
249300.0,457.43648307827846,74.48350826839352
249360.0,488.61535602088657,74.37459482004155
249420.0,459.06256005335365,74.25825783051278
249480.0,424.78268528552206,74.14895722097626
249540.0,373.3247935218959,74.04781848638447
249600.0,351.5849344877069,73.95893163078402
249660.0,382.9397142702185,73.87522093209647
249720.0,435.9519838730724,73.78404480965118
249780.0,429.32770878704775,73.68024671825283
249840.0,280.92192823582195,73.5780258352083
249900.0,357.57289537581244,73.51113966181882
249960.0,474.79352420037935,73.4260032581579
250020.0,405.0979782420067,73.31295718096735
250080.0,313.1593512123879,73.21650528138592
250140.0,537.3771201763295,73.14194353109725
250200.0,392.1527977386297,73.01399659772194
250260.0,414.8246073408972,72.92062688397465
250320.0,413.62545566773935,72.82185912032206
250380.0,365.50208209681733,72.7233768689726
250440.0,341.82196508321323,72.63635256371144
250500.0,510.7104842225044,72.55496638154877
250560.0,441.5512367750556,72.43336864721007
250620.0,428.6395837837654,72.32823740035887
250680.0,411.8809954195624,72.22618035660084
250740.0,315.10096539430816,72.12811345292951
250800.0,449.96449575283987,72.05308941354991
250860.0,320.75393881532375,71.94595500979923
250920.0,386.3850772228456,71.86958502436701
250980.0,269.08741174970106,71.77758857740919
251040.0,243.07937659844765,71.71352014604021
251100.0,382.72583573460935,71.65564410399296
251160.0,313.19739793840074,71.56451890500853
251220.0,240.52599520532956,71.48994809597558
251280.0,390.4631816096415,71.43268000187908
251340.0,483.4000381337554,71.3397125776863
251400.0,437.75554917830175,71.22461733051159
251460.0,337.1478974626698,71.12038981880247
251520.0,351.3411457759234,71.04011650988278
251580.0,402.3147952995698,70.9564638561266
251640.0,414.6407363487117,70.86067461915052
251700.0,324.98028835108005,70.76195063430558
251760.0,345.9413014987839,70.68457437517436
251820.0,360.2446459821617,70.60220739862703
251880.0,373.7764405623895,70.51643486386938
251940.0,330.9144278681047,70.42744047325928
252000.0,330.068158367929,70.34865132376687
252060.0,418.45662550881457,70.27006366701261
252120.0,406.6505349029422,70.17043113712955
252180.0,361.15576120071773,70.07360958120029
252240.0,434.10875700283793,69.98762011424773
252300.0,306.2458224768512,69.88426088638991
252360.0,425.3006099753752,69.81134521437161
252420.0,358.98204672890427,69.71008316437748
252480.0,521.220882368938,69.62461124848964
252540.0,251.9578608695367,69.5005110384018
252600.0,280.71277111892863,69.4405210715281
252660.0,345.78728916297905,69.37368469745216
252720.0,343.09858785800446,69.2913543905086
252780.0,434.8971630548204,69.20966425054242
252840.0,276.4297323022935,69.10611730695794
252900.0,369.4897734158284,69.04030070402882
252960.0,383.62389501406255,68.95232694845363
253020.0,354.8553784650363,68.86098792583124
253080.0,253.63599540534386,68.77649855000622
253140.0,394.4993719107724,68.71610902729067
253200.0,382.55012874406196,68.62218060540715
253260.0,343.5411309894273,68.53109724142047
253320.0,318.62089662363087,68.44930173404204
253380.0,318.73894628211195,68.37343961579832
253440.0,299.27910439118585,68.29754939049306
253500.0,341.2993988035863,68.22629246087611
253560.0,303.5875654532096,68.14503069925621
253620.0,249.69319177484635,68.07274794557688
253680.0,236.59232370912338,68.01329718563049
253740.0,253.30657491048905,67.95696567998546
253800.0,310.6952836857816,67.89665459072106
253860.0,294.70614111171506,67.82267952317682
253920.0,308.2176725015465,67.7525113943407
253980.0,324.33666277826194,67.67912623422129
254040.0,255.6565868168867,67.60190321927408
254100.0,380.26041613282155,67.5410326033653
254160.0,275.299971390775,67.45049440904796
254220.0,264.4155205951026,67.38494679681206
254280.0,318.4393858784541,67.32199072047989
254340.0,178.39707171406516,67.24617181908026
254400.0,240.26333383313582,67.203696325815
254460.0,345.6835725603524,67.14649077014045
254520.0,181.71361947214626,67.06418515762607
254580.0,352.1688821576255,67.0209200101327
254640.0,374.9537198216169,66.93707027628564
254700.0,261.3047354219636,66.84779558109001
254760.0,300.1826182021988,66.78558016789431
254820.0,349.0359709912866,66.7141081159414
254880.0,253.11521482817415,66.63100431332442
254940.0,332.435671851276,66.57073878598439
255000.0,239.3613683100454,66.49158743554361
255060.0,250.24972017034975,66.43459663356502
255120.0,230.2354624692166,66.3750133668578
255180.0,298.05832919336837,66.32019539960322
255240.0,346.2953644171055,66.24922913074766
255300.0,265.1018685314186,66.1667778535055
255360.0,199.21863871319434,66.10365836099801
255420.0,209.88946447166387,66.05622535178058
255480.0,297.89928685689415,66.00625166976351
255540.0,384.2547367356712,65.93532326813092
255600.0,296.62848497464955,65.84383404509862
255660.0,249.20104782245053,65.77320821534275
255720.0,317.8081775067626,65.71387463252788
255780.0,256.9017828886638,65.63820601883579
255840.0,248.02123267402413,65.57703892767182
255900.0,212.66934774792603,65.51798625322563
255960.0,354.1540976467283,65.46735069423802
256020.0,116.77651062745022,65.38302829003642
256080.0,316.49372390053736,65.35522435893465
256140.0,240.30185164038332,65.2798687103869
256200.0,243.02149278986684,65.22265398380587
256260.0,368.707071182845,65.16479172361781
256320.0,223.8571821851043,65.07700432571713
256380.0,225.44827036326464,65.02370499662544
256440.0,257.9864492624818,64.97002683701514
256500.0,290.2087699169269,64.90860149195265
256560.0,238.4443702650252,64.83950416578196
256620.0,170.11176822373812,64.78273169667123
256680.0,212.19862675305126,64.74222889471321
256740.0,340.62722069309154,64.69170541215296
256800.0,267.8497591783183,64.61060369294032
256860.0,290.05347615109616,64.546829940755
256920.0,246.9370140357087,64.47776958929046
256980.0,222.6952686963753,64.4189750621391
257040.0,362.5707761496343,64.36595237911615
257100.0,250.28505058072392,64.27962600384242
257160.0,234.64263717955376,64.22003432513273
257220.0,326.6897974379175,64.16416703056618
257280.0,217.2640609915589,64.08638374546192
257340.0,224.61431610700077,64.03465420713059
257400.0,260.6127263156065,63.98117460805749
257460.0,259.721643215787,63.91912395893473
257520.0,274.9970231796633,63.857285472454784
257580.0,384.6426388126007,63.79180999074534
257640.0,279.04663905865755,63.700228410075674
257700.0,115.92471263135536,63.633788734109324
257760.0,277.9289057636769,63.60618761205424
257820.0,260.3734593479583,63.54001406306289
257880.0,260.46388431733743,63.47802038226576
257940.0,272.3763399468121,63.41600517171401
258000.0,255.66768249829687,63.35115366220287
258060.0,254.00665871883513,63.29028040446518
258120.0,293.7270357467768,63.22980262857974
258180.0,224.20639848670555,63.1598676200686
258240.0,199.662665465985,63.106485144238434
258300.0,437.7489418542669,63.05894641436558
258360.0,213.1743025020684,62.95472047582885
258420.0,261.9433810382399,62.90396468951884
258480.0,166.00949037908794,62.841597217843066
258540.0,262.5566325646591,62.80207114870519
258600.0,199.399422908556,62.73955766476122
258660.0,228.67389855317313,62.692081611687755
258720.0,317.7602518136835,62.63763544536557
258780.0,283.2157088172695,62.56197824255278
258840.0,288.8430255223174,62.494545930929625
258900.0,148.3139317873442,62.42577378199574
258960.0,364.6520430921031,62.39046094109399
259020.0,182.78180371202984,62.30363902607206
259080.0,345.8688170523716,62.26011954899777
259140.0,315.31232185514955,62.17776983065197
259200.0,284.6399656598808,62.102695468305505
259260.0,198.70091440271696,62.034924047910295
259320.0,259.09539206000494,61.98761430638584
259380.0,221.74471685573462,61.92592492732393
259440.0,251.74237591916503,61.87312856616781
259500.0,235.00766622988382,61.81318990523467
259560.0,127.6833715395867,61.75723569898946
259620.0,317.3070511657411,61.72683489624194
259680.0,245.13357290142446,61.65128559834533
259740.0,220.9119785282175,61.59292046194023
259800.0,216.38036875013867,61.54032237181447
259860.0,271.5075775425834,61.48880323639777
259920.0,196.37462292423245,61.42415857507811
259980.0,114.68946999717173,61.3774027124771
260040.0,274.42779200607197,61.350095695811106
260100.0,281.14618402519926,61.28475574533347
260160.0,238.02209502976638,61.21781617770842
260220.0,181.1258323924167,61.16114425032038
260280.0,255.33613778385003,61.118019052131714
260340.0,162.1280636943602,61.05722473361175
260400.0,188.3661704935447,61.018622813684516
260460.0,204.95813064829989,60.973773725471766
260520.0,300.63635168132396,60.9249741705555
260580.0,228.24335104011905,60.85339408682185
260640.0,223.12802405144672,60.7990504318123
260700.0,367.2815604318896,60.74592471180005
260760.0,271.14776014981396,60.65847672122103
260820.0,270.3396818253253,60.593917730709165
260880.0,227.81796743507792,60.52955113979837
260940.0,214.2177131183581,60.47530876659955
261000.0,118.81562788889713,60.42430454919042
261060.0,308.12444740978594,60.39601511397878
261120.0,276.8985991424795,60.32265215030978
261180.0,239.25005861303342,60.256723912418714
261240.0,241.76641761874677,60.19975961274894
261300.0,294.16867711096546,60.14219617998258
261360.0,156.71741876981457,60.07215601876568
261420.0,214.6071451839543,60.03484234763001
261480.0,181.8218553806048,59.9837454083005
261540.0,356.29058634668576,59.940454490352735
261600.0,302.53936373119564,59.85562339836543
261660.0,117.83847596737792,59.78359021652467
261720.0,159.17433966040142,59.75553343653244
261780.0,242.05929990435206,59.717634784232345
261840.0,221.65363086922883,59.66000161758845
261900.0,170.5371146558258,59.607226943571966
261960.0,366.68578522508125,59.566622868653916
262020.0,268.7524499304531,59.47931672931461
262080.0,278.4890389111782,59.41532805075974
262140.0,208.47916738005043,59.34902113673327
262200.0,293.33651833194466,59.29938323973802
262260.0,227.17410941017687,59.22954121156375
262320.0,232.9994906448872,59.17545213789466
262380.0,286.66020511748326,59.1199760686935
262440.0,152.26024058162963,59.05172363890362
262500.0,345.8217735669223,59.01547120066989
262560.0,260.94346292252493,58.93313268315396
262620.0,326.85677124380334,58.87100328722002
262680.0,185.47494265738413,58.79318024644768
262740.0,194.610230658147,58.749019545814974
262800.0,180.28613560846105,58.702683776610655
262860.0,265.0180208833109,58.65975850622769
262920.0,253.95917113073287,58.59665897744595
262980.0,222.1354772901826,58.536192508129105
263040.0,189.15604930283047,58.4833031087743
263100.0,174.0044401993615,58.43826595417839
263160.0,247.0911990144121,58.3968363255595
263220.0,222.0650441609819,58.338005087698924
263280.0,208.86385061025365,58.285132458136786
263340.0,342.8256599504233,58.23540296989625
263400.0,245.06077223688797,58.1537778127652
263460.0,326.2029127316657,58.095430009851654
263520.0,218.00523123801207,58.01776264967745
263580.0,264.6869665863734,57.96585664223983
263640.0,246.67185792839646,57.90283593590974
263700.0,148.14311180170034,57.84410454116489
263760.0,335.7007824882629,57.8088323716883
263820.0,241.8913038573538,57.728903613952994
263880.0,294.78565221823663,57.67131044636791
263940.0,204.87887722536613,57.60112338631595
264000.0,240.1099821722263,57.55234270126229
264060.0,197.9895511282946,57.49517365788795
264120.0,324.1606527235093,57.44803328857169
264180.0,268.6853592444825,57.37085218078038
264240.0,272.02406848679846,57.30687947619836
264300.0,331.4919683080751,57.24211184084436
264360.0,319.3814642738896,57.16318518172339
264420.0,295.92161028108353,57.087141975943894
264480.0,164.69749392931791,57.016684449686494
264540.0,208.26046953540197,56.977470760655706
264600.0,189.76801616792906,56.92788493457585
264660.0,293.6534196088573,56.88270207358349
264720.0,260.24061459583675,56.812784592724235
264780.0,166.57085903024227,56.75082254162999
264840.0,238.67706652924693,56.711162813289455
264900.0,160.3551012075951,56.6543349403063
264960.0,246.81258238971543,56.616155154304494
265020.0,150.67976057436624,56.55739025373551
265080.0,281.7319089394941,56.52151412026542
265140.0,272.6801754053178,56.45443509432745
265200.0,364.4794965721309,56.389511243040474
265260.0,300.8751647658179,56.3027304105233
265320.0,224.6281044837389,56.23109346653144
265380.0,299.0873706376186,56.177610584511505
265440.0,166.14355096696366,56.106399305788266
265500.0,192.25526081081367,56.066841317462796
265560.0,269.99241749078806,56.021066255364985
265620.0,120.50915061656255,55.95678234643861
265680.0,247.77476539077898,55.928089691529905
265740.0,188.78891542367776,55.8690956997702
265800.0,256.08345621280296,55.82414595800266
265860.0,185.3411920578916,55.76317370652342
265920.0,275.4606243735574,55.71904485127154
265980.0,251.16576741660663,55.653458988325454
266040.0,334.02848757706954,55.59365761513102
266100.0,250.4110413678378,55.514127022850765
266160.0,203.88886554842878,55.454505346334614
266220.0,235.19477645324716,55.40596037834689
266280.0,169.35426912985065,55.3499616220485
266340.0,274.3772464292066,55.30963917701758
266400.0,0.0024398642805658457,55.244311261201105
266460.0,0.0002991107373161372,55.24431068028104
266520.0,-0.0031427981697946103,55.24431060906419
266580.0,4.3002355312572746e-05,55.244311357349474
266640.0,0.0023059033277737927,55.244311347110816
266700.0,-0.0050321076915088945,55.24431079808621
266760.0,0.0015850438082235232,55.24431199620709
266820.0,-0.007893415480759124,55.24431161881571
266880.0,0.005527856715708041,55.24431349820035
266940.0,0.002635904053859869,55.244312182043984
267000.0,0.008146415178108993,55.24431155444778
267060.0,-0.005582982198877129,55.24430961482512
267120.0,0.0056672586440822985,55.244310944106594
267180.0,0.004678900317840651,55.2443095947593
267240.0,-0.000911160236039449,55.24430848073541
267300.0,-0.0018832167652745335,55.24430869767833
267360.0,-0.005425730282450182,55.24430914606327
267420.0,-0.006729048488612464,55.24431043790381
267480.0,-0.0037561715973651474,55.24431204005822
267540.0,-0.0062788782120147815,55.24431293438479
267600.0,0.00797861241795309,55.24431442935579
267660.0,-0.007510259616344708,55.24431252968617
267720.0,0.0007444773905304728,55.24431431784322
267780.0,0.002178525634425526,55.244314140586695
267840.0,0.0017874961597397609,55.244313621890115
267900.0,0.0022264430519948987,55.24431319629579
267960.0,0.004732001587248375,55.244312666190304
268020.0,-0.002229610812183352,55.24431153952326
268080.0,0.0004377532284510605,55.244312070382975
268140.0,-0.0014678075648286513,55.24431196615602
268200.0,0.0065126279562509075,55.24431231563401
268260.0,0.010499329617374377,55.24431076500831
268320.0,-0.0059696688008068766,55.24430826516792
268380.0,-0.010155504213021622,55.24430968651764
268440.0,0.0028456578450951064,55.24431210449483
268500.0,0.005351864421178544,55.244311426957246
268560.0,0.009784886566242275,55.24431015270381
268620.0,0.003689451756083279,55.24430782296891
268680.0,0.006978904793436034,55.24430694452802
268740.0,0.008300303664381552,55.24430528288402
268800.0,0.007323888858154335,55.24430330662124
268860.0,0.004405802550815744,55.24430156283818
268920.0,-0.006411047814717611,55.24430051383757
268980.0,-4.180927919178391e-05,55.24430204027753
269040.0,0.001500193095295839,55.24430205023212
269100.0,-0.0004990481659681027,55.24430169304329
269160.0,-0.00019052978924405777,55.24430181186428
269220.0,0.007836140318439521,55.24430185722852
269280.0,-0.0037841584184418182,55.24429999148083
269340.0,0.003995261814333264,55.24430089247093
269400.0,0.0015822081243961545,55.24429994121812
269460.0,-0.004287661946191646,55.244299564501894
269520.0,-0.005383007491267894,55.244300585373786
269580.0,-0.008506575367400822,55.24430186704224
269640.0,0.0024278851497438634,55.24430389241733
269700.0,-0.00031622406700519337,55.24430331434944
269760.0,-0.004128887149883874,55.24430338964088
269820.0,-0.009380525622180278,55.24430437270925
269880.0,0.0021635545092444546,55.24430660616773
269940.0,-0.0008686364680015805,55.2443060910357
270000.0,-0.0035684673592533997,55.24430629785391
270060.0,-0.004820199623254141,55.244307147488996
270120.0,-0.0011928758171163296,55.24430829515558
270180.0,0.0023499824286962955,55.24430857917363
270240.0,-0.0016499149221067472,55.244308019654
270300.0,-0.005942631636482378,55.24430841249089
270360.0,-0.0002906247751774397,55.244309827403185
270420.0,0.005227737336263086,55.24430989659956
270480.0,0.00020133795622105443,55.2443086519002
270540.0,0.00034211771147144173,55.24430860396259
270600.0,-0.0016283447838908722,55.24430852250599
270660.0,-0.004448319052823022,55.24430891020713
270720.0,-0.004614487081768579,55.244309969330715
270780.0,-0.008309270333759576,55.24431106801811
270840.0,0.005906129181935758,55.24431304641581
270900.0,0.002312270880239247,55.244311640194574
270960.0,0.0004124341962644844,55.24431108965389
271020.0,0.0014779138338869469,55.24431099145527
271080.0,0.0016976469811244555,55.244310639571026
271140.0,-0.0036727314512746117,55.24431023536936
271200.0,-0.0016263116464665154,55.24431110982923
271260.0,-0.0023710433869130816,55.24431149704629
271320.0,0.012557120084375022,55.24431206158043
271380.0,0.005101010207280425,55.244309071789935
271440.0,0.0008394114241269604,55.24430785726369
271500.0,0.006829921375648424,55.24430765740383
271560.0,0.006198441222542083,55.24430603123207
271620.0,-0.006902621537825018,55.24430455541273
271680.0,-0.0011142664053747895,55.24430619889405
271740.0,-8.162198404292817e-05,55.244306464195574
271800.0,0.0030576397449103327,55.24430648362938
271860.0,-0.001119963726462166,55.24430575561992
271920.0,-0.0004926555754393798,55.24430602227795
271980.0,-0.0023067441364566987,55.24430613957689
272040.0,0.005244675812925541,55.244306688801686
272100.0,-0.007216702213640276,55.24430544006935
272160.0,-0.0021367738578366925,55.24430715833178
272220.0,-0.009218379971980512,55.24430766708746
272280.0,-0.005148197215741275,55.24430986193983
272340.0,0.0015858873318595134,55.24431108770108
272400.0,0.0016807714498032356,55.244310710108856
272460.0,-0.001565958460203277,55.244310309925176
272520.0,0.005619925730688888,55.24431068277243
272580.0,0.006770214436496446,55.24430934469488
272640.0,-0.00034613667639986595,55.24430773273906
272700.0,0.0012521642819710525,55.24430781515255
272760.0,-0.002262722211116997,55.2443075170182
272820.0,0.00313443860725763,55.244308055761586
272880.0,-0.005970302400123235,55.24430730946668
272940.0,0.008979174046896372,55.24430873096725
273000.0,0.005699926313641127,55.244306593068664
273060.0,-0.005994631769705515,55.24430523594335
273120.0,-0.003945092377503411,55.24430666323663
273180.0,0.002106243820224131,55.24430760254434
273240.0,-0.0016912555184181056,55.244307101057714
273300.0,0.0027229977436082457,55.2443075037376
273360.0,-0.0017969817350805318,55.24430685540481
273420.0,0.007624058790600291,55.244307283257605
273480.0,4.153496350651788e-05,55.244305468005514
273540.0,0.012102775655043732,55.24430545811624
273600.0,0.00301337648556415,55.24430257650299
273660.0,-0.006747021691240668,55.2443018590324
273720.0,0.010432482917366237,55.24430346546613
273780.0,0.00549339477435258,55.24430098154163
273840.0,0.0019007381254048993,55.24429967359049
273900.0,0.003233167280992139,55.24429922103379
273960.0,-0.005945233823085939,55.244298451232055
274020.0,-0.00902188055168132,55.24429986676392
274080.0,-0.00020874853750678054,55.244302014830716
274140.0,0.006893851695745841,55.24430206453275
274200.0,0.0019785442163430303,55.244300423139485
274260.0,0.008545857487045722,55.24429995205753
274320.0,0.006606103915960949,55.24429791732956
274380.0,0.00010304353392726423,55.244296344447676
274440.0,0.0059187846066361275,55.2442963199135
274500.0,0.007612976929273648,55.24429491067907
274560.0,-0.0004009098554143843,55.24429309806552
274620.0,-0.0010688778027241105,55.24429319352025
274680.0,0.0007022524366662101,55.244293448014965
274740.0,-0.012059539138626578,55.244293280812
274800.0,0.0014021595078792155,55.24429615213084
274860.0,0.003602189915424069,55.24429581828334
274920.0,0.0007225554570775071,55.24429496061907
274980.0,0.001723372101806869,55.24429478858206
275040.0,-0.00021738187799751673,55.24429437825537
275100.0,-0.009985109449771531,55.24429443001296
275160.0,0.008312973804516824,55.24429680741997
275220.0,-0.001839144237008592,55.2442948281405
275280.0,-0.003088850637650866,55.24429526603198
275340.0,0.006789913892259139,55.24429600147261
275400.0,0.0048935023423060725,55.244294384826446
275460.0,0.0013653292798788876,55.24429321970684
275520.0,0.003846848615497975,55.24429289462844
275580.0,-0.005774941678452412,55.2442919787121
275640.0,-0.0004044718700977408,55.24429335369821
275700.0,0.006473920547286247,55.24429345000104
275760.0,-0.003385709095650848,55.244291908591386
275820.0,-0.0049916665249687565,55.2442927147126
275880.0,0.00039301976418345045,55.24429390320463
275940.0,0.0005102850554889709,55.244293809628495
276000.0,0.0032378604992000914,55.24429368813205
276060.0,-0.006890762186198222,55.24429291721289
276120.0,-0.012746883852003153,55.24429455787055
276180.0,0.004606159637194348,55.2442975928429
276240.0,-0.0054149098660237465,55.24429649613822
276300.0,-0.0030499518059059426,55.24429778540247
276360.0,-0.010916177409769781,55.244298511581476
276420.0,0.005114563410127788,55.24430111067134
276480.0,0.0017516911203626553,55.24429989291814
276540.0,0.0015509727202547413,55.24429947584883
276600.0,0.0015172754209476817,55.244299106569606
276660.0,-0.010300810770157428,55.24429874531356
276720.0,-0.004925829942039528,55.24430119788755
276780.0,-0.0022586355522309777,55.244302370704204
276840.0,-0.003743713855681673,55.24430290847457
276900.0,-0.001357557748231026,55.244303799835016
276960.0,0.0012309985133939754,55.24430412306305
277020.0,0.005032191581275955,55.24430382996817
277080.0,-0.007401020135203502,55.24430263182732
277140.0,-4.4176933992385486e-05,55.24430439397497
277200.0,308.75080764587346,55.24430440449329
277260.0,219.16158098939417,55.17079230743475
277320.0,103.70082791061563,55.11861097862775
277380.0,230.90754502702057,55.0939203053157
277440.0,266.4787300203495,55.0389423184045
277500.0,259.7382833270687,54.97549500173299
277560.0,388.538829891365,54.91365255332178
277620.0,261.884303034851,54.821143308109555
277680.0,352.90943206425254,54.75878990262507
277740.0,300.30013623111057,54.67476384737167
277800.0,300.31400720807267,54.603263814935694
277860.0,254.1710227378633,54.53176047988615
277920.0,302.2369906638796,54.471243569710474
277980.0,261.35705073608386,54.39928238145717
278040.0,318.99209172041105,54.33705451223429
278100.0,296.1725904053922,54.26110401420562
278160.0,255.25611148956278,54.19058673077576
278220.0,373.063100363613,54.12981146613539
278280.0,340.8050910954806,54.04098691842977
278340.0,289.9858130139408,53.95984284912132
278400.0,327.3038755131133,53.89079860792753
278460.0,315.27955160472845,53.81286911375774
278520.0,270.01803001617236,53.73780255385186
278580.0,328.0978795001558,53.67351254670515
278640.0,288.43210310201874,53.595394003967016
278700.0,270.8515945270999,53.52671969370463
278760.0,232.06652839444473,53.46223121881722
278820.0,309.8311941345174,53.40697728348521
278880.0,367.31104423657644,53.333207951548424
278940.0,293.58847539926376,53.24575294101591
279000.0,488.51579460153187,53.175850923063706
279060.0,392.4495762569014,53.05953763863477
279120.0,419.6332401015993,52.96609726333551
279180.0,391.1827230536453,52.86618458712085
279240.0,456.7643299769364,52.77304584353665
279300.0,300.52602405192965,52.66429243163738
279360.0,196.28485663389364,52.59273861638692
279420.0,325.3735667357974,52.546004126712184
279480.0,387.8750481963507,52.46853422987033
279540.0,365.7423678636427,52.37618302791882
279600.0,375.4774440920077,52.28910151176081
279660.0,440.52946169311014,52.199702120310334
279720.0,386.5518180431728,52.09481415324055
279780.0,413.9440381720492,52.00277800608741
279840.0,312.04343981242647,51.90421990176073
279900.0,305.1281904170396,51.82992384466254
279960.0,470.15951962989305,51.75727427551563
280020.0,381.8534897108883,51.6453315327466
280080.0,340.91775296901733,51.554414035196395
280140.0,343.5648620743994,51.473243141632345
280200.0,344.4625978202512,51.391441983995584
280260.0,343.457803366576,51.309427079752666
280320.0,311.6151983349307,51.22765141228443
280380.0,301.21035871113907,51.15345731744278
280440.0,382.1890390182514,51.0817405653687
280500.0,360.98905461063566,50.990743175126255
280560.0,465.6904151440892,50.90479340021896
280620.0,419.5619900794103,50.793914729946565
280680.0,420.6325778765425,50.69401901802289
280740.0,362.88129987436537,50.59386840424276
280800.0,402.97997167326645,50.507468094748866
280860.0,434.69228051057723,50.41152048244571
280920.0,458.8110986211376,50.30802232041938
280980.0,413.0287805092775,50.198781582652444
281040.0,486.2476192589402,50.100441396816905
281100.0,424.83156782192754,49.9846681541362
281160.0,474.788292937895,49.88351778084527
281220.0,400.7039327820736,49.77047294919339
281280.0,324.228787035144,49.675067250911944
281340.0,451.98513614348315,49.59786992066548
281400.0,482.31207132196766,49.49025441205989
281460.0,476.23103899601244,49.375418204602276
281520.0,469.9665090068699,49.262029861984175
281580.0,426.65171828556066,49.1501330741254
281640.0,402.0992634860372,49.048549331676455
281700.0,486.54925239832187,48.95281141179883
281760.0,481.9772559805014,48.836966351703985
281820.0,425.6835614400677,48.72220986218482
281880.0,528.8511822509446,48.62085663327052
281940.0,412.26202271880004,48.49493968511553
282000.0,433.1696270022017,48.39678206065867
282060.0,569.3113116919128,48.293646435181955
282120.0,526.1820027288612,48.158096122874355
282180.0,455.5231454120244,48.0328146936532
282240.0,497.177291955858,47.924356801888436
282300.0,492.14564428667165,47.80598125618466
282360.0,321.03662747201236,47.68880372183069
282420.0,434.29082594821944,47.612366429575445
282480.0,488.52347770806136,47.50896385196872
282540.0,473.06055176704587,47.39264873822871
282600.0,512.1530511400259,47.28001527352227
282660.0,567.9509144389815,47.15807407086988
282720.0,483.72905247971937,47.022847662670124
282780.0,442.3839997573934,46.90767407874638
282840.0,528.1380532087702,46.80234455499462
282900.0,491.8335087060107,46.67659739946872
282960.0,504.8300506468375,46.55949418311015
283020.0,499.42809302173913,46.43929655200375
283080.0,654.1618491154418,46.320385101284295
283140.0,387.9015062615661,46.164632280066336
283200.0,501.7097322273894,46.07227477857548
283260.0,527.4269633289155,45.95282008042611
283320.0,483.38954148391656,45.82724223201446
283380.0,586.8273930453645,45.7121494840421
283440.0,584.1817456613858,45.572428676174155
283500.0,535.0368697302202,45.433337784350016
283560.0,524.1437414782278,45.30594805346187
283620.0,536.1136814047413,45.18115192453848
283680.0,538.9544779536132,45.053505809918306
283740.0,542.9123093628264,44.925183315167445
283800.0,538.668965911339,44.795918479604865
283860.0,567.3900906547043,44.667663963911686
283920.0,599.6888798984692,44.53257108518437
283980.0,482.89119637166215,44.38978801854188
284040.0,495.8340819506203,44.274813924167674
284100.0,456.08525968936965,44.15675819036991
284160.0,615.0567972856563,44.04816646187244
284220.0,580.122039242724,43.901724367280615
284280.0,597.400367844295,43.76360007222282
284340.0,483.2470158542867,43.62136188940275
284400.0,677.9962618790187,43.50630307610411
284460.0,535.5779865866625,43.344875394704346
284520.0,582.8439403773375,43.21735682646943
284580.0,624.2689141947263,43.07858445971292
284640.0,513.7162334733968,42.929949003952274
284700.0,539.795900739408,42.80763561503004
284760.0,582.7013681660035,42.67911278152065
284820.0,742.5280854966423,42.540374360528745
284880.0,588.0422504431693,42.36358195922002
284940.0,665.0286675224224,42.223571899590695
285000.0,639.4455898375196,42.065231740656785
285060.0,587.437350399862,41.91298279069547
285120.0,504.05618361996284,41.77311675488598
285180.0,624.8494094328672,41.65310337783361
285240.0,469.04369340263895,41.50432970892102
285300.0,652.4630380467146,41.39265263906325
285360.0,565.7089579261055,41.23730429667118
285420.0,391.8146599494559,41.10261168764115
285480.0,527.3415942500399,41.00932248289128
285540.0,583.7800450721762,40.88376496045079
285600.0,526.9229482455917,40.74476971162408
285660.0,580.4784013492367,40.6193118668037
285720.0,482.84506549760556,40.48110272362531
285780.0,451.59301851209113,40.36613961279255
285840.0,521.6097434992439,40.25861746552777
285900.0,523.5759589028695,40.13442466945652
285960.0,496.40745425158644,40.0097637268606
286020.0,586.4212568979532,39.891571475848316
286080.0,457.09116653730956,39.75194736706309
286140.0,522.0616364017853,39.643116136935156
286200.0,502.36793897416607,39.518815747315685
286260.0,399.7564191360706,39.39920433327422
286320.0,408.7404119895366,39.304024233479915
286380.0,483.17453517379295,39.20670508776812
286440.0,595.7659047806962,39.09166353177436
286500.0,505.94206482718903,38.94981450682657
286560.0,361.79924950562923,38.829352110439146
286620.0,272.72055404985736,38.74320943198543
286680.0,497.2081292828424,38.67827596673546
286740.0,441.1912970897011,38.55989307881098
286800.0,509.0449144656443,38.45484753188486
286860.0,381.19793394190384,38.333646361773994
286920.0,448.39456480379226,38.24288494893068
286980.0,471.3633385609621,38.13612433826311
287040.0,386.82810415225515,38.02389497193907
287100.0,381.06723116096265,37.93179304237901
287160.0,400.9796156899881,37.84106274924545
287220.0,424.73254257308804,37.74559141217641
287280.0,383.898283472413,37.64446461632568
287340.0,435.6643356486406,37.55306026311796
287400.0,341.85618270641623,37.449330659392096
287460.0,282.0994789285625,37.367936330176285
287520.0,472.5374349513404,37.30076978757425
287580.0,309.64311523474186,37.188260874490595
287640.0,303.7050412282226,37.11453632324423
287700.0,325.6437041875968,37.04222559914227
287760.0,325.29474249677196,36.96469138385951
287820.0,289.62820465163566,36.88724025469361
287880.0,303.24366552631733,36.81828115834798
287940.0,293.2613387488373,36.74608028560362
288000.0,297.3922849365301,36.67625615733009
288060.0,136.610405684012,36.605448470440436
288120.0,381.97104380929164,36.57292218337282
288180.0,251.24408477074007,36.48197669675156
288240.0,285.7875989867602,36.42215667656805
288300.0,159.04080532905277,36.35411201014263
288360.0,204.1531567625289,36.316245151730946
288420.0,182.67201706028317,36.26763725726368
288480.0,301.7055787435943,36.224143919868375
288540.0,168.7997939759552,36.152309258262754
288600.0,239.77703574389648,36.11211883112562
288660.0,145.5297068608789,36.05502906071041
288720.0,147.58147623886413,36.02037913050544
288780.0,150.1121784143163,35.9852406837819
288840.0,231.90729023480088,35.94949968892135
288900.0,31.443562118773457,35.89428366743687
288960.0,55.78172211305986,35.88679710502764
289020.0,7.700647007763223,35.873515742619766
289080.0,49.038794232122655,35.87168225523696
289140.0,55.27736229536521,35.86000635184836
289200.0,-3.2746494392355885,35.84684507511137
289260.0,39.104574567468035,35.84762475354928
289320.0,-48.229927429881116,35.83831414055703
289380.0,1.0153418419290006,35.84979745661177
289440.0,123.50576518838449,35.84955570855416
289500.0,65.02777988851898,35.8201495739855
289560.0,41.340510804544294,35.80466676925014
289620.0,-40.84439155408472,35.79482379048715
289680.0,-83.66107800559985,35.80454864561908
289740.0,-70.7099183387536,35.82446794990613
289800.0,-15.862093325404146,35.84130364474869
289860.0,27.869662198951232,35.84508033363569
289920.0,18.929044477149773,35.8384446997788
289980.0,-8.407064507837504,35.83393778442709
290040.0,-101.56491950326671,35.83593946645277
290100.0,-66.94127285722954,35.860121590144026
290160.0,-98.83079437674814,35.876059988443366
290220.0,-102.78901727129391,35.89959112996164
290280.0,20.313045550782135,35.924064705502424
290340.0,-218.8594610458323,35.91922826608557
290400.0,-138.47092565274755,35.97133766157267
290460.0,-62.96054940685542,36.004306929585226
290520.0,-234.91670095814692,36.01929753658686
290580.0,-196.906625156144,36.07523008443404
290640.0,-201.36179783015353,36.122112614233124
290700.0,-194.37203745777754,36.17005589943078
290760.0,-288.1030450156786,36.21633495596834
290820.0,-168.01356559235626,36.284930919067314
290880.0,-175.15113634657598,36.32493414897026
290940.0,-196.03442705447543,36.366636800481345
291000.0,-290.1772898008008,36.413311664065745
291060.0,-244.1899365143624,36.482401494970695
291120.0,-314.77896945641675,36.540541956045544
291180.0,-292.2050697963006,36.61548932972564
291240.0,-154.48116412881018,36.68506196539143
291300.0,-289.3892753495301,36.721843194945905
291360.0,-377.8246973723933,36.79074540336246
291420.0,-307.1940157976913,36.8807036646416
291480.0,-410.5604603043673,36.95384509697438
291540.0,-412.82806299441165,37.05159758752304
291600.0,-414.78438451031366,37.14988998347409
291660.0,-390.3986236966454,37.24864817026226
291720.0,-318.9371867021912,37.341600223523365
291780.0,-351.85764586702743,37.41753764892865
291840.0,-366.5777281236189,37.50131327889699
291900.0,-475.27731355554914,37.58859369035499
291960.0,-453.1923831796898,37.70175495548727
292020.0,-415.7512625919026,37.80965790386338
292080.0,-481.113320502248,37.9086462997186
292140.0,-471.44277152729654,38.02319709031437
292200.0,-439.56871059381194,38.13544536924944
292260.0,-498.2677610916394,38.24010458605749
292320.0,-475.0496774416845,38.35873976726979
292380.0,-404.30107159340855,38.471846833327334
292440.0,-521.4065213123204,38.568108993230524
292500.0,-451.5426675434895,38.69225340306679
292560.0,-499.9254685513825,38.79976356200572
292620.0,-632.6828128797574,38.918793435470334
292680.0,-621.9121353890134,39.0694322004417
292740.0,-616.9094268878,39.21750651839147
292800.0,-629.2668338723624,39.36438971526952
292860.0,-594.4496823517137,39.514215151905795
292920.0,-563.1809203721216,39.655750790560965
292980.0,-535.7482678469846,39.78984148588766
293040.0,-603.5356815499727,39.9174005972798
293100.0,-659.7048624463623,40.06109956907741
293160.0,-768.8052607859316,40.21817215537417
293220.0,-650.5102329103952,40.401221026989866
293280.0,-664.0416928559644,40.55610441577806
293340.0,-665.4213256169322,40.71420958074376
293400.0,-560.7980237492636,40.872643229700174
293460.0,-623.4777003948507,41.006166568688094
293520.0,-661.5159875865194,41.15461364021068
293580.0,-777.0149756082487,41.3121174467789
293640.0,-760.7047711987022,41.49712101239991
293700.0,-746.2140318030577,41.67824119601865
293760.0,-797.6090992972186,41.8559112035908
293820.0,-731.5806996247819,42.0458181319949
293880.0,-750.680076120955,42.22000401285794
293940.0,-847.8408191619033,42.39873736431531
294000.0,-721.1423915186738,42.60060422602052
294060.0,-797.1827210462399,42.77230479542973
294120.0,-917.3960846335985,42.96211020520265
294180.0,-827.023029279379,43.18053784440112
294240.0,-817.3205348048825,43.37744808946764
294300.0,-786.0353378609622,43.57204821680214
294360.0,-874.8205995868486,43.75919948772142
294420.0,-815.0237335657832,43.96749010667067
294480.0,-863.5581168617163,44.16154337656728
294540.0,-963.734838722119,44.367152452010544
294600.0,-979.7445548558732,44.59661312789676
294660.0,-837.4417557935985,44.829885640957684
294720.0,-842.954675465142,45.029276535194256
294780.0,-905.2149061832586,45.229980029352625
294840.0,-844.6799346149523,45.44550738796769
294900.0,-880.815568086316,45.64662165811411
294960.0,-912.9410093197578,45.85633965051561
295020.0,-1018.3405690347334,46.0737065574965
295080.0,-869.4357030456649,46.316168597742866
295140.0,-950.7591307027437,46.523177098468025
295200.0,-1015.6594188523754,46.749548320063916
295260.0,-1042.133111043016,46.991371991219246
295320.0,-996.1135080943554,47.23949892241996
295380.0,-1121.2233810568698,47.47666880529957
295440.0,-988.3742950693297,47.743626753170254
295500.0,-1096.9192353849057,47.978953966282
295560.0,-1026.774125165407,48.24012521280221
295620.0,-1089.5686843668266,48.4845952426035
295680.0,-1083.3525691218065,48.744016357928935
295740.0,-1122.0730585680612,49.00195744581508
295800.0,-1095.4582022295838,49.269117697855094
295860.0,-981.5025013191811,49.52994107933833
295920.0,-1020.7973232109315,49.76363215108099
295980.0,-1091.622504675191,50.00667913279788
296040.0,-1123.3538823620338,50.26658925295864
296100.0,-1080.0837149358445,50.53405446304484
296160.0,-1071.7916333177805,50.79121725231528
296220.0,-1198.1874789270653,51.04640573643856
296280.0,-1161.8076157127912,51.33168846951643
296340.0,-1275.196016010124,51.608309330400424
296400.0,-1107.1639092516489,51.91192742945045
296460.0,-1059.2743147960018,52.17553788403418
296520.0,-1186.950714971609,52.427746054223704
296580.0,-1327.7902980662473,52.71035336731218
296640.0,-1172.244342624605,53.02649391447081
296700.0,-1271.4652211891073,53.305599710333816
296760.0,-1265.416899928639,53.60832952490265
296820.0,-1196.3713271310085,53.9096192629809
296880.0,-1226.996505255477,54.19446957896447
296940.0,-1279.8139368857064,54.4866116040253
297000.0,-1297.7151710029975,54.7913292080457
297060.0,-1259.3538067960849,55.10030901066546
297120.0,-1299.5907033079766,55.40015515514072
297180.0,-1349.649408984004,55.70958151307119
297240.0,-1311.074940234725,56.03092661044834
297300.0,-1278.725063592291,56.343087310504224
297360.0,-1317.7197483595414,56.64754565897858
297420.0,-1399.73036642814,56.96128845620704
297480.0,-1263.4156158807014,57.294557591070884
297540.0,-1494.881094506437,57.59537083294724
297600.0,-1365.0804435889113,57.95129490306782
297660.0,-1383.2097150367326,58.27631405630327
297720.0,-1344.7594308052278,58.605649702740585
297780.0,-1327.5558257942034,58.925830519598975
297840.0,-1301.207962460417,59.24191524002617
297900.0,-1419.0693347400136,59.5517266596596
297960.0,-1348.5940948371185,59.889600310788175
298020.0,-1379.4566504006762,60.21069414289225
298080.0,-1501.2674829348857,60.53913620251146
298140.0,-1291.8646400533053,60.89658084130548
298200.0,-1499.4979839496261,61.20416766036579
298260.0,-1395.228462366403,61.56119098987761
298320.0,-1404.1798390482886,61.89338824282199
298380.0,-1418.1705911755503,62.22771677592873
298440.0,-1471.4669073480436,62.56537644049433
298500.0,-1399.1926716575151,62.91572570414863
298560.0,-1549.4373592401043,63.248866816448036
298620.0,-1466.7043633905241,63.617780473409965
298680.0,-1503.4781862006698,63.96699579802676
298740.0,-1517.126292698114,64.3249667947412
298800.0,-1457.5577949749502,64.6861873406217
298860.0,-1425.379623356649,65.03322491085383
298920.0,-1517.3206728865518,65.37260101165303
298980.0,-1456.5326582755729,65.73386783853078
299040.0,-1506.9883709595779,66.08066132859639
299100.0,-1570.087004696512,66.43946808358677
299160.0,-1538.501314231276,66.81329832280024
299220.0,-1547.445192934338,67.17960815952196
299280.0,-1577.6780965231878,67.548047491173
299340.0,-1516.5224748669832,67.92368513320233
299400.0,-1534.4559878171124,68.28476191293257
299460.0,-1650.2272804130748,68.65010857669854
299520.0,-1660.0834980450463,69.04301983393975
299580.0,-1541.6644789834386,69.43827780966477
299640.0,-1622.1661737163654,69.8053407808513
299700.0,-1561.1796587412455,70.19157082221234
299760.0,-1538.4489343457356,70.56328026476979
299820.0,-1667.5141223348755,70.9295776300902
299880.0,-1681.8505921738129,71.32660480207468
299940.0,-1502.5430007879754,71.72704541925893
300000.0,-1587.7141965463475,72.08479375277987
300060.0,-1639.7112773437361,72.46282094243377
300120.0,-1676.2903666144744,72.85322838942037
300180.0,-1656.526052330737,73.25234514337619
300240.0,-1702.928016206056,73.64675610821683
300300.0,-1584.031284222981,74.05221515969447
300360.0,-1689.1315368649043,74.42936546546184
300420.0,-1582.352809203836,74.83153964090587
300480.0,-1677.3888491410387,75.20829030976392
300540.0,-1721.286015077589,75.60766860717845
300600.0,-1689.5444975012729,76.01749861076836
300660.0,-1826.6451619318514,76.41977111017343
300720.0,-1681.6172242050939,76.85468662491911
300780.0,-1689.7012626019782,77.25507167830128
300840.0,-1635.0794406792575,77.65738150273032
300900.0,-1802.7589336277124,78.04668613146347
300960.0,-1624.831872041823,78.47591444899388
301020.0,-1650.217540007252,78.86277918043241
301080.0,-1629.1868011082938,79.25568811852938
301140.0,-1712.2747328750527,79.64358973784087
301200.0,-1653.0256388467674,80.05127419804921
301260.0,-1806.8278979400027,80.44485173110797
301320.0,-1680.4098626585667,80.87504884966512
301380.0,-1774.0474424772622,81.27514643601239
301440.0,-1831.392092366054,81.69753868422126
301500.0,-1804.231911119921,82.13358442049889
301560.0,-1740.8721481949538,82.56316344695601
301620.0,-1795.0273918416106,82.97765681557385
301680.0,-1727.3151847258423,83.40504428982186
301740.0,-1862.6285904126814,83.81630980999468
301800.0,-1885.959362916944,84.25979280771199
301860.0,-1680.1337204334786,84.70883075126365
301920.0,-1712.3365490412016,85.10886258946209
301980.0,-1833.5539434844045,85.51656176780523
302040.0,-1774.7515276943998,85.9531222305396
302100.0,-1717.3202345221614,86.37568211808589
302160.0,-1757.2012791192294,86.78456788821022
302220.0,-1777.2659920436824,87.20294914514336
302280.0,-1724.1994573228362,87.62610771467757
302340.0,-1837.443896007338,88.03663139499254
302400.0,-1795.3658667898833,88.47411803689904
302460.0,-1801.8857605033008,88.90158610042045
302520.0,-1820.7015386002288,89.3306065195879
302580.0,-1831.1876891987106,89.7641068859213
302640.0,-1806.8332419492617,90.20010395477813
302700.0,-1812.4891663279013,90.63030234571843
302760.0,-1880.7497254832422,91.06184738532032
302820.0,-1772.968804597908,91.5096449390068
302880.0,-1882.8340774459004,91.93178036867297
302940.0,-1840.4611647905574,92.38007419663629
303000.0,-1848.1418425440343,92.81827923587214
303060.0,-1811.9381937779315,93.25831300790644
303120.0,-1963.5114628005535,93.68972686356786
303180.0,-1785.7927539043546,94.15722959280609
303240.0,-1882.690063607399,94.5824183437357
303300.0,-1771.6372134698095,95.03067788268984
303360.0,-1876.230230382349,95.45249626684932
303420.0,-1853.117118063986,95.89921775027369
303480.0,-1737.9462437257253,96.3404361117175
303540.0,-1871.9412300914564,96.75423283641409
303600.0,-1783.437999270335,97.19993312929302
303660.0,-1857.8347626213663,97.62456122435738
303720.0,-1837.6011333893273,98.0
303780.0,-1860.617764963764,98.0
303840.0,-1816.1733253845532,98.0
303900.0,-1910.3454939697326,98.0
303960.0,-1930.3656227787146,98.0
304020.0,-1911.6862476398026,98.0
304080.0,-1869.3777820556572,98.0
304140.0,-1890.5379391050205,98.0
304200.0,-1836.540323325284,98.0
304260.0,-1802.6804345423723,98.0
304320.0,-1941.2615965389691,98.0
304380.0,-1928.4345476348265,98.0
304440.0,-1972.1976004797625,98.0
304500.0,-1765.7656924015364,98.0
304560.0,-1870.8118918827784,98.0
304620.0,-1861.7470009179808,98.0
304680.0,-1972.3297471261349,98.0
304740.0,-1893.3085127126744,98.0
304800.0,-1863.9434114757319,98.0
304860.0,-1910.8625818932815,98.0
304920.0,-1832.2924131468365,98.0
304980.0,-1759.201263612005,98.0
305040.0,-1955.749984308019,98.0
305100.0,-1961.2051912746274,98.0
305160.0,-1953.4376784835008,98.0
305220.0,-1805.2312997150484,98.0
305280.0,-1839.8314049488677,98.0
305340.0,-1911.2123733894098,98.0
305400.0,-1901.5335789641204,98.0
305460.0,-1953.3046761805015,98.0
305520.0,-1851.4337479849805,98.0
305580.0,-1928.091201257363,98.0
305640.0,-1921.3017731997513,98.0
305700.0,-1869.5082400478836,98.0
305760.0,-1917.592109132964,98.0
305820.0,-1920.625487177614,98.0
305880.0,-1906.0464480761807,98.0
305940.0,-1859.051379152001,98.0
306000.0,-1808.013169069808,98.0
306060.0,-1871.6419333545293,98.0
306120.0,-1858.4789123665837,98.0
306180.0,-1918.5139762532053,98.0
306240.0,-1948.7738854647928,98.0
306300.0,-1866.7884441612034,98.0
306360.0,-1895.4131078944197,98.0
306420.0,-1990.6435647188732,98.0
306480.0,-1924.5066777765633,98.0
306540.0,-1909.2713622265958,98.0
306600.0,-1934.338461580229,98.0
306660.0,-1814.1587360522644,98.0
306720.0,-1873.5628729379036,98.0
306780.0,-1819.1915553037402,98.0
306840.0,-1884.943894935485,98.0
306900.0,-1894.9720616681518,98.0
306960.0,-1955.0957217097848,98.0
307020.0,-1897.1672423458067,98.0
307080.0,-1896.0216253513506,98.0
307140.0,-1977.6922720180794,98.0
307200.0,-1926.8364461056133,98.0
307260.0,-1912.5999456254308,98.0
307320.0,-1867.071296366897,98.0
307380.0,-1862.8150863862375,98.0
307440.0,-1923.9302308586214,98.0
307500.0,-1859.4130419390092,98.0
307560.0,-1896.9031825203397,98.0
307620.0,-2056.528077255109,98.0
307680.0,-1911.7446974499987,98.0
307740.0,-1816.1743006859429,98.0
307800.0,-1980.012427463826,98.0
307860.0,-1870.4725706203894,98.0
307920.0,-1780.1879087475074,98.0
307980.0,-1918.9495594318196,98.0
308040.0,-1871.1327856496846,98.0
308100.0,-1947.3914901126896,98.0
308160.0,-1769.3453572939047,98.0
308220.0,-1869.747914882002,98.0
308280.0,-1859.6591944580364,98.0
308340.0,-1778.8478395803297,98.0
308400.0,-1818.0065419367706,98.0
308460.0,-1907.762766646207,98.0
308520.0,-1891.5320399984632,98.0
308580.0,-1820.4104411433727,98.0
308640.0,-1884.9052812275454,98.0
308700.0,-1971.7851718486852,98.0
308760.0,-1845.178548350112,98.0
308820.0,-1927.9714773126811,98.0
308880.0,-1739.2976396883805,98.0
308940.0,-1822.7244464105515,98.0
309000.0,-1884.6408251615271,98.0
309060.0,-1869.1884681110716,98.0
309120.0,-1937.5162937394668,98.0
309180.0,-1886.9439122999497,98.0
309240.0,-1756.7625468290848,98.0
309300.0,-1680.5426254983304,98.0
309360.0,-1767.5161123400128,98.0
309420.0,-1813.2149584950807,98.0
309480.0,-1830.1450085528054,98.0
309540.0,-1858.0949162452853,98.0
309600.0,-1673.5397633827745,98.0
309660.0,-1804.814166877847,98.0
309720.0,-1662.8581109899098,98.0
309780.0,-1702.4346680014603,98.0
309840.0,-1886.6869991868707,98.0
309900.0,-1818.3333259225071,98.0
309960.0,-1814.5996118294981,98.0
310020.0,-1775.2723229130802,98.0
310080.0,-1770.069110523178,98.0
310140.0,-1582.5888664785152,98.0
310200.0,-1822.8542510415489,98.0
310260.0,-1740.284327085663,98.0
310320.0,-1712.778752232941,98.0
310380.0,-1745.5551519476076,98.0
310440.0,-1734.486707487065,98.0
310500.0,-1799.3680578632097,98.0
310560.0,-1725.8177838973247,98.0
310620.0,-1696.996075945582,98.0
310680.0,-1703.442850720261,98.0
310740.0,-1684.2516943252508,98.0
310800.0,-1629.0183144670448,98.0
310860.0,-1652.8141991425755,98.0
310920.0,-1699.9584688306406,98.0
310980.0,-1769.692340742015,98.0
311040.0,-1730.484780803053,98.0
311100.0,-1702.7070810213793,98.0
311160.0,-1669.3805261640641,98.0
311220.0,-1708.160817519975,98.0
311280.0,-1730.492127717242,98.0
311340.0,-1740.4752470832923,98.0
311400.0,-1763.037286516502,98.0
311460.0,-1672.7952642587184,98.0
311520.0,-1741.5582572842773,98.0
311580.0,-1708.0386913154468,98.0
311640.0,-1666.2189972633087,98.0
311700.0,-1717.266778749753,98.0
311760.0,-1608.8027915573691,98.0
311820.0,-1581.6002569844502,98.0
311880.0,-1653.3547241534563,98.0
311940.0,-1640.9361578880778,98.0
312000.0,-1576.7443151079515,98.0
312060.0,-1646.055766604055,98.0
312120.0,-1644.3566456343303,98.0
312180.0,-1519.7300572448366,98.0
312240.0,-1532.5470764930265,98.0
312300.0,-1543.5349514006189,98.0
312360.0,-1518.0703376735762,98.0
312420.0,-1686.1784722834143,98.0
312480.0,-1480.1962386683113,98.0
312540.0,-1531.7393754244008,98.0
312600.0,-1488.405278638862,98.0
312660.0,-1519.5640633366352,98.0
312720.0,-1533.5526596941772,98.0
312780.0,-1546.6540739244942,98.0
312840.0,-1501.7074463839756,98.0
312900.0,-1535.9950106772476,98.0
312960.0,-1458.7252607503326,98.0
313020.0,-1599.446804222096,98.0
313080.0,-1530.169649512276,98.0
313140.0,-1368.3557344254798,98.0
313200.0,-1521.93455427648,98.0
313260.0,-1491.9701393864464,98.0
313320.0,-1523.838381237241,98.0
313380.0,-1443.922441515671,98.0
313440.0,-1501.3942075191774,98.0
313500.0,-1461.4558065446315,98.0
313560.0,-1392.443927702776,98.0
313620.0,-1478.3146567712429,98.0
313680.0,-1382.0415082870263,98.0
313740.0,-1372.9503623191251,98.0
313800.0,-1351.8695536905855,98.0
313860.0,-1399.5743407137322,98.0
313920.0,-1206.3284506291848,98.0
313980.0,-1330.2867132619779,98.0
314040.0,-1366.7785937904882,98.0
314100.0,-1431.497240371185,98.0
314160.0,-1377.3940873401145,98.0
314220.0,-1278.5781575773362,98.0
314280.0,-1254.1316401780405,98.0
314340.0,-1260.5088491324632,98.0
314400.0,-1294.5611047310988,98.0
314460.0,-1409.4357064471492,98.0
314520.0,-1297.2494721288244,98.0
314580.0,-1393.306280650291,98.0
314640.0,-1400.373469634325,98.0
314700.0,-1289.0390741854555,98.0
314760.0,-1264.220596902113,98.0
314820.0,-1233.5947118648403,98.0
314880.0,-1250.1149774800053,98.0
314940.0,-1240.155081757157,98.0
315000.0,-1323.197994892356,98.0
315060.0,-1262.447784941649,98.0
315120.0,-1338.568515801733,98.0
315180.0,-1360.2981978150444,98.0
315240.0,-1187.5744815888183,98.0
315300.0,-1269.080191160155,98.0
315360.0,-1163.3854268147577,98.0
315420.0,-1141.0402549426963,98.0
315480.0,-1236.469322627679,98.0
315540.0,-1155.6244298996992,98.0
315600.0,-1222.4091890792242,98.0
315660.0,-1285.153323959544,98.0
315720.0,-1158.62718914671,98.0
315780.0,-1185.8679439747013,98.0
315840.0,-1175.5754460794828,98.0
315900.0,-1022.1691903581831,98.0
315960.0,-1223.726188041303,98.0
316020.0,-1100.653054916656,98.0
316080.0,-1174.7301169562184,98.0
316140.0,-1051.928407814194,98.0
316200.0,-1079.8669228881818,98.0
316260.0,-1066.3273818517482,98.0
316320.0,-1137.0634536417017,98.0
316380.0,-1117.5544212207492,98.0
316440.0,-1007.2004709841543,98.0
316500.0,-947.7715285507941,98.0
316560.0,-1016.3526001644359,98.0
316620.0,-1090.136029476502,98.0
316680.0,-1007.0424857381613,98.0
316740.0,-872.7870346712928,98.0
316800.0,-1003.315355398111,98.0
316860.0,-912.7447043104153,98.0
316920.0,-1035.8386751043881,98.0
316980.0,-984.8774210513345,98.0
317040.0,-936.0815418081919,98.0
317100.0,-940.2890691505222,98.0
317160.0,-1000.9557870059973,98.0
317220.0,-994.3578671993961,98.0
317280.0,-877.2750363105763,98.0
317340.0,-855.8355340437829,98.0
317400.0,-827.3279300240486,98.0
317460.0,-800.5204329445829,98.0
317520.0,-891.3508538258692,98.0
317580.0,-908.7440569855287,98.0
317640.0,-799.6293400316879,98.0
317700.0,-828.4942355406454,98.0
317760.0,-920.7884995382758,98.0
317820.0,-914.3956075515989,98.0
317880.0,-813.371731013749,98.0
317940.0,-844.0081933620509,98.0
318000.0,-825.4160833857342,98.0
318060.0,-749.9115688852542,98.0
318120.0,-759.1296531286076,98.0
318180.0,-715.2631424261403,98.0
318240.0,-901.307025737096,98.0
318300.0,-760.5462990989695,98.0
318360.0,-724.3805008463128,98.0
318420.0,-847.9452598838396,98.0
318480.0,-785.9091410078245,98.0
318540.0,-787.2871482942844,98.0
318600.0,-725.776475365072,98.0
318660.0,-619.6054996881353,98.0
318720.0,-586.0981500081846,98.0
318780.0,-746.4663127154568,98.0
318840.0,-656.1503084005677,98.0
318900.0,-644.3300703202549,98.0
318960.0,-644.6944884803563,98.0
319020.0,-634.0876323687384,98.0
319080.0,-629.8569114253173,98.0
319140.0,-536.8633801335334,98.0
319200.0,-561.987202600084,98.0
319260.0,-681.743925731185,98.0
319320.0,-560.3732364667837,98.0
319380.0,-544.5386448141362,98.0
319440.0,-569.1307249784977,98.0
319500.0,-510.07462339762117,98.0
319560.0,-556.5910222868015,98.0
319620.0,-545.7472893095165,98.0
319680.0,-540.3857794238713,98.0
319740.0,-658.6251576025085,98.0
319800.0,-532.2106346638495,98.0
319860.0,-557.3243877453809,98.0
319920.0,-578.2457515404358,98.0
319980.0,-410.8346946618747,98.0
320040.0,-456.4281693741224,98.0
320100.0,-478.2637431080041,98.0
320160.0,-500.1442941115487,98.0
320220.0,-438.2576267692584,98.0
320280.0,-386.3033851633367,98.0
320340.0,-485.1598457904549,98.0
320400.0,-425.57510224599963,98.0
320460.0,-362.9366494237569,98.0
320520.0,-520.908265385185,98.0
320580.0,-397.922854512277,98.0
320640.0,-409.9401389960538,98.0
320700.0,-381.9205672828552,98.0
320760.0,-393.6913638146042,98.0
320820.0,-345.0344392470912,98.0
320880.0,-227.56858351634622,98.0
320940.0,-352.112558685032,98.0
321000.0,-304.86290267101776,98.0
321060.0,-192.36716867123414,98.0
321120.0,-334.7380058906466,98.0
321180.0,-182.54109503947802,98.0
321240.0,-280.78691964702,98.0
321300.0,-163.87807326537506,98.0
321360.0,-215.46692385289361,98.0
321420.0,-231.74197870044316,98.0
321480.0,-243.79891373688048,98.0
321540.0,-267.00002552879226,98.0
321600.0,-214.71116918244115,98.0
321660.0,-155.1235494213401,98.0
321720.0,-199.4647566763686,98.0
321780.0,-207.39535181485712,98.0
321840.0,-193.17275940562945,98.0
321900.0,-108.31379048428244,98.0
321960.0,-84.09889373237388,98.0
322020.0,-187.3942899340716,98.0
322080.0,-177.2485764282706,98.0
322140.0,-104.15207998393112,98.0
322200.0,-25.05517539962807,98.0
322260.0,-37.75526169028677,98.0
322320.0,-171.44842675472353,98.0
322380.0,-102.0204485284321,98.0
322440.0,-131.86764540180582,98.0
322500.0,-81.95564729196684,98.0
322560.0,40.467327638621214,98.0
322620.0,-131.0656034409226,97.9903649219908
322680.0,-132.77470851161348,98.0
322740.0,-75.31123219349479,98.0
322800.0,1.6624497834537237,98.0
322860.0,31.666828472539123,97.99960417862299
322920.0,30.641026074334775,97.9920644575581
322980.0,84.881591992214,97.98476897515945
323040.0,-81.52565536688837,97.96455907230417
323100.0,105.45023294920554,97.98396994262961
323160.0,25.285298376372225,97.95886274430838
323220.0,97.73092377424331,97.95284243517115
323280.0,-15.76590272762951,97.92957316760585
323340.0,73.70231708809945,97.93332695396957
323400.0,97.31219829351238,97.9157787832343
323460.0,162.17659018062102,97.89260921221204
323520.0,7.3751450634234175,97.8539957383595
323580.0,113.95655269581397,97.85223975143964
323640.0,56.57909139526555,97.82510723889301
323700.0,161.5643455878906,97.81163602665605
323760.0,187.36723173351578,97.7731683253256
323820.0,227.4210948924695,97.72855707967476
323880.0,127.50142362038048,97.67440919993845
323940.0,224.60342956018553,97.64405171812408
324000.0,259.94357695705554,97.59057471108594
324060.0,88.96593254640067,97.52868338323901
324120.0,233.52296168401233,97.50750101834701
324180.0,263.4633058229046,97.45190031318415
324240.0,199.54684395792498,97.38917095465489
324300.0,151.48780755307968,97.34165980133157
324360.0,289.71990891298566,97.3055912757237
324420.0,170.12345053388486,97.23661034503013
324480.0,240.2858958912416,97.19610476156969
324540.0,257.41261556040354,97.13889383397654
324600.0,311.5239644355963,97.07760511598596
324660.0,239.70240444973552,97.00343274350129
324720.0,244.86931545680002,96.94636074244183
324780.0,300.45713189590833,96.88805852447592
324840.0,363.4157084297336,96.81652111211976
324900.0,448.71992543856913,96.72999356249363
324960.0,229.39360213009977,96.62315548500825
325020.0,347.0597552793113,96.56853796069156
325080.0,271.16938547363134,96.48590468562506
325140.0,405.6361603895128,96.42134054622657
325200.0,296.2627812105584,96.3247605080386
325260.0,320.0846911734012,96.25422175060751
325320.0,333.1137845233286,96.17801110985194
325380.0,371.7209980293479,96.09869830401306
325440.0,403.42222299621534,96.01019330448226
325500.0,420.7024670779246,95.91414039424507
325560.0,398.8949375419544,95.81397314017889
325620.0,326.9166888536021,95.71899815504985
325680.0,457.7529466887292,95.64116084817994
325740.0,418.18821590254197,95.53217205134929
325800.0,498.2519191261088,95.43260342851535
325860.0,393.1654860506483,95.31397201919961
325920.0,346.47287708427064,95.22036118918756
325980.0,447.44252569918905,95.13786764702463
326040.0,534.0086819471455,95.03133371233436
326100.0,472.565640094662,94.90418878806123
326160.0,457.4740240860413,94.79167315946727
326220.0,423.66324800426383,94.68275077278011
326280.0,587.6618028974539,94.58187857087434
326340.0,426.61029613575323,94.44195909399399
326400.0,450.929181228623,94.34038521396167
326460.0,534.5937139321964,94.23302112319294
326520.0,394.83819331256456,94.10573690559004
326580.0,588.3478879233093,94.01172781194418
326640.0,554.8583379212401,93.87164498148626
326700.0,576.7519736137331,93.73953585340978
326760.0,561.5289771939273,93.60221395493032
326820.0,523.4659237147679,93.46851657940796
326880.0,474.2778961531604,93.34388183566635
326940.0,534.4318910794649,93.23095852705846
327000.0,488.9212672094605,93.10371283870622
327060.0,581.0256696971765,92.98730301318015
327120.0,604.4972630290308,92.84896356801416
327180.0,648.7362204095737,92.70503564824534
327240.0,586.262027241078,92.55057464338591
327300.0,623.0349595921817,92.41098844642376
327360.0,553.0934758927319,92.262646789378
327420.0,545.3189250923564,92.1309578665464
327480.0,605.2233129960224,92.0011200272387
327540.0,556.0314600766153,91.85701923843013
327600.0,597.2369614470273,91.72463079555475
327660.0,518.6222875438564,91.58243151901974
327720.0,530.5673992195175,91.45895002198549
327780.0,622.7236767026822,91.33262445074274
327840.0,638.896991923145,91.18435690867068
327900.0,527.6147019617092,91.0322385772604
327960.0,628.011049856773,90.90661602917427
328020.0,556.7914359297964,90.75708958873219
328080.0,590.6881827342463,90.62452019922509
328140.0,675.617402017757,90.48388015571693
328200.0,639.9130770640733,90.32301886952223
328260.0,640.0391951793046,90.1706586130784
328320.0,707.5969571647825,90.0182683285119
328380.0,551.5787760639785,89.84979286252027
328440.0,535.3601086720886,89.71846458250504
328500.0,551.8451546466554,89.59099788996406
328560.0,580.5208824185348,89.45960618647676
328620.0,455.0947075402505,89.32138692875806
328680.0,584.456980969091,89.21303104601039
328740.0,564.7212971921431,89.07387462197012
328800.0,644.8717467081223,88.9394171702577
328860.0,619.399530458041,88.78587627818433
328920.0,562.5782139822065,88.63840019950385
328980.0,634.3406081660927,88.50445300569856
329040.0,642.6188693693884,88.35341952756379
329100.0,553.3475457033508,88.20041503485679
329160.0,570.0730363142088,88.06866561921314
329220.0,466.2838183320215,87.93293394390022
329280.0,534.4739924529838,87.8219139871545
329340.0,555.430222103119,87.6946582746657
329400.0,604.4499705963613,87.56241298368876
329460.0,543.2554349669449,87.41849632402295
329520.0,569.1064716921943,87.28914979188797
329580.0,526.2857686629445,87.15364825100887
329640.0,609.9213255490301,87.02834211561293
329700.0,625.0031687659299,86.88312275238697
329760.0,623.3650066851516,86.73431247410936
329820.0,599.6846253586341,86.58589223442242
329880.0,506.1556318582831,86.4431101807656
329940.0,561.0571478838676,86.32259693508506
330000.0,573.4077603251452,86.18901189987461
330060.0,573.1978223306003,86.05248624265434
330120.0,601.4015482502897,85.91601057067086
330180.0,681.9002267400252,85.77281972584936
330240.0,644.5167183840077,85.6104625290065
330300.0,535.9214240694491,85.4570061674865
330360.0,635.2167796894394,85.32940582842234
330420.0,632.2296785869106,85.17816373802009
330480.0,544.7054872802705,85.02763286216606
330540.0,643.2188312560993,84.89794107948028
330600.0,581.8412448659806,84.74479373870501
330660.0,506.00352766945144,84.60626010897502
330720.0,617.0100356404562,84.48578307857753
330780.0,601.7732857287843,84.33887592723455
330840.0,574.1135334752381,84.19559657348961
330900.0,584.506887000712,84.05890287504313
330960.0,542.5504586654715,83.91973456861439
331020.0,621.2069488694112,83.79055588797975
331080.0,580.85802209756,83.64264947158227
331140.0,592.2807495408754,83.50434994251142
331200.0,602.5143295831002,83.36333071643027
331260.0,510.56634030324244,83.21987492367239
331320.0,524.9042699418615,83.09831150931448
331380.0,444.6489235676863,82.97333430218546
331440.0,609.7794984211955,82.86746551085983
331500.0,501.7772422336266,82.72227991599765
331560.0,581.0449038290622,82.60280914403725
331620.0,593.897387451804,82.46446511931605
331680.0,606.2936406363325,82.32306097944657
331740.0,496.39335380603575,82.17870535072363
331800.0,563.1746197998865,82.06051645696029
331860.0,665.7196775074383,81.92642726176983
331920.0,666.7494017104628,81.76792257664901
331980.0,621.4872632882764,81.60917271909891
332040.0,580.8250739272537,81.46119956117313
332100.0,498.56753257388567,81.32290787690474
332160.0,600.2610449108764,81.20420132153001
332220.0,545.9042924983959,81.06128202512265
332280.0,587.2316621305648,80.93130481262304
332340.0,513.8169381647067,80.791487750211
332400.0,539.5729252319525,80.66915038398132
332460.0,557.9335191348905,80.54068063987847
332520.0,560.9721454901494,80.40783932579873
332580.0,573.9052455861444,80.27427452925346
332640.0,507.5928749224506,80.13763042316153
332700.0,459.78709967223665,80.01677497675142
332760.0,635.8884008195903,79.90730185778185
332820.0,685.7518602856434,79.75589985758671
332880.0,561.2159895318971,79.59262560513775
332940.0,452.8848310856721,79.4590027504873
333000.0,483.86638401031024,79.35117302880023
333060.0,558.7196575130262,79.23596674689301
333120.0,606.5354865414263,79.10293825700896
333180.0,451.17315031214287,78.95852504592767
333240.0,514.3474092933512,78.85110286728192
333300.0,531.4075049814203,78.72863919840256
333360.0,569.3545648871749,78.60211360197842
333420.0,494.6768052656691,78.466552991291
333480.0,419.2624015495366,78.34877279956108
333540.0,548.1476101572165,78.24894841823976
333600.0,576.1347116083817,78.11843708248804
333660.0,501.45004801329736,77.98126215115272
333720.0,528.4665684541773,77.86186928257813
333780.0,473.4180206773384,77.73604390913665
333840.0,448.86581974086766,77.6233253327849
333900.0,558.9124380830337,77.51645251856088
333960.0,518.2820278400457,77.38337812854111
334020.0,522.1510930230678,77.25997764572205
334080.0,580.5445539897629,77.13565595690703
334140.0,424.8083854957256,76.99743106309994
334200.0,452.6518832810897,76.89628620941048
334260.0,492.91788473054856,76.78851195148641
334320.0,447.246037810386,76.6711505503601
334380.0,525.751125262951,76.56466339850049
334440.0,465.1728581582835,76.43948455915216
334500.0,414.51511801499555,76.32872911673353
334560.0,475.6606733413319,76.23003504101567
334620.0,479.57960596945446,76.11678249974392
334680.0,523.0833345671106,76.002596879275
334740.0,488.2328180966772,75.8780532281876
334800.0,489.95451438101185,75.76180731911695
334860.0,479.14459839220126,75.64515148235957
334920.0,446.2756911009469,75.53106943512333
334980.0,412.238991503869,75.42481331819454
335040.0,470.18725209005504,75.32666117736028
335100.0,430.51655261975486,75.21471183162456
335160.0,549.5433095574808,75.11220789052462
335220.0,526.338173658291,74.98136424539189
335280.0,481.43477349682007,74.8560456326161
335340.0,463.8340656814766,74.74141830559304
335400.0,433.5150844742981,74.63098162328794
335460.0,360.7972484159819,74.52776374603215
335520.0,421.17235403339146,74.44185963926644
335580.0,437.91117032273024,74.34158050735373
335640.0,443.28599021983274,74.23731594299117
335700.0,455.3896478477848,74.1317716596055
335760.0,480.2040416687223,74.02334555297509
335820.0,381.1101096655485,73.90901125733967
335880.0,379.37875315344974,73.81827075503836
335940.0,505.14787951990843,73.727942480478
336000.0,462.098249589967,73.60766917583041
336060.0,390.1460830419681,73.4976457830709
336120.0,404.9231786371041,73.40475385853709
336180.0,402.96744958891327,73.30834357790921
336240.0,408.8104947162123,73.21239894705471
336300.0,433.0745026061794,73.11506311497942
336360.0,554.6226358699998,73.01195013816843
336420.0,411.7304690435175,72.87989712962795
336480.0,437.9357750240821,72.78186606556997
336540.0,294.8392469090319,72.67759564294519
336600.0,364.79530211078554,72.60739582225257
336660.0,465.49346994508903,72.52053979794047
336720.0,413.79289378642824,72.40970801938212
336780.0,124.2109349745383,72.31118590181393
336840.0,425.9177781314687,72.28161186967714
336900.0,498.49984879627414,72.18020287488393
336960.0,261.60442943080295,72.06151243469434
337020.0,470.48661225597556,71.99922566578223
337080.0,210.98630607891405,71.88720504381652
337140.0,431.579945519214,71.83697020903583
337200.0,372.793766687689,71.7342130791503
337260.0,230.34362538135173,71.64545265851037
337320.0,396.15613896819406,71.59060893818148
337380.0,436.5011910266987,71.49628604795095
337440.0,387.3641278665932,71.39235719294459
337500.0,398.71802179899925,71.30012763869064
337560.0,337.0427872297515,71.20519477635754
337620.0,248.19266416990465,71.1249464936838
337680.0,399.5384527730408,71.06585300221477
337740.0,461.1804270374858,70.97072479917357
337800.0,422.1567849171456,70.86091993559322
337860.0,233.31442080252936,70.76040641537485
337920.0,259.91676294145066,70.70485536280282
337980.0,298.29435538469465,70.64297041924533
338040.0,251.73452808180872,70.57194795367755
338100.0,348.24382665398434,70.51201116127712
338160.0,367.49558686614085,70.42909596445473
338220.0,256.3925605817475,70.34159701520089
338280.0,387.17156890219127,70.28055116744333
338340.0,374.9652510299816,70.18836746056186
338400.0,304.38372558143146,70.09909001984045
338460.0,325.3153665645122,70.02661770422581
338520.0,217.09122221718712,69.9491616645676
338580.0,312.575397417328,69.8974732783254
338640.0,331.40531124928174,69.82305056465461
338700.0,339.5574239241276,69.74414453816668
338760.0,350.6548177788228,69.66329753247045
338820.0,341.0856247106056,69.57980829014215
338880.0,309.09869320012234,69.49859742711583
338940.0,340.67847302974434,69.42500250016342
339000.0,382.19540585058405,69.34388857801348
339060.0,314.92953507236757,69.25288967185858
339120.0,338.32023812916555,69.1779064492223
339180.0,306.7185602444722,69.0973540115725
339240.0,277.7266783114912,69.02432578294287
339300.0,346.5674423092516,68.95820038334489
339360.0,280.5625580829305,68.87568432565222
339420.0,335.7453225913289,68.80888371658484
339480.0,312.9910982114058,68.7289443540631
339540.0,291.79776300431195,68.65442266401277
339600.0,289.10206293633746,68.58494700615461
339660.0,277.07880025706345,68.51611318164595
339720.0,207.6119650657528,68.4501420387276
339780.0,328.14617138915116,68.40071061847385
339840.0,317.89606144224774,68.32258057766691
339900.0,353.8325058953375,68.24689103922829
339960.0,269.83206013810326,68.1626452044913
340020.0,414.3277078246049,68.09839947588699
340080.0,276.7236655278009,67.99975002164304
340140.0,245.9221715979448,67.9338634346126
340200.0,237.74625394225458,67.8753105366131
340260.0,192.28814710404777,67.81870428567447
340320.0,387.2547184478092,67.77292139350683
340380.0,376.55191821161503,67.6807178891145
340440.0,329.3405521449849,67.59106267049269
340500.0,238.55547756555387,67.51264825331532
340560.0,400.03868190717066,67.45584933008543
340620.0,269.3179899906938,67.36060202486944
340680.0,273.3546617649078,67.29647869391927
340740.0,374.8232286827341,67.23139425064191
340800.0,327.23003588536335,67.14215062476507
340860.0,418.885392964118,67.06423871145903
340920.0,300.8822708350141,66.96450409408662
340980.0,261.29258236691265,66.89286545817352
341040.0,247.5772328324811,66.83065293856235
341100.0,172.65228505995088,66.77170597836414
341160.0,265.9581057882479,66.7305982914451
341220.0,350.5663462298678,66.66727493292409
341280.0,317.0526164701495,66.58380675525031
341340.0,281.5876210133295,66.50831803704313
341400.0,219.93422938890598,66.44127336537329
341460.0,292.51823885110474,66.38890807266165
341520.0,338.9644726404374,66.3192608729352
341580.0,303.34265262987924,66.23855504611605
341640.0,286.82133144117404,66.1663306050137
341700.0,228.33118526157605,66.09803981181342
341760.0,327.5244971546593,66.043675243894
341820.0,86.93758468422197,65.96569322076193
341880.0,297.1940641065704,65.94499379583712
341940.0,427.827070788691,65.87423330438318
342000.0,182.50258177587486,65.77236971610016
342060.0,257.93267357944376,65.72891672043923
342120.0,271.362480088262,65.6675041791108
342180.0,243.51673218047392,65.60289406480406
342240.0,332.9008002694153,65.54491389047537
342300.0,298.52395495095993,65.46565179517313
342360.0,278.7851893447861,65.39457466304195
342420.0,316.96533934734686,65.32819723700747
342480.0,269.6272144280858,65.25272929906762
342540.0,458.9184172376464,65.18853234325141
342600.0,276.7227526963681,65.07926605343292
342660.0,278.88508772515854,65.01337968374331
342720.0,164.07696474271086,64.94697847238018
342780.0,233.64539996676382,64.90791252839382
342840.0,334.65276450564215,64.85228267125888
342900.0,185.25051574660023,64.77260344161468
342960.0,135.5022867444801,64.72849617596073
343020.0,266.48223232714577,64.69623372673585
343080.0,346.38518805445585,64.63278557618177
343140.0,266.2900630269879,64.55031291235929
343200.0,243.19567567260702,64.48691051640048
343260.0,151.47896286440803,64.42900678409748
343320.0,289.75753382822256,64.39294036436786
343380.0,301.94163699975417,64.32395047536114
343440.0,155.01265921104363,64.25205960940882
343500.0,329.64850892562185,64.21515183340618
343560.0,307.1865615047079,64.1366640931858
343620.0,328.8602120094379,64.06352443568468
343680.0,295.61718803360253,63.985224385206244
343740.0,299.51891926211965,63.91483934043634
343800.0,291.2411791966969,63.8435253120406
343860.0,311.813776260568,63.77418217413662
343920.0,150.29487615803535,63.69994079883649
343980.0,169.07892743158055,63.66415630451314
344040.0,214.71127026612905,63.623899417029435
344100.0,250.8187400960502,63.57277768601369
344160.0,281.63918455627396,63.51305893837177
344220.0,277.5815588723134,63.4460019896679
344280.0,324.8832315436118,63.37991114231735
344340.0,326.5292192978629,63.30255799194982
344400.0,205.04527326115726,63.22481293973604
344460.0,271.47795090518673,63.17599263657862
344520.0,206.07449029721928,63.11135502922024
344580.0,245.4364240171616,63.06228967438757
344640.0,275.8313277472452,63.003852430573964
344700.0,51.79933010862197,62.93817830491986
344760.0,400.80039150732347,62.92584513108447
344820.0,289.9193269344838,62.83041646643987
344880.0,220.00690890680562,62.761388055264995
344940.0,371.2107129753874,62.70900545790623
345000.0,234.54708572074446,62.620621954816855
345060.0,263.17343827385724,62.56477741059763
345120.0,225.82942324355847,62.50211706815147
345180.0,354.01464496118547,62.448348157855385
345240.0,248.43937166947543,62.36405895667415
345300.0,263.5552681352265,62.30490672532427
345360.0,326.66526208388916,62.24215547100636
345420.0,289.40304981620693,62.16437802765306
345480.0,250.89428428669538,62.09547253960158
345540.0,320.64314823770815,62.035735805247604
345600.0,402.3089949184771,61.95939219852434
345660.0,269.0446281851851,61.86360434259137
345720.0,257.00560664318755,61.799546097785374
345780.0,260.2376265115711,61.73835428667985
345840.0,328.6257716787386,61.67639294703424
345900.0,214.04813767304205,61.59814871568216
345960.0,233.30094835123154,61.54718487337905
346020.0,157.75342515906735,61.49163702853352
346080.0,178.9679305359877,61.45407668920993
346140.0,218.93200233647352,61.41146527717755
346200.0,246.64378307629937,61.35933860995458
346260.0,356.1450025067845,61.30061389969831
346320.0,282.15957151741424,61.215817470530034
346380.0,195.2752928942267,61.148636620168745
346440.0,206.32117469172846,61.102142502812974
346500.0,332.4849251416292,61.05301841360066
346560.0,317.5966254281759,60.973855336185984
346620.0,251.68899951726942,60.89823709203642
346680.0,223.44841739816297,60.838311139770404
346740.0,317.4959759354541,60.785109135627984
346800.0,190.40037869132308,60.70951485564335
346860.0,273.5218307220009,60.66418143214541
346920.0,386.35954688143045,60.599057186735415
346980.0,262.32134900142154,60.50706681843031
347040.0,203.46344000233807,60.44460935438235
347100.0,274.6221316675071,60.396165678191316
347160.0,221.79948717757026,60.33077945636572
347220.0,166.35306057163086,60.27797005465677
347280.0,292.06217375993083,60.23836218309209
347340.0,317.0700772095481,60.16882357029211
347400.0,231.3456139655718,60.09333069476603
347460.0,227.36587504859605,60.03824840572661
347520.0,192.30609332978696,59.98411367357218
347580.0,241.00388217778422,59.93832650849366
347640.0,216.25791675353068,59.880944631784665
347700.0,189.33806017310684,59.82945465160525
347760.0,363.5301529785821,59.78437416108785
347820.0,277.9895940821531,59.69781936275961
347880.0,284.3437336359178,59.63163136416862
347940.0,303.0040035334266,59.563930475207684
348000.0,296.2622048255859,59.491786664842586
348060.0,225.2134372676969,59.42124804464602
348120.0,266.353194637088,59.36762579767752
348180.0,233.85821125016162,59.30420837038297
348240.0,276.30786108017395,59.24852784389484
348300.0,270.50150029792894,59.18274025792337
348360.0,227.04043531419978,59.11833513880482
348420.0,170.24213171619044,59.06427789230143
348480.0,258.77428295732324,59.02374405141663
348540.0,237.74389506554533,58.96213112690298
348600.0,136.57773463873903,58.90552543760166
348660.0,280.45978120242063,58.87300692935434
348720.0,307.9206078019037,58.80623079097281
348780.0,401.7014760405047,58.73291636054379
348840.0,226.52824428600795,58.63727315196272
348900.0,217.67738818291923,58.583337855704144
348960.0,183.43484821273788,58.53150990613678
349020.0,262.5186331061983,58.487834942276606
349080.0,262.13921888801457,58.42533050582275
349140.0,201.32235801263363,58.36291640608751
349200.0,239.5043559842194,58.3149825113226
349260.0,131.28022051005917,58.257957664659685
349320.0,305.5827778856329,58.22670046930015
349380.0,203.75943086372342,58.15394266504166
349440.0,247.92081979116847,58.105428514836014
349500.0,164.39861110534528,58.046399748219066
349560.0,215.05901707495704,58.007257221765414
349620.0,233.22478172524626,57.95605269389043
349680.0,249.3228193340996,57.900522983955845
349740.0,278.7842417138774,57.841160407923915
349800.0,336.34481793762524,57.77478320751585
349860.0,293.96299326221157,57.694701108006896
349920.0,307.7302347877486,57.62470991913494
349980.0,336.7666361550423,57.55144081561405
350040.0,284.1828917951384,57.471258283196185
350100.0,247.79801863564796,57.403595689911626
350160.0,310.54719848773146,57.344596161665045
350220.0,314.3810774369981,57.2706563525013
350280.0,288.9145093182211,57.1958037150163
350340.0,162.7229447508935,57.12701454613101
350400.0,199.51303588133334,57.08827098785699
350460.0,233.50944648186686,57.04076788407572
350520.0,296.77800500185964,56.985170396818134
350580.0,248.7200132532084,56.91450896705579
350640.0,318.21297489297893,56.855289916281215
350700.0,328.91511720643325,56.77952492225908
350760.0,321.95121458058065,56.70121179911469
350820.0,322.3334919817236,56.62455674802408
350880.0,187.78150047204258,56.54781067850462
350940.0,278.95934667374956,56.50310079743985
351000.0,213.54956187128525,56.43668190537467
351060.0,151.05741810975744,56.38583677159579
351120.0,232.7532301674835,56.3498707196649
351180.0,329.485822985713,56.294453283910734
351240.0,277.6462399170284,56.21600427843794
351300.0,371.07040364707535,56.14989803083865
351360.0,260.6357803899877,56.061547934732204
351420.0,396.8702760291718,55.99949179654411
351480.0,260.6535328674404,55.90499887368002
351540.0,251.3512356124976,55.84293850871158
351600.0,173.23918169602825,55.78309297642289
351660.0,316.6365318135434,55.741845552209554
351720.0,219.87545209666033,55.66645590177776
351780.0,211.18030667662583,55.614104603659506
351840.0,326.8772176494287,55.56382357826031
351900.0,319.49697715943626,55.48599566929616
351960.0,317.9269475989222,55.40992496044868
352020.0,228.27266233813933,55.33422806816322
352080.0,246.94586056849687,55.27987743427319
352140.0,246.41344908903193,55.2210808008045
352200.0,296.956123743951,55.16241093197378
352260.0,343.2192536503812,55.09170709298713
352320.0,272.09452943815046,55.00998822307037
352380.0,368.49958711800474,54.945203811299386
352440.0,303.8381976461734,54.85746581436653
352500.0,235.9190056748754,54.78512338635554
352560.0,299.73011821385523,54.72895219452818
352620.0,352.3643445254105,54.65758788066774
352680.0,369.90579195133455,54.57369160816169
352740.0,321.2224918228251,54.48561880055423
352800.0,251.5500715703482,54.409137254882125
352860.0,237.0086393876686,54.34924438069871
352920.0,284.57507438301514,54.29281375227307
352980.0,350.4500849835466,54.22505778218188
353040.0,276.0385176847317,54.14161728575722
353100.0,277.2850842939294,54.075893829165615
353160.0,253.09789411311306,54.00987357100039
353220.0,230.34146205292853,53.949612167640126
353280.0,240.28781344757246,53.89476896238943
353340.0,258.14245922890825,53.83755757823524
353400.0,353.10397771030574,53.77609508794264
353460.0,235.636294096188,53.69202271229733
353520.0,253.1770569656304,53.63591883275062
353580.0,198.09895699323067,53.575638581092136
353640.0,293.02084149109396,53.528472162760416
353700.0,332.02517007511557,53.458705295738724
353760.0,347.49581742984583,53.37965168381608
353820.0,262.229435683933,53.296914584428016
353880.0,284.49053391828454,53.23447900450327
353940.0,240.81807073369004,53.166743163094154
354000.0,281.71412990911676,53.10940552720518
354060.0,268.872949037072,53.04233073436968
354120.0,253.53305164218284,52.97831336555133
354180.0,258.3046825904005,52.917948353255575
354240.0,277.1572015128723,52.8564472383531
354300.0,232.39525969457176,52.79045742846908
354360.0,235.49728471319614,52.735125223779896
354420.0,352.4916524024367,52.679054441705325
354480.0,412.68573803888194,52.59512785779998
354540.0,177.7940847846935,52.496869348743104
354600.0,174.49117757423295,52.45453742379437
354660.0,192.63381597363747,52.41299190532432
354720.0,243.8694139673348,52.36712671104488
354780.0,303.8174904001957,52.30906256486218
354840.0,285.54999546948267,52.23672506714785
354900.0,260.4010759027103,52.16873697298845
354960.0,281.81997052509644,52.10673671682114
355020.0,208.56355184857537,52.039636723838974
355080.0,235.44650483584132,51.9899787353036
355140.0,248.89362790577658,51.93392004367602
355200.0,155.05204394331605,51.8746596560794
355260.0,180.43244392195317,51.83774250275957
355320.0,182.82344824310633,51.79478239706386
355380.0,295.97060084816127,51.75125300462503
355440.0,264.85245636217974,51.680783813946896
355500.0,286.80225744635516,51.61772370528924
355560.0,139.7671042491005,51.5494374535163
355620.0,161.1406318954109,51.51615957155223
355680.0,289.95621997245007,51.477792754434276
355740.0,83.45222734171648,51.40875555920274
355800.0,323.6597529661278,51.38888598126424
355860.0,140.79304447033383,51.311824135319924
355920.0,300.80336754598875,51.278301981874606
355980.0,196.89874133436325,51.206682132458894
356040.0,313.15975584749395,51.15980147976023
356100.0,442.7274977658333,51.08523963312988
356160.0,113.860118639078,50.97982832413802
356220.0,291.98699113650207,50.9527187720811
356280.0,141.78886752639914,50.88319805990574
356340.0,275.8997471808639,50.84943880573279
356400.0,237.9030093943136,50.78374838973735
356460.0,258.1127854907784,50.727104816072035
356520.0,195.64199113701716,50.66564939095518
356580.0,297.1938069436197,50.619067964493986
356640.0,163.47893170984827,50.54830753426931
356700.0,324.89862768082475,50.5093839791003
356760.0,225.8663326015789,50.43202716298582
356820.0,166.2818810535759,50.37824946474735
356880.0,346.16255745830955,50.33865854068697
356940.0,246.44991662806072,50.256238884149276
357000.0,364.97391057479814,50.197560332571165
357060.0,323.8235946733962,50.110661782434306
357120.0,202.68120822969834,50.03356092655969
357180.0,245.49958799287705,49.985303496028806
357240.0,257.8916347114611,49.92685121317336
357300.0,342.2393461654851,49.86544844300396
357360.0,276.9454851936132,49.783962884393134
357420.0,261.3067812050382,49.71802348315656
357480.0,238.77284666546552,49.65580758286964
357540.0,247.77025938693262,49.59895690509215
357600.0,329.11899557758227,49.5399639861905
357660.0,251.10737951839826,49.46160232057679
357720.0,227.22868163048523,49.401814849262884
357780.0,217.10349352921378,49.347712782208006
357840.0,217.79544313662063,49.29602147422486
357900.0,166.94512464052062,49.244165416335186
357960.0,206.10008349902296,49.20441657713506
358020.0,341.0818068097957,49.15534512868292
358080.0,238.83698145950532,49.074135174680585
358140.0,293.55643327400196,49.017269226714035
358200.0,102.62768097476541,48.94737483783927
358260.0,285.5157288195288,48.92293967570242
358320.0,241.80260513063527,48.8549597402692
358380.0,222.6669246169901,48.797387691428575
358440.0,262.4834292655844,48.74437175699596
358500.0,221.9518786010223,48.68187570240892
358560.0,124.34762903755306,48.62903001702772
358620.0,307.1970150341538,48.59942343868545
358680.0,266.52860944061945,48.52628129224875
358740.0,233.1999509178945,48.46282209952479
358800.0,194.15796946787322,48.4072983016872
358860.0,164.0340150371426,48.361070213718655
358920.0,265.75931637304296,48.32201449585267
358980.0,349.236550050308,48.258738468144806
359040.0,264.72861063482435,48.17558690860902
359100.0,169.68579073992143,48.1125562870293
359160.0,266.27583952917973,48.072154908281696
359220.0,249.69024286841525,48.008755898869985
359280.0,304.86021490535865,47.94930584104417
359340.0,289.55331694083134,47.87672007559051
359400.0,74.13681967874805,47.80777880965222
359460.0,286.142834279614,47.79012718591918
359520.0,193.36712515251347,47.72199793966213
359580.0,168.4253871461036,47.67595814795915
359640.0,242.57974416597102,47.635856865305314
359700.0,278.7114530768528,47.57809978336103
359760.0,155.7803379420306,47.51173991358083
359820.0,296.6766119453911,47.47464935692797
359880.0,300.386552942752,47.404012068369546
359940.0,257.5957747473472,47.332491460526036
360000.0,202.91775910873503,47.27115913320524
360060.0,196.4176755472541,47.22284538103649
360120.0,316.9488838447297,47.176079267810955
360180.0,164.93983705661833,47.10061524784793
360240.0,319.70953573710307,47.06134385807254
360300.0,246.16556586423062,46.9852225400399
360360.0,250.57198471835196,46.926611691024604
360420.0,154.08990263590167,46.86695169466309
360480.0,248.03409194830914,46.83026362260693
360540.0,293.9232081205892,46.77120788642876
360600.0,177.20377448766607,46.70122617020957
360660.0,287.59640666364237,46.65903479533156
360720.0,263.31869853000575,46.59055946041164
360780.0,219.66243494483643,46.52786453219021
360840.0,309.8883355858816,46.47556395244143
360900.0,126.80336776247029,46.40178101539718
360960.0,280.0813662487087,46.37158973735849
361020.0,356.7995854385845,46.304903697775465
361080.0,346.3945136206322,46.219951415528186
361140.0,283.7625641282659,46.137476531332794
361200.0,242.66163191555455,46.06991401606416
361260.0,223.015024283897,46.01213743703665
361320.0,243.4010143694501,45.95903862173096
361380.0,294.63137366158446,45.901085999262044
361440.0,214.00799071260857,45.830935672199764
361500.0,308.34134644798917,45.77998138869676
361560.0,391.3527829103871,45.70656678239962
361620.0,260.1316497431497,45.61338754837334
361680.0,183.6770298591721,45.55145144129164
361740.0,184.16701737203,45.507718815134695
361800.0,311.9718598708871,45.46386952528421
361860.0,262.3349545758439,45.38959051102923
361920.0,319.08728756585106,45.32712980755879
361980.0,235.03333573695068,45.25115664385264
362040.0,317.4793495293535,45.19519632582003
362100.0,258.75146414485187,45.11960600450352
362160.0,224.92392564128085,45.05799851304046
362220.0,245.45663749015677,45.004445197411584
362280.0,198.35363276424778,44.94600314086631
362340.0,390.21713508159206,44.89877608544625
362400.0,265.7699898225309,44.805867243760154
362460.0,310.9401013587398,44.74258867475479
362520.0,240.79283704353784,44.66855531728842
362580.0,210.64476773990276,44.61122368942091
362640.0,260.50313297756816,44.561070173292364
362700.0,341.40346790758537,44.499045617821515
362760.0,244.90473697455155,44.41775907784352
362820.0,224.75458063513105,44.359448426182915
362880.0,287.17368271352814,44.305935430793596
362940.0,308.6683346929817,44.23756074443323
363000.0,378.2011861490762,44.16406828379205
363060.0,301.7811519425479,44.07402038232798
363120.0,320.144361639115,44.00216772710356
363180.0,325.63318108591193,43.92594287909425
363240.0,214.29113277543104,43.84841116931189
363300.0,226.69137425122568,43.79738947103203
363360.0,220.50094505014397,43.743415334305546
363420.0,206.67390510965194,43.690915109293606
363480.0,335.42299330873556,43.64170703664845
363540.0,306.2162922409933,43.56184441919399
363600.0,294.7263797888774,43.48893577818423
363660.0,135.56269961470016,43.41876283061545
363720.0,415.6494175492174,43.38648599737385
363780.0,239.8859312531752,43.28752185033832
363840.0,417.8990742399721,43.2304061524209
363900.0,209.11076376030763,43.13090637283995
363960.0,248.62327961942174,43.081118095754164
364020.0,166.5258936416222,43.02192207679716
364080.0,321.78152282886253,42.98227305450153
364140.0,235.3636829632883,42.90565840620895
364200.0,238.47228150252732,42.84961943407483
364260.0,221.94298703828167,42.79284031943137
364320.0,352.40525352299744,42.739996751088924
364380.0,349.9506374439817,42.656090738345355
364440.0,417.512666329864,42.57276915800155
364500.0,269.2051710984351,42.47336138030396
364560.0,325.0629497438668,42.409264910994814
364620.0,236.18932813746017,42.331868970579606
364680.0,295.09232093007597,42.275633416261165
364740.0,285.738858265605,42.205373339849245
364800.0,346.44129014071996,42.137340278357435
364860.0,381.3302112799377,42.05485425689536
364920.0,381.5374877018588,41.96406134944775
364980.0,273.29936942582935,41.87321909047112
365040.0,385.6008826678412,41.808147812036395
365100.0,324.9025164378381,41.716338078067864
365160.0,309.95675445661533,41.63898033605886
365220.0,288.8369461377001,41.56518110880728
365280.0,299.6966569998599,41.49641040734593
365340.0,439.80686737376936,41.4250540604412
365400.0,355.71791906169506,41.32033813963792
365460.0,349.7851478878098,41.23564339700418
365520.0,325.6386206297538,41.15236121893565
365580.0,490.22685901550153,41.0748282140238
365640.0,423.8930608114075,40.95810753330583
365700.0,304.48241617235465,40.857180614065015
365760.0,333.51219649113347,40.78468480069065
365820.0,339.28643063471577,40.70527713485943
365880.0,363.1342523604544,40.624494651374974
365940.0,314.5777900008778,40.538034115098675
366000.0,385.2780788356425,40.463134641288946
366060.0,448.4001494552766,40.371401765375694
366120.0,284.810677035173,40.2646398250292
366180.0,298.3204582910639,40.19682775906844
366240.0,339.42769100575356,40.12579907852295
366300.0,344.644078163532,40.04498296161682
366360.0,493.2206367331796,39.962924847768356
366420.0,435.90195080295456,39.845491362831886
366480.0,434.97084510288124,39.741705184069275
366540.0,364.9865900764225,39.63814069714002
366600.0,366.23118071133774,39.5512391280742
366660.0,298.8930198034026,39.464041227904836
366720.0,435.5084801740194,39.39287622318974
366780.0,420.6988591328967,39.289183727910206
366840.0,471.04914355821353,39.189017332878564
366900.0,383.91482402848953,39.07686277488851
366960.0,390.75410924546765,38.985454483453154
367020.0,412.18012259703346,38.89241779077566
367080.0,458.2273716022893,38.7942796663478
367140.0,319.2555870017836,38.6851779112044
367200.0,454.4050446443675,38.609164676203974
367260.0,411.80248056232097,38.5009729989077
367320.0,352.3211181611553,38.40292478925
367380.0,293.58594494113544,38.31903880873544
367440.0,413.31176978678644,38.249137393273266
367500.0,511.2149882838952,38.15072982903832
367560.0,527.6985458313179,38.02901197468501
367620.0,451.4176379376284,37.90336946377279
367680.0,550.7044288597974,37.79588907378764
367740.0,433.30713188496713,37.664768971678164
367800.0,495.990840631737,37.56160060694365
367860.0,414.63634575317263,37.44350754965038
367920.0,413.7593789635746,37.344784610185336
367980.0,406.91638923002176,37.24627047233687
368040.0,326.87230174531396,37.14938561775829
368100.0,530.6710918525098,37.071558879247505
368160.0,417.892464660324,36.945208619282624
368220.0,411.2511801053855,36.84571041341112
368280.0,391.48743000266063,36.74779346576698
368340.0,452.9723873994791,36.65458217290921
368400.0,573.9905683632487,36.54673160448076
368460.0,596.752530000776,36.410067183441896
368520.0,374.41507391670143,36.26798324772743
368580.0,455.7368240069088,36.178836801556784
368640.0,417.87298317162305,36.07032803393609
368700.0,542.1583740879325,35.970834466514276
368760.0,502.96907220829064,35.84174913935048
368820.0,450.48510327383224,35.72199459834851
368880.0,495.9286595700794,35.61473624042617
368940.0,465.81212307614175,35.496657988147575
369000.0,594.1816629126945,35.38575033979611
369060.0,532.9995465630686,35.24427851529309
369120.0,543.2106048139412,35.1173738613495
369180.0,345.82823884279145,34.98803800306047
369240.0,504.6396329683788,34.905697946193136
369300.0,636.423566263621,34.78554565262924
369360.0,593.7616048983527,34.63401623209028
369420.0,406.1091410157057,34.4926444214002
369480.0,500.846031153767,34.395951768777415
369540.0,450.2525939663195,34.276702713740804
369600.0,627.6758600371204,34.169499715177395
369660.0,542.3050018043734,34.02005308183522
369720.0,484.19035743699715,33.890932843310374
369780.0,534.8873197301149,33.775649424872995
369840.0,378.9443531940983,33.64829530112773
369900.0,472.804468632138,33.55807045512913
369960.0,542.570790348428,33.44549796259767
370020.0,593.5716135658395,33.31631444108614
370080.0,428.7628299366413,33.17498786642761
370140.0,524.7453725882264,33.072901478347454
370200.0,610.5300563134763,32.94796210392168
370260.0,465.15593231676445,32.802597804799426
370320.0,568.2471260958476,32.69184639234305
370380.0,560.6652754139369,32.556549457558326
370440.0,661.7367351260054,32.42305772531691
370500.0,547.1881698716828,32.26550135981072
370560.0,552.7769173616962,32.13521846222223
370620.0,616.4002268411774,32.00360491046944
370680.0,487.5033968053681,31.856842951697733
370740.0,555.7639177630433,31.740770714363123
370800.0,543.5558738557797,31.608445972038588
370860.0,563.9829541988497,31.47902790683483
370920.0,624.2460422633976,31.3447462510732
370980.0,607.3395134998156,31.196116241010486
371040.0,529.6829362425939,31.0515115949391
371100.0,583.109511610631,30.925396610119435
371160.0,664.4431508075398,30.786561012116906
371220.0,525.0606077884089,30.628360261924634
371280.0,583.4039317530295,30.503345831498823
371340.0,562.6880042730132,30.364440133462388
371400.0,569.9189953612371,30.23046679911167
371460.0,475.1240703270299,30.094771800216137
371520.0,656.7200489905298,29.981647021566843
371580.0,524.5738216560146,29.825285105140527
371640.0,631.4127753480938,29.700386576174807
371700.0,531.2348538195525,29.550050201091928
371760.0,529.5139629838168,29.42356571208727
371820.0,638.2183243234313,29.297490958995887
371880.0,623.3124953255219,29.145534215109357
371940.0,574.3114157756962,28.99712647812709
372000.0,605.4377103274494,28.86038566484716
372060.0,540.2994101583131,28.71623382905491
372120.0,554.8225241033726,28.58759111235055
372180.0,513.2085741494409,28.455490511373558
372240.0,604.6021255979015,28.33329799371893
372300.0,506.07758752546533,28.18934510667181
372360.0,633.9890858566222,28.06885044297527
372420.0,523.0012895966051,27.917900660628455
372480.0,540.1289362541829,27.793376544057836
372540.0,581.2457457829944,27.66477441637827
372600.0,533.8552278020812,27.52638257214422
372660.0,511.12890389951855,27.3992741845723
372720.0,523.661858828501,27.277576826500987
372780.0,575.4331307903097,27.15289543154182
372840.0,478.25564026530157,27.015887543258412
372900.0,506.5583603221521,26.902017152719054
372960.0,510.73974404396586,26.78140801930902
373020.0,557.8728621202106,26.65980331834617
373080.0,495.7685966098463,26.52697644641279
373140.0,605.9063125361779,26.408936304362825
373200.0,483.55371336296065,26.264672896616116
373260.0,474.1124333368503,26.149541060101125
373320.0,473.4298756126383,26.036657147401876
373380.0,399.9037783441522,25.923935748446485
373440.0,411.8024243766909,25.82872056312645
373500.0,437.1643214851391,25.730672366846285
373560.0,532.0481917392591,25.62658562363554
373620.0,456.70192663813566,25.49990748274524
373680.0,424.30022872141427,25.391168928783777
373740.0,521.559952383151,25.290145064802488
373800.0,535.5283981957787,25.16596412375888
373860.0,512.1728731512103,25.038457362283694
373920.0,379.9602915843992,24.916511440104834
373980.0,395.6315289083665,24.82604470401331
374040.0,528.2777519757465,24.73184672093989
374100.0,427.93691580263874,24.606066303802805
374160.0,391.33509926920465,24.504176561945034
374220.0,444.3284887134556,24.41100153830951
374280.0,455.41261734698924,24.305209040996782
374340.0,354.3484294648492,24.196777465437975
374400.0,395.3777113782452,24.11240879175587
374460.0,431.2975367691058,24.018271241427716
374520.0,299.49757684987753,23.915581351720785
374580.0,363.18622202378856,23.84427240485177
374640.0,288.8341975629596,23.757799494846104
374700.0,289.8578143085406,23.689029447807304
374760.0,308.1862981638039,23.620015682495747
374820.0,363.62534453400656,23.546637992456745
374880.0,308.63052678910276,23.460060529472457
374940.0,281.9299958923541,23.386577070713148
375000.0,316.74269754440115,23.31945088121497
375060.0,237.57880687821805,23.244035953228206
375120.0,324.8063912775281,23.187469570638154
375180.0,359.5791951583594,23.110134715572077
375240.0,279.49939220586856,23.024520621486754
375300.0,264.5878913840597,22.957973147152025
375360.0,291.58970250332754,22.89497603015582
375420.0,139.8545283539973,22.825549910512173
375480.0,286.0958267386312,22.79225121328503
375540.0,432.2704020447858,22.724133159299644
375600.0,231.0152607581204,22.621211635003267
375660.0,223.39673630094023,22.56620800148943
375720.0,267.28060542756407,22.513018302370156
375780.0,313.4573535350276,22.44938006298264
375840.0,265.26364968493596,22.374747359760015
375900.0,69.4140436577033,22.31158934793027
375960.0,224.49766667583089,22.295062194678437
376020.0,336.91293456274724,22.241610369279428
376080.0,211.80878907017836,22.161393003907346
376140.0,97.01491847740942,22.110962339843017
376200.0,174.9947130897658,22.08786354972935
376260.0,73.00447926519536,22.046198141850834
376320.0,215.54326325127153,22.028816122978167
376380.0,75.9216260443743,21.97749629839453
376440.0,129.40060354626428,21.959419720764917
376500.0,65.12409598566353,21.9286100532539
376560.0,75.42405976651725,21.91310431611446
376620.0,188.9767829368456,21.895146206646242
376680.0,97.59033292545303,21.85015173451842
376740.0,49.385861280743484,21.826915940964742
376800.0,5.76096109416477,21.815157402564566
376860.0,-46.307737574178134,21.813785745161194
376920.0,-17.578148042153146,21.82481139696457
376980.0,55.70673556541425,21.82899667030794
377040.0,99.28136025892945,21.815733161839987
377100.0,-1.686449273347705,21.79209474273072
377160.0,117.62518801283522,21.79249627827199
377220.0,-28.20744283621582,21.764490281126076
377280.0,-7.99459800000011,21.77120633894422
377340.0,-67.05004937260645,21.773109814658508
377400.0,48.60502449299088,21.789074112128176
377460.0,106.44241320646432,21.777501487248895
377520.0,-133.68574635630625,21.75215805553307
377580.0,-57.314591347260944,21.783987995141715
377640.0,30.775456680373395,21.797634326414872
377700.0,-140.49157847184574,21.79030683672907
377760.0,-28.233112852251054,21.823757212555698
377820.0,2.500333230083072,21.830479382282423
377880.0,-74.64146101116233,21.829884064846688
377940.0,-54.858748460177594,21.847655841277916
378000.0,9.249279417301295,21.86071744805415
378060.0,11.980549365414504,21.858515238669078
378120.0,-117.15199145228479,21.85566272691541
378180.0,-153.87318945578824,21.88355605821357
378240.0,-185.61246535806788,21.92019253189352
378300.0,-80.264490624117,21.964385976026392
378360.0,-229.64208037452738,21.983496569032134
378420.0,-170.92673349635032,22.03817325483559
378480.0,-158.03022232320603,22.078870096144247
378540.0,-202.77271102729964,22.116496339554534
378600.0,-164.18501689086867,22.164775556465795
378660.0,-35.46493881823301,22.203867227154095
378720.0,-204.9721279838966,22.212311260206057
378780.0,-232.11915640935405,22.26111414782127
378840.0,-153.37083409197322,22.316380613633022
378900.0,-208.18818021732153,22.352897478893016
378960.0,-144.45127511069342,22.402466093230473
379020.0,-229.15341520557052,22.436859253971114
379080.0,-262.13763009408376,22.49141959092482
379140.0,-362.4269202831801,22.553833312375794
379200.0,-360.7316561444244,22.64012543625274
379260.0,-381.8059593694152,22.72601392581094
379320.0,-256.9918486311758,22.816920106613182
379380.0,-369.5464299205398,22.878108642001557
379440.0,-220.50661118608662,22.96609588722073
379500.0,-302.02623111863335,23.018597461312655
379560.0,-326.4614646665003,23.090508468721854
379620.0,-370.37972607454867,23.168237388880545
379680.0,-290.3195329024652,23.256423037945915
379740.0,-383.79956549525474,23.325546736256026
379800.0,-402.49457654722494,23.41692758518347
379860.0,-279.8802423819945,23.51275962721852
379920.0,-337.6800508350766,23.579397780166616
379980.0,-380.7955307498521,23.659797792270204
380040.0,-335.9222319715671,23.750463394829694
380100.0,-381.54640496663706,23.83044487863245
380160.0,-366.74097253344627,23.921289260767363
380220.0,-446.3371137583013,24.008608539941992
380280.0,-280.671548825396,24.114879281313016
380340.0,-447.2063681688086,24.181705840557157
380400.0,-326.5661225982942,24.288183547264016
380460.0,-438.72115759607397,24.365937385977894
380520.0,-386.38889755266524,24.47039480445315
380580.0,-398.1505826666639,24.562392161013307
380640.0,-380.74553777441827,24.657189918791083
380700.0,-507.3099252605505,24.747843618261182
380760.0,-399.61328905142506,24.86863169570417
380820.0,-360.6068381117171,24.96377771690689
380880.0,-494.11939835035355,25.04963648788587
380940.0,-483.6827020455248,25.167283963683573
381000.0,-524.3016613626673,25.28244651178965
381060.0,-520.7732912636645,25.407280240685523
381120.0,-404.35637606686447,25.531273881462585
381180.0,-574.3127471734764,25.627549209097552
381240.0,-577.5649801971474,25.764290339376952
381300.0,-431.3251639268631,25.901805810852462
381360.0,-497.4098378814924,26.004502278454098
381420.0,-414.52617551560434,26.122933192235404
381480.0,-575.6024580749887,26.2216299006915
381540.0,-547.7891104616037,26.358678104995068
381600.0,-601.7585191503424,26.489104083676402
381660.0,-560.2338443262612,26.632379921569342
381720.0,-681.9538268026799,26.765768932123212
381780.0,-541.0489781408471,26.928138890885755
381840.0,-569.3381731649383,27.056960076157385
381900.0,-598.7624347830978,27.192516784053797
381960.0,-625.2557575417882,27.335079268525963
382020.0,-662.006127852816,27.483949686988293
382080.0,-571.1073983235027,27.641570193619916
382140.0,-691.4472015572842,27.777548145601703
382200.0,-596.8420773570856,27.94217843168677
382260.0,-509.4252376814086,28.08428368820036
382320.0,-551.0600439267967,28.20557541145784
382380.0,-736.7606105281786,28.336780183821364
382440.0,-684.8814763986545,28.512199376804265
382500.0,-633.5771371489641,28.67526639499442
382560.0,-669.230889969036,28.826118094315603
382620.0,-755.0909914051334,28.98545878240347
382680.0,-654.083323583813,29.165242351785643
382740.0,-683.8419650558732,29.320976476448458
382800.0,-574.3832166593942,29.483795991937953
382860.0,-710.4014541145742,29.62055390066638
382920.0,-631.0558030956248,29.789697104026992
382980.0,-783.0529511292193,29.939948485716425
383040.0,-774.5632952402257,30.126389664556715
383100.0,-675.4016431439502,30.310809496756768
383160.0,-659.4597532405747,30.471619411791043
383220.0,-787.6731015887588,30.628633638753083
383280.0,-734.4946121973824,30.816174853417074
383340.0,-824.5075873842367,30.99105452298788
383400.0,-758.1235489849566,31.18736585331746
383460.0,-702.6365358169792,31.36787146021864
383520.0,-784.5150553060919,31.535165873508397
383580.0,-778.8894452355081,31.7219551723908
383640.0,-837.229154048103,31.907405040304017
383700.0,-813.8013248538168,32.106745315077376
383760.0,-674.8359485266851,32.300507535280666
383820.0,-781.3343559740424,32.461182761120355
383880.0,-851.2000907627469,32.647214750637986
383940.0,-815.2643108981581,32.84988143891483
384000.0,-897.5046763561656,33.04399198912868
384060.0,-867.7543415856983,33.257683578737286
384120.0,-730.4948896843612,33.46429175530531
384180.0,-825.8395610563113,33.638219109992065
384240.0,-708.9870261001886,33.834847576910235
384300.0,-833.2568567149749,34.00365401169599
384360.0,-834.7648329280378,34.20204850139003
384420.0,-799.1876048890928,34.40080203303956
384480.0,-1002.9967116427645,34.59108479610839
384540.0,-835.310396277385,34.82989353697572
384600.0,-855.4763752743396,35.02877696466081
384660.0,-768.2704455916919,35.2324618159166
384720.0,-804.4128002522518,35.41538335058129
384780.0,-935.141066732222,35.6069102077842
384840.0,-797.3824896147428,35.82956284272045
384900.0,-892.4061781929502,36.01941581643825
384960.0,-935.6562752273051,36.231893477912756
385020.0,-874.2499498448681,36.4546687815383
385080.0,-902.8946678542679,36.66282353150137
385140.0,-803.0382547065952,36.87779845241905
385200.0,-879.4918282837342,37.068998036873005
385260.0,-892.137901556279,37.27840085313104
385320.0,-854.9522069738512,37.49081463921587
385380.0,-847.897633276562,37.69437468849536
385440.0,-870.8978184067911,37.89625507737073
385500.0,-837.1557937631833,38.10361170080092
385560.0,-890.1774059796142,38.30293450883977
385620.0,-920.9792653871351,38.514881510263486
385680.0,-860.9932664850752,38.734162287736616
385740.0,-945.0678077419142,38.939160684518775
385800.0,-941.8548847143944,39.16417682921923
385860.0,-844.7558566207977,39.38842799224646
385920.0,-854.9009493048148,39.58956033906094
385980.0,-956.8379672691333,39.793108184133516
386040.0,-987.6565965884242,40.020926747769025
386100.0,-876.7141984806229,40.256083080290075
386160.0,-920.5055968335736,40.46482455611879
386220.0,-953.5868536334862,40.68399255536488
386280.0,-995.7900180490813,40.911037044325234
386340.0,-960.4966362440941,41.148129905765494
386400.0,-985.5865139189286,41.37681958106171
386460.0,-1027.9946210564153,41.611483036756695
386520.0,-984.2068098704946,41.856243660817746
386580.0,-979.803566295837,42.090578615548814
386640.0,-1021.9969555550857,42.32386517895259
386700.0,-948.9524768811557,42.56719778741808
386760.0,-929.5253048149693,42.793138853342164
386820.0,-952.2990180535343,43.01445440210763
386880.0,-1030.6697513218749,43.241192263548946
386940.0,-972.3117982219355,43.48658982338749
387000.0,-1016.5138496556674,43.71809263248795
387060.0,-1098.8308736469285,43.96011973954882
387120.0,-987.7810003516452,44.22174613803619
387180.0,-1022.7995084651561,44.456932090500864
387240.0,-879.3410942292334,44.70045578299257
387300.0,-950.8681402668144,44.90982271019001
387360.0,-998.9495762872907,45.13621988644401
387420.0,-1029.9462498549283,45.37406502365527
387480.0,-1038.3146631825985,45.619290321239774
387540.0,-1111.5644284627867,45.866508098188014
387600.0,-1158.850832930836,46.131166295441055
387660.0,-1109.9970715602835,46.40708316042459
387720.0,-1063.601783194102,46.67136817746275
387780.0,-1190.1295873733673,46.924606697270875
387840.0,-1099.478157870387,47.207970884740725
387900.0,-1084.6603221733576,47.469751398519385
387960.0,-1085.6768121652945,47.72800385617971
388020.0,-1115.365220914986,47.98649833526669
388080.0,-1099.0260453503333,48.25206148310359
388140.0,-977.9377415392012,48.51373435104414
388200.0,-1044.4414700705029,48.74657667045824
388260.0,-1120.5496279177576,48.99525321095122
388320.0,-1093.7563391318433,49.262050741407826
388380.0,-1094.0405762611986,49.5224689173916
388440.0,-1141.067737854559,49.78295476888236
388500.0,-1143.7491097911097,50.05463756360964
388560.0,-1039.5429075386503,50.32695878022657
388620.0,-1127.8965487512942,50.5744689963072
388680.0,-1170.8884104283234,50.84301579362894
388740.0,-1110.2541115044137,51.12179874849283
388800.0,-1103.0060110362676,51.38614496551769
388860.0,-1230.831516339165,51.648765444335844
388920.0,-1117.2583923843147,51.94182056727374
388980.0,-1065.0407648318726,52.20783447022238
389040.0,-1092.3132708405037,52.46141560470616
389100.0,-987.8282450030981,52.72149019300152
389160.0,-1048.7396681991258,52.956687394192734
389220.0,-1039.021771268017,53.20638731519253
389280.0,-960.0654464547259,53.453773451208725
389340.0,-1084.6551556272818,53.68236046226937
389400.0,-1122.3953118922764,53.940611689799674
389460.0,-1075.7510904041928,54.20784866882165
389520.0,-1169.686595451483,54.46397988082265
389580.0,-1131.588977627765,54.742476689263476
389640.0,-1178.7923377225768,55.01190263631771
389700.0,-1117.8888330908217,55.292567478632606
389760.0,-1182.6823154043286,55.55873148651137
389820.0,-1186.543912032906,55.84032251398859
389880.0,-1122.2407379735646,56.122832969234516
389940.0,-1156.9931915109037,56.39003314494251
390000.0,-1266.0235142347308,56.665507714349864
390060.0,-1239.3077106412243,56.966941884405756
390120.0,-1222.3725802929412,57.26201514884414
390180.0,-1208.0373859516326,57.55305623939008
390240.0,-1131.6762783589797,57.84068418842618
390300.0,-1144.8480213230036,58.11013092136879
390360.0,-1095.4702743658763,58.38271378358856
390420.0,-1115.5815666711856,58.643540039389954
390480.0,-1097.7580386310217,58.90915469812119
390540.0,-1126.8508321365923,59.170525659700004
390600.0,-1152.0160288613647,59.438823476875385
390660.0,-1099.8376127249044,59.713113007556665
390720.0,-1111.7955770364058,59.9749791058245
390780.0,-1145.5158999975997,60.239692338452215
390840.0,-1092.8981918238405,60.51243421940403
390900.0,-1310.9502409403472,60.772648074600184
390960.0,-1188.6306967275773,61.084779084347886
391020.0,-1190.509770490261,61.367786393092544
391080.0,-1103.9202429054658,61.65124110035213
391140.0,-1079.675787373787,61.91407925342486
391200.0,-1261.8078831428757,62.171144917085286
391260.0,-1090.9240513740392,62.47157536545264
391320.0,-1246.6370476740915,62.73131918720836
391380.0,-1245.538767980875,63.02813753189267
391440.0,-1191.7977440313232,63.32469438141192
391500.0,-1197.4669422651455,63.60845574903843
391560.0,-1272.4727192948567,63.893566925768226
391620.0,-1140.5272839804088,64.19653662083843
391680.0,-1139.2672245173871,64.46809073607186
391740.0,-1117.2593876679691,64.73934483714743
391800.0,-1206.9388022511691,65.00535897706837
391860.0,-1183.6951114220576,65.29272535855674
391920.0,-1183.493494637409,65.57455752794294
391980.0,-1080.6948894542595,65.85634169333281
392040.0,-1352.2950755954446,66.11365000034573
392100.0,-1239.8818319865932,66.43562501834464
392160.0,-1182.3165025300648,66.73083497834145
392220.0,-1247.9259405204991,67.01233890751527
392280.0,-1198.3927058197373,67.30946413144872
392340.0,-1190.518754224106,67.59479572807247
392400.0,-1222.435102720329,67.8782525743163
392460.0,-1179.08448978546,68.16930855115449
392520.0,-1145.2013330941159,68.45004295348436
392580.0,-1196.9629180868235,68.72270993755438
392640.0,-1209.834237962396,69.00770110852744
392700.0,-1192.4030578021507,69.29575687947087
392760.0,-1182.6769459741893,69.57966236942376
392820.0,-1286.382543845471,69.86125211846523
392880.0,-1153.9617525870294,70.16753367652368
392940.0,-1208.3657044995227,70.44228647475869
393000.0,-1105.2232087061818,70.72999259487763
393060.0,-1145.0208423022418,70.99314097790291
393120.0,-1109.807876929192,71.26576498797488
393180.0,-1240.1589910738783,71.53000495867231
393240.0,-1201.2279770659181,71.825280908928
393300.0,-1252.897438522266,72.11128757013417
393360.0,-1220.0257123982287,72.40959648406803
393420.0,-1101.911410963736,72.7000787965438
393480.0,-1087.0710120926226,72.96243865629708
393540.0,-1244.4503980260724,73.22126508774771
393600.0,-1202.2602884081696,73.51756280156344
393660.0,-1178.4959038544573,73.80381525118443
393720.0,-1137.9077020317416,74.08440951400692
393780.0,-1277.7119113476513,74.35533991925257
393840.0,-1267.3419712814778,74.65955704100202
393900.0,-1140.782524002239,74.96130512940238
393960.0,-1286.0600295889617,75.23292001606957
394020.0,-1194.8427220449926,75.53912478501933
394080.0,-1157.1861152553188,75.82361114741099
394140.0,-1140.8080416289988,76.09913165104321
394200.0,-1173.0471392920942,76.37075261333582
394260.0,-1185.245237440312,76.65004955126251
394320.0,-1111.3411413825145,76.93225079827211
394380.0,-1143.5784264997556,77.19685583193461
394440.0,-1198.1470530626982,77.46913640967264
394500.0,-1155.6578958268321,77.75440951754472
394560.0,-1133.4863395994848,78.02956615940825
394620.0,-1051.8975140314697,78.29944385931289
394680.0,-1106.2877125264995,78.549895648368
394740.0,-1079.0292837606894,78.81329748468383
394800.0,-1186.9349431344608,79.07020921891257
394860.0,-1180.1055845719359,79.35281277680173
394920.0,-1161.0938935520678,79.6337902969379
394980.0,-1153.862377334318,79.91024122397411
395040.0,-1203.9669506037021,80.18497036143467
395100.0,-1065.7274509162066,80.47162915919745
395160.0,-1086.8410385534485,80.72537379036797
395220.0,-1156.302203320624,80.98414546621403
395280.0,-1097.5390890216427,81.25945551462371
395340.0,-1120.7088523686987,81.52077434534314
395400.0,-1088.8951530884372,81.78760978638331
395460.0,-1210.706323858893,82.04687053711865
395520.0,-1136.711740488538,82.33513394756125
395580.0,-1129.3397643286003,82.60577960005851
395640.0,-1086.2855832115138,82.87467002013675
395700.0,-1159.218386126565,83.13330944471092
395760.0,-1269.2774443297365,83.4093138223601
395820.0,-1181.9145916180971,83.7115227376767
395880.0,-1118.3681203315416,83.99293097377625
395940.0,-1108.5265345822813,84.25920909766472
396000.0,-1008.9508524999138,84.52314398685098
396060.0,-1072.5890016914807,84.76337038030334
396120.0,-1100.20200904465,85.0187487140394
396180.0,-1104.5394234705443,85.28070157333575
396240.0,-1033.8092435175,85.54368715035254
396300.0,-1132.8934478986334,85.7898322083329
396360.0,-1103.2927943874872,86.05956874354686
396420.0,-1157.58267106752,86.32225750411531
396480.0,-1004.4068074394727,86.59787242579806
396540.0,-1063.267890804082,86.83701690375983
396600.0,-1126.5086529932469,87.09017592537985
396660.0,-1088.1268579588173,87.35839227133063
396720.0,-1047.8457908484916,87.61747009465415
396780.0,-1090.5963321179354,87.86695718771331
396840.0,-1104.7129819001593,88.12662298107472
396900.0,-1108.9560055197067,88.38964988152713
396960.0,-1046.380109532363,88.65368702569849
397020.0,-1085.1828263982484,88.90282514701572
397080.0,-1087.870395395331,89.16120201044387
397140.0,-1137.7177230331022,89.42021877125228
397200.0,-1049.7685043194974,89.69110394340302
397260.0,-1062.137211914946,89.94104882538386
397320.0,-1067.3636301148706,90.19393863774457
397380.0,-1032.903581204803,90.44807283539096
397440.0,-996.6790605659578,90.69400225948735
397500.0,-996.1590377047246,90.93130679771734
397560.0,-1001.7475348718216,91.16848752098036
397620.0,-1045.9743643365584,91.40699883880698
397680.0,-1062.1416893795117,91.65604035412521
397740.0,-1087.3092238666234,91.90893123254891
397800.0,-1056.78114269628,92.16781438108858
397860.0,-1016.4953007367378,92.41942893887341
397920.0,-1061.299232313405,92.66145162952502
397980.0,-1004.7717170950036,92.91414192293297
398040.0,-1064.841066272466,93.15337328414607
398100.0,-1102.9172570559988,93.4069068713538
398160.0,-950.4031311160173,93.66950621827189
398220.0,-1024.3079241606554,93.89579267806143
398280.0,-1042.306532290396,94.1396755171473
398340.0,-1053.9228402480194,94.3878437391212
398400.0,-959.0835056340434,94.63877774870406
398460.0,-898.1111273171729,94.86713096433121
398520.0,-1000.896341137304,95.08096694702577
398580.0,-985.7185452105546,95.31927559967751
398640.0,-904.526299698649,95.55397049139431
398700.0,-1073.4571742486207,95.76933389608446
398760.0,-842.7914103438557,96.02491893757222
398820.0,-810.0976032997403,96.22558355908266
398880.0,-1115.0310818925464,96.4184639408207
398940.0,-954.3754692961331,96.68394753174749
399000.0,-987.5039002070558,96.9111797863418
399060.0,-956.062665088554,97.14629976258158
399120.0,-961.0563417894382,97.37393373045981
399180.0,-882.9922890579053,97.6027566689811
399240.0,-934.1644655328566,97.81299292828061
399300.0,-977.745098984821,98.0
399360.0,-929.070249610322,98.0
399420.0,-883.4687580222246,98.0
399480.0,-980.9640822393739,98.0
399540.0,-1004.2682515618862,98.0
399600.0,-781.451646183061,98.0
399660.0,-935.0524741593584,98.0
399720.0,-900.2075053583238,98.0
399780.0,-911.2624150654057,98.0
399840.0,-849.9068227117409,98.0
399900.0,-771.7912310028913,98.0
399960.0,-838.698401675173,98.0
400020.0,-959.9015279788728,98.0
400080.0,-947.1217092653666,98.0
400140.0,-883.2564882699762,98.0
400200.0,-870.6266210212075,98.0
400260.0,-953.0335768988584,98.0
400320.0,-795.7098763230339,98.0
400380.0,-905.1734692554479,98.0
400440.0,-745.4902336067735,98.0
400500.0,-720.9147637602649,98.0
400560.0,-840.0827374557782,98.0
400620.0,-793.8544990969949,98.0
400680.0,-889.0856609903044,98.0
400740.0,-772.6949678639178,98.0
400800.0,-834.924673339905,98.0
400860.0,-865.1557989779577,98.0
400920.0,-812.1414120940206,98.0
400980.0,-817.5570174152544,98.0
401040.0,-803.9238253608869,98.0
401100.0,-722.207000139827,98.0
401160.0,-821.0513001007583,98.0
401220.0,-664.5481396983128,98.0
401280.0,-842.8415050733809,98.0
401340.0,-661.0723573560974,98.0
401400.0,-813.6210034669452,98.0
401460.0,-747.2954044198677,98.0
401520.0,-771.2227792725214,98.0
401580.0,-756.9833978491304,98.0
401640.0,-682.7992766463155,98.0
401700.0,-635.3846092113258,98.0
401760.0,-648.4088183932106,98.0
401820.0,-738.5704459253639,98.0
401880.0,-697.63530357224,98.0
401940.0,-749.9997296925928,98.0
402000.0,-756.9255094252062,98.0
402060.0,-760.5410749385107,98.0
402120.0,-712.3211488496681,98.0
402180.0,-665.3674456444337,98.0
402240.0,-789.3031327132865,98.0
402300.0,-671.5993947886275,98.0
402360.0,-572.0542279542909,98.0
402420.0,-589.8723508875174,98.0
402480.0,-686.4431597307376,98.0
402540.0,-729.2635142169544,98.0
402600.0,-611.9543743921007,98.0
402660.0,-772.657074027957,98.0
402720.0,-561.0435563197494,98.0
402780.0,-634.4838183818372,98.0
402840.0,-505.7807685612075,98.0
402900.0,-713.2414895209139,98.0
402960.0,-548.4742222693943,98.0
403020.0,-603.5077320126532,98.0
403080.0,-611.2293189546449,98.0
403140.0,-667.4209689647028,98.0
403200.0,-543.3246597868985,98.0
403260.0,-532.3156748480374,98.0
403320.0,-459.56595673394423,98.0
403380.0,-499.9557529289582,98.0
403440.0,-589.8131842593216,98.0
403500.0,-608.1275837462583,98.0
403560.0,-623.6974652110175,98.0
403620.0,-446.862574631314,98.0
403680.0,-575.5905753881734,98.0
403740.0,-433.7065587945122,98.0
403800.0,-484.61253542657545,98.0
403860.0,-489.89559293830513,98.0
403920.0,-521.6513022867558,98.0
403980.0,-457.1249271052858,98.0
404040.0,-491.1964398575094,98.0
404100.0,-505.90081322346407,98.0
404160.0,-435.444617742492,98.0
404220.0,-479.27732900328317,98.0
404280.0,-511.9505384823567,98.0
404340.0,-421.4497927084053,98.0
404400.0,-454.64513358985766,98.0
404460.0,-414.815788592011,98.0
404520.0,-464.7043316150971,98.0
404580.0,-503.32048410398846,98.0
404640.0,-319.9475113077872,98.0
404700.0,-324.5124514523584,98.0
404760.0,-357.51783932312003,98.0
404820.0,-427.0281668560378,98.0
404880.0,-414.9721587189497,98.0
404940.0,-307.1861362526415,98.0
405000.0,-404.50762257427994,98.0
405060.0,-414.3627454840573,98.0
405120.0,-257.18658707090503,98.0
405180.0,-365.4725345547446,98.0
405240.0,-249.57768707161244,98.0
405300.0,-432.63839201701484,98.0
405360.0,-310.67600807194293,98.0
405420.0,-210.51514277931972,98.0
405480.0,-325.98905224406445,98.0
405540.0,-336.5895972764705,98.0
405600.0,-383.7711441773969,98.0
405660.0,-241.70386170307472,98.0
405720.0,-345.77251026067773,98.0
405780.0,-298.15593997242473,98.0
405840.0,-359.4226477887138,98.0
405900.0,-184.80667236134997,98.0
405960.0,-201.77809588298635,98.0
406020.0,-265.8004773360074,98.0
406080.0,-325.9721080150077,98.0
406140.0,-157.3704271962073,98.0
406200.0,-264.26663529873315,98.0
406260.0,-301.3934188821016,98.0
406320.0,-333.5634407987657,98.0
406380.0,-259.3346618718566,98.0
406440.0,-300.5809328915047,98.0
406500.0,-243.38362847242354,98.0
406560.0,-154.0477798987274,98.0
406620.0,-213.92079243529344,98.0
406680.0,-162.72658006823735,98.0
406740.0,-220.12696206532183,98.0
406800.0,-165.4631233245181,98.0
406860.0,-46.753683302740626,98.0
406920.0,-175.53984745375487,98.0
406980.0,-124.17676505561815,98.0
407040.0,-233.77533486866093,98.0
407100.0,-41.228257653545086,98.0
407160.0,-153.64814255254765,98.0
407220.0,-54.555493644308115,98.0
407280.0,-117.5412081051062,98.0
407340.0,-66.0100880226799,98.0
407400.0,-54.990627821748774,98.0
407460.0,-114.93687374336298,98.0
407520.0,-14.80820637242465,98.0
407580.0,-118.3873961046857,98.0
407640.0,-18.692059433993904,98.0
407700.0,-81.2948700607397,98.0
407760.0,-29.41869232008429,98.0
407820.0,-70.61709987772349,98.0
407880.0,-32.400613115946726,98.0
407940.0,-92.37932578913257,98.0
408000.0,-5.54028705419455,98.0
408060.0,-10.23651033506411,98.0
408120.0,-37.78975276227868,98.0
408180.0,-1.1742858477386449,98.0
408240.0,17.67564700902159,98.0
408300.0,-19.838651588528933,97.9957915126169
408360.0,16.923397541787608,98.0
408420.0,-28.17998797877715,97.99597061963291
408480.0,180.39871980234864,98.0
408540.0,110.70016337884158,97.95704792385658
408600.0,71.03298638912196,97.93069074209971
408660.0,132.4636825399727,97.91377812629278
408720.0,-49.13413589742839,97.88223915425945
408780.0,-76.36187057337602,97.89393775804456
408840.0,60.61239011644403,97.91211915580013
408900.0,9.319216107885609,97.89768763434382
408960.0,85.29143423471578,97.89546877336576
409020.0,119.27256209691257,97.87516128902416
409080.0,169.59332298109388,97.84676305995347
409140.0,53.49697691558049,97.80638369733893
409200.0,153.1832630173143,97.79364632188285
409260.0,137.46880927643008,97.75717411640254
409320.0,164.84253650357743,97.7244434475272
409380.0,120.1778872878748,97.68519522455016
409440.0,241.70933455974216,97.65658144186257
409500.0,159.85163106337745,97.59903160030073
409560.0,279.8370030294824,97.56097168814279
409620.0,133.26874707952126,97.49434383027862
409680.0,232.54884886488853,97.46261317621207
409740.0,191.66644298685694,97.40724440267282
409800.0,182.82859427557858,97.36160953529499
409860.0,247.65692136311895,97.31807891761032
409920.0,198.96974530282304,97.25911298395243
409980.0,64.38068277601039,97.21173923507081
410040.0,47.480251848473955,97.19641050107651
410100.0,314.7256708554921,97.18510567920782
410160.0,319.2970819449916,97.1101709956708
410220.0,365.7954481127479,97.03414788092199
410280.0,258.5478362006006,96.94705372660944
410340.0,189.05603169181606,96.88549471799026
410400.0,248.42263969514005,96.84048137711125
410460.0,281.2345527454246,96.78133312956479
410520.0,227.0449469832436,96.71437252176825
410580.0,393.26550180720324,96.66031420105796
410640.0,435.5694471652316,96.56667955777053
410700.0,336.7076950791063,96.46297254654071
410760.0,314.1327602500901,96.38280404771236
410820.0,243.82126817158147,96.3080105333671
410880.0,420.99979428521794,96.2499578504691
410940.0,339.44520191994184,96.14971980421072
411000.0,324.1272935885248,96.0688995180393
411060.0,376.91405560464364,95.99172635289918
411120.0,319.42220140234934,95.90198491108855
411180.0,369.85224197781884,95.82593200599275
411240.0,280.9188237059755,95.737871948379
411300.0,439.0701262491848,95.67098651416329
411360.0,373.907924386254,95.56644600791348
411420.0,455.97661913449974,95.47742031163104
411480.0,380.6033043546132,95.36885444993234
411540.0,390.6679457266465,95.2782346155622
411600.0,332.2134800824391,95.18521843800823
411660.0,456.5932634465907,95.10611999036956
411720.0,364.4540441653359,94.99740730859656
411780.0,393.75550439211617,94.91063253617625
411840.0,428.8783997390552,94.8168812256067
411900.0,441.9005391280629,94.71476732090693
411960.0,338.0080426338815,94.60955290682882
412020.0,432.2059536487358,94.5290748014398
412080.0,499.3806334761025,94.42616862199964
412140.0,434.50948014329117,94.307268471172
412200.0,449.19754829878536,94.20381383304264
412260.0,477.8245404518981,94.09686203582865
412320.0,465.8465481400601,93.98309428810201
412380.0,416.8207073132903,93.87217844330675
412440.0,481.6399430751007,93.77293541775597
412500.0,548.5538706280846,93.65825924083333
412560.0,430.84541615817284,93.52765117639807
412620.0,476.3692325124833,93.42506893445564
412680.0,420.7760016666627,93.31164768861933
412740.0,564.9038931423355,93.21146292631775
412800.0,507.5356409871373,93.0769619993791
412860.0,466.6279701718605,92.95612018009645
412920.0,527.6428298792589,92.84501828243648
412980.0,454.25929161485845,92.71938903722713
413040.0,468.73262184512646,92.61123206303311
413100.0,447.2970171902738,92.4996290578319
413160.0,474.953345460864,92.39312976802469
413220.0,624.3443327276711,92.28004563815306
413280.0,502.746066699524,92.13139222559884
413340.0,578.4167043638544,92.01169078114658
413400.0,503.85145590270474,91.8739725182028
413460.0,603.0590222431381,91.75400788584501
413520.0,499.24471219742657,91.61042240435854
413580.0,566.3442269508737,91.49155461574011
413640.0,570.1926396716005,91.35671075218038
413700.0,709.5609555428963,91.22095059987761
413760.0,610.4165333385038,91.05200751522455
413820.0,539.5253023539528,90.90667024538205
413880.0,618.4960007410103,90.77821184005967
413940.0,707.7189225545139,90.63095088750228
414000.0,483.3076486883101,90.46244638213216
414060.0,531.7448963498581,90.34737313244446
414120.0,569.2512066212979,90.22076720474212
414180.0,559.5738250130677,90.08523120316562
414240.0,565.7301854989868,89.95199934006727
414300.0,508.5001361641154,89.81730167685323
414360.0,672.0115544393885,89.69623021586177
414420.0,503.3990604033158,89.53622746480478
414480.0,577.6851035848778,89.41637054566114
414540.0,653.35057257596,89.27882647337903
414600.0,589.6527515939451,89.1232668132419
414660.0,533.5232258838068,88.98287330095762
414720.0,512.148996274927,88.85584396146147
414780.0,580.0115847652995,88.73390372425315
414840.0,549.0908332206134,88.59580572788046
414900.0,607.4863563625495,88.46506981520889
414960.0,511.703876759481,88.32043020655114
415020.0,645.1498886110214,88.19859595017984
415080.0,603.8356465607675,88.04498883384387
415140.0,608.7857247669864,87.9012184418056
415200.0,684.3107673586553,87.75626945971823
415260.0,571.9866378151266,87.59333832463282
415320.0,555.0710099643733,87.45715102991494
415380.0,566.0771397435061,87.3249912656377
415440.0,587.6714916085668,87.1902109942702
415500.0,594.0023994033558,87.05028921055387
415560.0,549.8126274410475,86.90886006783879
415620.0,478.42049437591686,86.77795229940044
415680.0,566.2578508623985,86.66404265788236
415740.0,621.5679357057471,86.52921936005798
415800.0,608.1754983752095,86.38122699441375
415860.0,671.9516639180833,86.23642330432442
415920.0,717.2427835529681,86.07643481291535
415980.0,645.3656358454085,85.90566272159322
416040.0,682.6057301816475,85.75200423686812
416100.0,645.4667506266226,85.58947906301535
416160.0,701.8170411356053,85.43579650334235
416220.0,709.9941755017945,85.26869720783387
416280.0,655.6899218951023,85.09965097557154
416340.0,640.6371765029138,84.94353432750127
416400.0,585.5322303480123,84.79100166642914
416460.0,594.9153042480032,84.651589230632
416520.0,576.6324352898838,84.50994272962058
416580.0,633.6428410514675,84.3726492926468
416640.0,552.5700633813708,84.2217819495393
416700.0,583.7061182735762,84.09021764873422
416760.0,453.2024140609433,83.95124000152623
416820.0,697.1969302133169,83.84333466484506
416880.0,579.8410607021854,83.67733539574665
416940.0,619.6217021381676,83.53927800034137
417000.0,678.9310447053805,83.39174902364181
417060.0,608.6183433167889,83.23009877490243
417120.0,676.3584942878335,83.08518964554129
417180.0,514.2513075828309,82.9241519088061
417240.0,731.6167866022499,82.80171112128637
417300.0,651.9806840090359,82.62751664828583
417360.0,598.2477369479777,82.47228315209321
417420.0,670.1038785991115,82.32984321472465
417480.0,513.3469670087333,82.17029467220105
417540.0,564.9769261778121,82.04806920386564
417600.0,667.7408379015105,81.91355088810901
417660.0,467.81786631512404,81.75456497432295
417720.0,612.1887177523129,81.64317976805744
417780.0,609.1761607353681,81.49742054954498
417840.0,694.0485119211008,81.35237860651276
417900.0,479.5325184750984,81.18712896081726
417960.0,669.668584657221,81.07295455165652
418020.0,538.0698493664967,80.91350965054767
418080.0,543.33190270807,80.78539778165089
418140.0,495.3141054186117,80.65603304291086
418200.0,501.8131946403125,80.5381011130493
418260.0,589.7141931074086,80.41862178099208
418320.0,497.1506060245225,80.27821363977603
418380.0,-1221.161908108405,80.15984444786542
418440.0,-1307.029322994301,80.45059728312933
418500.0,-1341.7349582205497,80.76179474098511
418560.0,-1302.3516471684197,81.08125544532334
418620.0,-1252.2388480456545,81.39133917083963
418680.0,-1290.8680758759062,81.68949127751716
418740.0,-1273.9866932184377,81.99684081939238
418800.0,-1236.105486061726,82.30017098444438
418860.0,-1214.7968811469173,82.59448181445907
418920.0,-1300.2371042890873,82.8837191671131
418980.0,-1346.1982839902794,83.19329943003908
419040.0,-1280.9166030449437,83.51382283098914
419100.0,-1259.2037038091462,83.81880297457127
419160.0,-1377.0690657069536,84.11861338024012
419220.0,-1344.8667334504526,84.4464869673132
419280.0,-1336.6073126722613,84.76669333242046
419340.0,-1307.971820327983,85.084933168771
419400.0,484.5960568032757,85.39635503075385
419460.0,570.5950468757819,85.28097501722927
419520.0,429.7605577530441,85.14511905368741
419580.0,429.1634665529887,85.04279511136525
419640.0,501.7740498535975,84.94061333361454
419700.0,509.1124128663908,84.82114332174463
419760.0,430.2012254385362,84.69992608058597
419820.0,478.88794037083795,84.59749721738632
419880.0,489.02865398370676,84.48347627920279
419940.0,487.27787976871366,84.36704088539715
420000.0,517.759842695465,84.25102234259506
420060.0,466.7108026525933,84.12774618957233
420120.0,592.8223409762878,84.01662456989314
420180.0,531.179772826977,83.87547639347021
420240.0,451.185376185942,83.74900501898759
420300.0,502.99758685225504,83.6415799294195
420360.0,502.47319608751434,83.52181859921659
420420.0,565.6122655288217,83.40218212395766
420480.0,454.39469937510506,83.26751253692699
420540.0,534.1392474180744,83.15932332279006
420600.0,488.2847279176037,83.03214731150004
420660.0,572.9358747873928,82.91588904294822
420720.0,558.558319234425,82.77947573942741
420780.0,490.58169142215996,82.64648566341921
420840.0,460.6798541515589,82.52968049879489
420900.0,504.4634410455943,82.419994819235
420960.0,460.88737120244224,82.29988447612891
421020.0,570.1777060797473,82.19014938774737
421080.0,471.7106154839515,82.05439279106172
421140.0,440.3058059570615,81.94208073975601
421200.0,434.7088257349862,81.83724602405195
421260.0,387.1449622398453,81.73374392268647
421320.0,490.96259006406217,81.6415665507246
421380.0,406.0114662521747,81.52467069594745
421440.0,518.7458461217573,81.42800129922074
421500.0,372.92793533267894,81.30449038347746
421560.0,455.78843926941494,81.21569801792205
421620.0,514.8206614817451,81.10717696095314
421680.0,314.3296016783054,80.9846006129813
421740.0,562.2219819514286,80.90976023162932
421800.0,413.27551570128213,80.77589785497422
421860.0,444.9303952265384,80.67749892266438
421920.0,468.42964096369,80.57156311427711
421980.0,475.39491168534806,80.460032247381
422040.0,445.9516380487339,80.346842982694
422100.0,487.06054084921726,80.24066402125382
422160.0,456.06847257136997,80.12469722581353
422220.0,528.2922223690588,80.01610949424892
422280.0,451.70294215726625,79.8903256317801
422340.0,535.9746099283041,79.78277731221884
422400.0,469.90408465263744,79.65516430985495
422460.0,305.2473320238716,79.54328238493765
422520.0,568.0220094775088,79.4706044487415
422580.0,374.669639880774,79.33536111315162
422640.0,496.6486882914334,79.24615405603716
422700.0,406.3211236590289,79.12790436834872
422760.0,466.1884865601648,79.031161243668
422820.0,359.0363407218107,78.9201639849632
422880.0,435.7245585839423,78.83467914193419
422940.0,380.83641655677616,78.7309351994142
423000.0,488.62948837290895,78.64025986213878
423060.0,418.0846598271133,78.52391950776428
423120.0,445.8105287831253,78.42437554113877
423180.0,257.7131977780443,78.3182301771428
423240.0,380.34202520517937,78.25686989195755
423300.0,408.0430832220457,78.1663122669087
423360.0,394.77577898437295,78.06915915185584
423420.0,436.9927845403158,77.97516491876432
423480.0,355.3493892082225,77.8711190176833
423540.0,378.22723511808704,77.78651202025277
423600.0,444.1862901133229,77.69645791665323
423660.0,234.6205580893073,77.59069927615006
423720.0,404.74889943210735,77.53483723850975
423780.0,347.417716517962,77.43846845293068
423840.0,310.7918201640815,77.35574994899783
423900.0,383.8210170319812,77.2817518965778
423960.0,435.3904317786145,77.19036594014162
424020.0,422.2246793722168,77.0867015516229
424080.0,349.91982957841924,76.98617186605809
424140.0,408.739649696365,76.90285762092037
424200.0,406.4660075702487,76.80553865670696
424260.0,347.34469434902013,76.7087610358569
424320.0,309.2255942548142,76.62605991815475
424380.0,310.9383780251953,76.5524347766655
424440.0,397.58425609070554,76.47840182951666
424500.0,343.06362265786055,76.38373891139982
424560.0,281.1197053714742,76.30205709648128
424620.0,241.11598744574206,76.23512383329759
424680.0,390.45374847144234,76.17771526485814
424740.0,306.0923090529273,76.08475008665064
424800.0,357.09653841141255,76.01187096544757
424860.0,410.0491001476987,75.92684798011152
424920.0,255.54382414515987,75.82921724198111
424980.0,329.80288396378177,75.7683734743275
425040.0,320.72056402833005,75.68984897814565
425100.0,352.2171407481139,75.61348693909129
425160.0,402.2718029628385,75.52962571510365
425220.0,246.66401123702678,75.43384671439821
425280.0,359.14719195840854,75.3751171879132
425340.0,385.3982029761074,75.28960595173263
425400.0,310.8908624145622,75.19784447483354
425460.0,312.4125998973588,75.12382284092531
425520.0,344.3715068183603,75.0494388885688
425580.0,338.5778486777066,74.96744567265966
425640.0,351.47336974229285,74.88683189916497
425700.0,348.8714938782683,74.80314776351204
425760.0,254.9577763962037,74.72008312211246
425820.0,371.99249839409407,74.65937888963717
425880.0,381.3027656522174,74.57080924716239
425940.0,321.19881721693844,74.48002287438806
426000.0,219.14131447215712,74.40354696552689
426060.0,300.6813174419992,74.35137046208114
426120.0,318.0243880075277,74.27977967221399
426180.0,236.49645141224062,74.20405957983125
426240.0,282.3949681109277,74.14775090092357
426300.0,218.29012749491534,74.0805140037543
426360.0,338.1570077756976,74.02854016387457
426420.0,310.5620091901279,73.94802659059464
426480.0,200.76083250992423,73.87408325507317
426540.0,319.5166418245454,73.82628305685652
426600.0,293.976812289397,73.75020766594592
426660.0,327.3083482630918,73.6802131868294
426720.0,271.8050988788959,73.60228262771915
426780.0,246.19911072091384,73.53756712798608
426840.0,247.04516478443102,73.47894829210014
426900.0,260.0305930391964,73.42012801477051
426960.0,292.4921268084863,73.35821596880879
427020.0,299.29864760748063,73.28857498623535
427080.0,278.0530189700208,73.21731340347166
427140.0,263.1885109167784,73.15111030371689
427200.0,266.61120473618206,73.08844637254623
427260.0,437.28269176925835,73.02496751427572
427320.0,239.71542612598034,72.92085258766399
427380.0,251.6361098288646,72.86377748620542
427440.0,-2969.996238496733,72.80386412672236
427500.0,-3143.1801569998693,73.5110060882692
427560.0,-3252.0379986364924,74.2593823161263
427620.0,-3119.46103270003,75.03367707770643
427680.0,-3225.392778080174,75.77640589501596
427740.0,-3117.00017975088,76.54435655646361
427800.0,-3184.940451583246,77.2864994564043
427860.0,-3199.394904037915,78.04481861154316
427920.0,-3077.1674623805206,78.80657930298077
427980.0,-3140.429432437656,79.53923822259517
428040.0,-3116.716423328766,80.28695951603271
428100.0,302.2438252296452,81.02903485492051
428160.0,248.8269168803526,80.95707203938964
428220.0,311.5331390243653,80.89782753537051
428280.0,346.77624513572937,80.82365297845995
428340.0,281.69203454306825,80.74108720580858
428400.0,381.10354127657604,80.67401767377451
428460.0,323.44407305364024,80.58327873537533
428520.0,284.55609248204223,80.50626824179113
428580.0,286.36089288493764,80.43851679120017
428640.0,278.952573453934,80.37033562622757
428700.0,195.10256695394236,80.30391834683378
428760.0,264.24283524343065,80.25746535470189
428820.0,282.40017479766004,80.19455039392965
428880.0,243.6570646077895,80.12731225707306
428940.0,288.3871690305172,80.06929867026167
429000.0,268.9203860982703,80.00063505858775
429060.0,313.5896752817024,79.93660639523101
429120.0,306.49179058105125,79.8619421868306
429180.0,276.2816168600597,79.78896795097798
429240.0,183.7773301195337,79.72318661363035
429300.0,372.8212910890628,79.67943010645902
429360.0,256.4422572883288,79.5906631323902
429420.0,259.69011683418336,79.52960545208346
429480.0,243.58926668399394,79.46777447188484
429540.0,234.4424899412882,79.40977702743626
429600.0,356.0066347102191,79.35395738697405
429660.0,346.1508983520316,79.26919390251923
429720.0,289.2858906807512,79.18677702195923
429780.0,255.81512120092796,79.11789942894
429840.0,299.0636882579348,79.0569910667493
429900.0,266.0043809099511,78.9857854266879
429960.0,249.83145485179543,78.92245105028077
430020.0,281.2076107469769,78.86296737055416
430080.0,234.13621770687533,78.79601317751917
430140.0,275.4338125736465,78.74026645901753
430200.0,272.2511808118907,78.67468697983333
430260.0,295.8815982459717,78.6098652701162
430320.0,222.27212485693394,78.53941727053383
430380.0,301.7506746214639,78.48649533604409
430440.0,204.49305470048503,78.4146499373247
430500.0,224.25395129912908,78.36596111477697
430560.0,226.61546560903855,78.3125673168486
430620.0,193.77755333616167,78.25861125360835
430680.0,318.79661985938975,78.21247374090926
430740.0,199.476352811654,78.13656978379989
430800.0,215.4533995143845,78.08907541408283
430860.0,332.487846931357,78.03777698562702
430920.0,222.70942104931055,77.95861321254813
430980.0,245.44268521008982,77.90558715991735
431040.0,195.80210554934337,77.84714842534352
431100.0,306.2991271542845,77.8005288764032
431160.0,306.9299237804063,77.72760051279505
431220.0,300.27156053804214,77.654521959514
431280.0,288.0008951232466,77.58302873081446
431340.0,259.9838743227424,77.51445708911845
431400.0,223.93035593363703,77.45255616666066
431460.0,206.32411672421253,77.39923941524789
431520.0,332.4507034731163,77.35011462555165
431580.0,300.7833910181805,77.2709596961533
431640.0,213.1402004158028,77.19934460305373
431700.0,256.97612818424403,77.14859693628806
431760.0,236.43142732326157,77.08741214386323
431820.0,186.60204002619736,77.0311189468815
431880.0,264.81425079201784,76.98668988973242
431940.0,229.09013004190862,76.92363887763908
432000.0,192.8478011750588,76.86909360858148
432060.0,161.25204800871416,76.82317746544456
432120.0,156.17179135849332,76.78478412068058
432180.0,227.71443383274783,76.74760036083332
432240.0,244.89430340335258,76.69338263849218
432300.0,197.48195316527844,76.63507447101519
432360.0,289.0443675933649,76.58805495835679
432420.0,246.06720959968808,76.51923487083457
432480.0,284.6131209303051,76.46064743997749
432540.0,239.02535508708928,76.39288241118456
432600.0,202.7729446074984,76.3359716123543
432660.0,256.8470572288942,76.28769233982871
432720.0,174.23953250080143,76.22653827858373
432780.0,282.3663147438132,76.18505267560735
432840.0,193.77105142278737,76.11782260066835
432900.0,305.0939557397969,76.07168663604388
432960.0,229.69265973590947,75.9990452180106
433020.0,313.75201588241225,75.94435648950204
433080.0,182.642614015194,75.86965362857765
433140.0,209.3338237494463,75.82616729190737
433200.0,272.8561031057185,75.77632590530035
433260.0,320.22983244415485,75.71136016646565
433320.0,349.9965419267259,75.63511496826466
433380.0,252.48197788718645,75.5517824582821
433440.0,360.2647466052397,75.4916677016423
433500.0,232.620136517689,75.405890381022
433560.0,315.9260676602695,75.35050463423208
433620.0,193.4691513792774,75.27528414193202
433680.0,275.21204255939966,75.22922005827029
433740.0,109.49843072517803,75.16369338147042
433800.0,182.70455359073873,75.13762232653586
433860.0,278.0006233792184,75.0941212423476
433920.0,171.25368566506535,75.0279306177335
433980.0,275.6169948531893,74.9871559306704
434040.0,304.3875069776639,74.92153283665773
434100.0,219.92080981220548,74.84905962071068
434160.0,191.86284581415384,74.79669752313634
434220.0,221.5488281258983,74.7510158931806
434280.0,192.05128800310547,74.69826617219823
434340.0,243.92721591652594,74.65253967505464
434400.0,256.1254693132825,74.59446176650309
434460.0,231.63942704969125,74.53347951190469
434520.0,350.4615916700093,74.47832726736905
434580.0,206.83581112458273,74.39488403125715
434640.0,333.4860343488931,74.34563740956082
434700.0,187.52569296171228,74.26623597281109
434760.0,254.36670516254483,74.2215869982964
434820.0,320.98637960438253,74.16102349706722
434880.0,317.8814886745918,74.08459816858999
434940.0,224.78459047196915,74.00891209985795
435000.0,283.30425270554525,73.95539195926939
435060.0,275.27082008895115,73.88793856576807
435120.0,217.60373035177275,73.82239789431831
435180.0,286.9570837568521,73.7705874823298
435240.0,361.74962480838997,73.7022643671496
435300.0,278.3021418796211,73.61613350409998
435360.0,283.9814927833326,73.54987108936673
435420.0,290.3294174090204,73.48225644822784
435480.0,162.34153161320484,73.41313039646379
435540.0,277.6136184922159,73.3744776508416
435600.0,188.99457441413813,73.30837917024822
435660.0,214.60694408155257,73.26338046205437
435720.0,379.71667988694827,73.21228357060639
435780.0,234.8044898645248,73.12187483729997
435840.0,205.5897546182936,73.06596900637985
435900.0,319.1551711172956,73.01701906480406
435960.0,193.13961287210884,72.94102973834757
436020.0,223.15510228491726,72.89504411623516
436080.0,324.9434002309194,72.84191194902446
436140.0,252.56634470100428,72.76454447277901
436200.0,156.30449022086026,72.70440962880258
436260.0,282.63971355540735,72.66719427398809
436320.0,226.21240927618334,72.59989910409395
436380.0,342.3914787502687,72.54603900664723
436440.0,213.62920204572856,72.46451722599241
436500.0,313.07400879634326,72.41365313026724
436560.0,356.542366054371,72.33911169960145
436620.0,198.9439268506045,72.25422066006469
436680.0,238.4077777947674,72.2068530584336
436740.0,273.3181170217267,72.1500893018158
436800.0,198.5598999137617,72.08501355966777
436860.0,266.2183895261657,72.03773739302164
436920.0,236.50552650734616,71.97435206218208
436980.0,235.2967441018401,71.91804122253747
437040.0,252.93716044843185,71.86201818822751
437100.0,254.27680241649023,71.8017950547874
437160.0,259.8338326045107,71.74125295897396
437220.0,214.07147738549935,71.67938776073478
437280.0,216.69083129058046,71.62841836135729
437340.0,242.88596137691317,71.5768253062881
437400.0,247.3158458544625,71.51899531548408
437460.0,223.67043759451235,71.46011059028064
437520.0,269.43787661599475,71.4068557241867
437580.0,141.11590012756614,71.34270384880193
437640.0,206.17374377538349,71.30910482496203
437700.0,233.20617177855056,71.26001583834885
437760.0,198.63506045206472,71.20449055935396
437820.0,347.7539917021308,71.15719649734156
437880.0,251.13397013991442,71.07439792788867
437940.0,260.6085985368276,71.0146041254744
438000.0,221.0087444933904,70.95255445915612
438060.0,249.05603217359968,70.89993332951484
438120.0,177.08775197492503,70.84063427423541
438180.0,239.81414287544504,70.79847052376519
438240.0,193.78287810792904,70.74137191831865
438300.0,233.35940194630905,70.69523313781676
438360.0,96.4088715881316,70.63967137544859
438420.0,182.32393787482664,70.61671688221331
438480.0,337.839996757672,70.57330642081455
438540.0,-1252.2047488791961,70.49286832634843
438600.0,-1222.8859337179108,70.79101231417681
438660.0,-1218.7646770554488,71.08217563172869
438720.0,-1261.6483452003172,71.37235769769427
438780.0,-1329.1993259026167,71.6727501608372
438840.0,-1364.2618509881795,71.98922619081401
438900.0,318.8116456487223,72.31405044104929
438960.0,253.88151230936018,72.23814290637102
439020.0,399.6492967857985,72.17769492724975
439080.0,228.10257439020927,72.08254033277694
439140.0,368.382762433709,72.02823019601738
439200.0,240.60209690912293,71.94052001448554
439260.0,330.17315046654585,71.88323380093576
439320.0,351.81240840327894,71.80462114606277
439380.0,188.63461957644108,71.72085628691913
439440.0,220.91248565441248,71.67594328225807
439500.0,188.03441843988887,71.62334507138797
439560.0,176.2173535585941,71.57857497175942
439620.0,290.0389368422983,71.53661845900737
439680.0,238.21818163126622,71.46756156928302
439740.0,253.15887950558462,71.41084295460891
439800.0,283.3923260343132,71.3505670309171
439860.0,138.57591078514125,71.2830926675756
439920.0,327.2262926483709,71.25009840310295
439980.0,229.07596681722615,71.17218738104381
440040.0,281.96705587697613,71.11764548418257
440100.0,-1920.5538227733748,71.05051047087854
440160.0,-1875.5472721608353,71.50778519058647
440220.0,-1964.0848915438978,71.95434406491049
440280.0,-2085.2099831001515,72.42198332480189
440340.0,-1954.3622656080001,72.91846189220668
440400.0,-1945.7455918619648,73.38378624116096
440460.0,-2019.841624140394,73.8470590011281
440520.0,-1948.9343848060362,74.32797367354249
440580.0,-1979.442657508911,74.79200566992488
440640.0,-2038.3443849268035,75.26330154076034
440700.0,-1917.4875129932436,75.74862163240958
440760.0,-1991.597429295096,76.20516627836035
440820.0,225.66717869791938,76.67935614247823
440880.0,222.2982010708739,76.62562586183587
440940.0,324.1848175445849,76.57269771872376
441000.0,247.60448013039294,76.49551085740362
441060.0,254.80897487487573,76.43655740975352
441120.0,223.62854960646428,76.37588860621189
441180.0,277.8426690732546,76.32264371344844
441240.0,331.0339018536266,76.25649069700243
441300.0,288.9508567450726,76.177673101323
441360.0,291.29585538771386,76.10887527828845
441420.0,286.46253359933826,76.03951912224376
441480.0,167.27931254232868,75.97131375710106
441540.0,197.53217090637608,75.93148534935288
441600.0,237.80578065967964,75.88445388008947
441660.0,206.55921365571538,75.82783345612287
441720.0,186.245190434406,75.77865269096675
441780.0,137.7935629749004,75.73430859800618
441840.0,169.33940665978628,75.70150060682168
441900.0,234.74705200136256,75.66118170047412
441960.0,245.9808216281153,75.60528954523569
442020.0,202.5714064906726,75.54672268294328
442080.0,254.89880631805391,75.4984913956836
442140.0,224.14238738717697,75.43780120370312
442200.0,315.61640675257047,75.38443396861094
442260.0,240.49452724021097,75.30928720509841
442320.0,291.98252691459294,75.25202660337456
442380.0,262.4066445574626,75.18250695410919
442440.0,166.1012705825557,75.1200291815955
442500.0,244.79835238661303,75.08048126002822
442560.0,176.1133304866245,75.02219593803142
442620.0,243.77711197184792,74.98026419267745
442680.0,205.57078130818218,74.92222202316034
442740.0,273.2113938569022,74.87327659903934
442800.0,169.76807895945518,74.80822626716865
442860.0,251.207955659834,74.76780529598783
442920.0,3726.005506493536,74.70799387797358
442980.0,3746.1344783554023,73.82084970976084
443040.0,3645.8477403380502,72.92891292920002
443100.0,3692.7828540623636,72.06085394340525
443160.0,3702.787573195917,71.18161993053326
443220.0,3784.58830229336,70.30000384167708
443280.0,3602.903948235892,69.3989113887501
443340.0,3637.14172691538,68.5410771153606
443400.0,3860.100905735474,67.67509098990455
443460.0,3675.47379370027,66.75601934568182
443520.0,3578.4277257457206,65.88090653765795
443580.0,3656.963371271225,65.02889993628992
443640.0,84.49696504378491,64.15819437170153
443700.0,265.11639691366787,64.1380760466911
443760.0,299.2815080082794,64.07495309504499
443820.0,196.02948136912545,64.00369559313826
443880.0,222.5221865562736,63.957021907097996
443940.0,306.22293086034574,63.90404043410841
444000.0,145.8305425461186,63.831130212474996
444060.0,171.59078573857707,63.79640865472592
444120.0,237.24160700543732,63.755553705740546
444180.0,205.8338332180259,63.69906760883449
444240.0,233.3893385183751,63.65005955330639
444300.0,175.24586523869522,63.59449066318297
444360.0,263.9814111539022,63.552765457173756
444420.0,242.22260515997698,63.48991274023235
444480.0,284.18436674753707,63.432240691384735
444540.0,263.31570318945364,63.364577746921036
444600.0,263.7544763985769,63.30188353187593
444660.0,164.63860900976925,63.23908484701913
444720.0,281.0392604914744,63.19988517820728
444780.0,231.70134188215408,63.132971068566455
444840.0,241.6299333613394,63.077804082404036
444900.0,314.59725641319255,63.02027314588943
444960.0,208.6139908398407,62.94536903721963
445020.0,332.9331982713776,62.89569903940062
445080.0,338.61607372211347,62.816429230288385
445140.0,297.20356444462794,62.73580635559264
445200.0,193.29184314617413,62.665043602153446
445260.0,121.04787126595483,62.61902173473769
445320.0,317.055848804556,62.590200813007705
445380.0,259.11319611665124,62.5147113251971
445440.0,207.82677378107428,62.45301770707409
445500.0,323.06522773082713,62.40353514188812
445560.0,201.075303054207,62.32661484957126
445620.0,227.44150510936237,62.278739777415495
445680.0,284.5110191999245,62.22458703810374
445740.0,186.33315639923507,62.15684631924662
445800.0,246.71731714891945,62.11248128200871
445860.0,318.7765330487083,62.05373906363992
445920.0,266.2425343400263,61.97783988910451
445980.0,328.5746918424464,61.91444880949974
446040.0,321.9042902687447,61.83621674001344
446100.0,254.5174866003493,61.759572861378025
446160.0,114.01993197779677,61.69897345980652
446220.0,188.0556892090196,61.67182585695466
446280.0,300.3862688339254,61.627050692857274
446340.0,161.76211775226014,61.55553015265872
446400.0,235.37362160714093,61.51701536271771
446460.0,275.48919261995354,61.46097402423982
446520.0,343.56719769560664,61.39538135933031
446580.0,221.1120164591078,61.31357964559326
446640.0,217.2320455429646,61.260933927388706
446700.0,252.9307694223268,61.20921201178324
446760.0,277.3768328855295,61.14899040001602
446820.0,247.32035531693552,61.08294829694803
446880.0,319.793190689173,61.024062498063046
446940.0,209.15944717819835,60.94792126218467
447000.0,264.59803576152757,60.89812139380891
447060.0,284.3910172433528,60.83512186148474
447120.0,233.96399471491299,60.76740971452203
447180.0,308.67036796837283,60.711704001494674
447240.0,267.54546287094433,60.638211056740296
447300.0,306.2695166903201,60.574509756056734
447360.0,270.9267678070161,60.50158844255904
447420.0,282.2177502434206,60.43708206927165
447480.0,222.0544198636312,60.36988736683274
447540.0,222.52785858448115,60.317017266865214
447600.0,334.2262672791319,60.26403444339272
447660.0,299.2938043479748,60.18445676070721
447720.0,200.19865203044452,60.113196331100546
447780.0,272.8547442658,60.065529985379015
447840.0,120.016055828048,60.000564570077636
447900.0,228.4595075430013,59.97198931869001
447960.0,321.02481242738196,59.917594197846434
448020.0,256.3359085281238,59.84115971869706
448080.0,271.4154782361323,59.780127359523696
448140.0,83.86882735980208,59.71550462661033
448200.0,241.8427096800235,59.695535858191334
448260.0,286.21605874310325,59.63795426064847
448320.0,294.39482632590824,59.56980757999535
448380.0,324.7927333665735,59.49971357372728
448440.0,255.02647157055793,59.42238197054476
448500.0,258.31006579438645,59.36166138207558
448560.0,188.94712319612603,59.30015898545787
448620.0,257.24525386790793,59.25517157517308
448680.0,194.48239034577404,59.19392270520453
448740.0,159.98335437837036,59.14761737416982
448800.0,206.44213642940537,59.109526099317826
448860.0,362.79035050604637,59.060373209691775
448920.0,256.7713129249892,58.97399455480938
448980.0,286.9530788400941,58.91285852792248
449040.0,243.7261885607609,58.84453636629389
449100.0,167.8988547377196,58.78650632139847
449160.0,332.31543195423103,58.74653040360378
449220.0,146.65461060756064,58.66740768170991
449280.0,244.55826744388,58.632489917279536
449340.0,275.4500857989134,58.57426175836433
449400.0,293.4596746236765,58.50867840460268
449460.0,236.96794696846604,58.43880705350181
449520.0,171.22711194394248,58.382386113747415
449580.0,234.4110693305663,58.341617753760765
449640.0,238.5465764342091,58.285805594396344
449700.0,238.1056887700935,58.229008790483434
449760.0,343.7382378389392,58.17231695982389
449820.0,213.78648376280213,58.09047452224319
449880.0,305.75415728280086,58.03957297849014
449940.0,298.3111089742429,57.96677436961328
450000.0,347.5839206516906,57.895747915095605
450060.0,283.13777823462044,57.812989838749964
450120.0,339.7886640639538,57.74557608202743
450180.0,283.20904321674266,57.664674019155065
450240.0,320.85386047872265,57.59724329457965
450300.0,205.88878736455217,57.52084951827519
450360.0,139.07066455534743,57.47182837842649
450420.0,321.3496678061512,57.43871631543712
450480.0,325.92501183465447,57.362204489768985
450540.0,329.9692322010752,57.28460329647502
450600.0,271.3563398631478,57.20603919357
450660.0,393.67717520136785,57.14143054122163
450720.0,278.1712808145043,57.0476978804594
450780.0,332.51555953027105,56.981466623122614
450840.0,344.46880636538157,56.902296251805886
450900.0,413.47197794776014,56.82027986933794
450960.0,292.9120102936688,56.721834160302755
451020.0,274.3578656078281,56.652093205470926
451080.0,225.30593922927565,56.58676990413573
451140.0,410.0115974622241,56.533125632890666
451200.0,343.8589471139071,56.43550382397109
451260.0,347.49256924850437,56.35363264608682
451320.0,509.075740731404,56.27089632007527
451380.0,343.37079023006396,56.14968781037732
451440.0,247.55352408445927,56.06793286032254
451500.0,315.79341016472733,56.00899154506434
451560.0,270.94562367951704,55.93380263788226
451620.0,307.59553167186886,55.86929177510142
451680.0,309.1374284962766,55.79605474375098
451740.0,300.04657313797236,55.722450594109006
451800.0,253.67632275072984,55.65101093383806
451860.0,434.85853505807523,55.5906118093736
451920.0,359.3043148082742,55.4870740629312
451980.0,329.9398202472055,55.401525416548274
452040.0,391.0507012515666,55.322968316489415
452100.0,376.01017955124564,55.22986100666761
452160.0,366.4705437379338,55.140334773441126
452220.0,393.24098760298,55.053079882074954
452280.0,362.4180182890178,54.95945107550281
452340.0,396.86463697825945,54.87316107114828
452400.0,404.1358254866072,54.77866949091536
452460.0,371.03798563488596,54.68244667532331
452520.0,350.40469396565584,54.5941042977912
452580.0,457.83313060382244,54.510674608751756
452640.0,339.743111937186,54.40166672051275
452700.0,394.33062779564256,54.32077550338485
452760.0,398.1471888927678,54.2268872586716
452820.0,339.2259264662461,54.13209030893523
452880.0,329.8421608570958,54.05132223120518
452940.0,359.6174104350355,53.97278838338206
453000.0,353.87697392801016,53.887165190421335
453060.0,298.50751093099456,53.80290876805752
453120.0,349.5143615399938,53.73183555116919
453180.0,407.2089619224433,53.64861784604062
453240.0,469.84591672643245,53.551663331297185
453300.0,429.8280869402776,53.43979525588613
453360.0,243.28878811527716,53.33745523518606
453420.0,440.45561376883495,53.279529333253855
453480.0,371.22440991812044,53.17465894902318
453540.0,434.65332880889815,53.086272184756965
453600.0,409.3935610674273,52.98278329694532
453660.0,401.47095672748117,52.88530863954831
453720.0,409.7052105606486,52.78972031651796
453780.0,417.31683160419266,52.69217145686066
453840.0,502.16449082490226,52.59281030647871
453900.0,423.17259806234574,52.47324733247278
453960.0,492.3496338177062,52.37249195198174
454020.0,486.489417248162,52.25526584869181
454080.0,473.0068218842817,52.1394350350613
454140.0,328.6864676545912,52.02681436318409
454200.0,505.79058690286655,51.948555680409186
454260.0,414.236121439423,51.82812935019422
454320.0,487.5789461851098,51.72950170223245
454380.0,389.21496624843513,51.613411476950276
454440.0,379.3995959745774,51.52074124689113
454500.0,572.028880465567,51.43040800975432
454560.0,398.97142699831807,51.294210657262525
454620.0,528.1039052338022,51.19921746035816
454680.0,469.39095018561244,51.0734784353025
454740.0,440.02675009004577,50.961718685258305
454800.0,465.49129666985175,50.85695041142734
454860.0,393.0601291595342,50.74611915031547
454920.0,473.24182368827263,50.65253340527749
454980.0,412.03928493172816,50.5398567805898
455040.0,456.2078217184058,50.44175218893939
455100.0,538.376083453416,50.33313127900644
455160.0,501.02489996411447,50.204946497231816
455220.0,399.74903298379104,50.085654854383215
455280.0,542.6635623494504,49.9904765131966
455340.0,494.0312546460557,49.86127090311339
455400.0,464.7957811456403,49.74364441391195
455460.0,544.9825538966422,49.63297875173442
455520.0,492.98878934033485,49.50322100080665
455580.0,435.90360713042253,49.385842717630375
455640.0,619.5155363850837,49.28205614450408
455700.0,510.3936621466197,49.134552445364776
455760.0,509.31074842721864,49.01303014485367
455820.0,492.62820586708847,48.89176568094243
455880.0,590.449525482238,48.774473250974076
455940.0,490.8510514329204,48.63389003062116
456000.0,432.3109748866519,48.51702073266094
456060.0,486.92764515406026,48.414089548164114
456120.0,609.8645670481708,48.29815439455601
456180.0,582.7657728050946,48.15294854525882
456240.0,520.0853457786158,48.01419478982904
456300.0,620.2974553379611,47.89036494559604
456360.0,585.2607005281624,47.742675075277475
456420.0,526.8357296405637,47.60332728943744
456480.0,535.287085866417,47.47789021095159
456540.0,567.3737549670982,47.35044090479292
456600.0,500.03569502251804,47.215351915515036
456660.0,552.5134357097218,47.09629579765253
456720.0,573.0069578855947,46.9647449796264
456780.0,455.4888309110644,46.8283147515584
456840.0,547.5146965505354,46.71986502991291
456900.0,542.8129703364398,46.58950438787707
456960.0,624.7570344618197,46.46026320446363
457020.0,454.4328220226341,46.31151152959177
457080.0,544.1939557061061,46.203313238633996
457140.0,540.1116313142196,46.07374324918016
457200.0,628.5036323415064,45.9451452417244
457260.0,569.4000087862908,45.79550151973832
457320.0,680.2450720471467,45.65993008907492
457380.0,612.2385885315376,45.49796697668274
457440.0,547.5517891179676,45.35219588417523
457500.0,585.8790319767553,45.221826410575716
457560.0,549.2927629035958,45.082331402962204
457620.0,620.8615185084018,44.95154741179468
457680.0,487.86593574472977,44.80372324072125
457740.0,516.6277997276238,44.68756468459155
457800.0,591.4047132226838,44.56455806560878
457860.0,635.3930967326078,44.42374741960338
457920.0,427.2919925393454,44.27246334895276
457980.0,639.2251821615939,44.170727160252916
458040.0,545.485622168361,44.01853068830968
458100.0,437.79306146022145,43.888653159221974
458160.0,367.45320099382906,43.78441671601716
458220.0,452.3285515438747,43.69692785863768
458280.0,539.251492777194,43.589230584460566
458340.0,532.6325888241695,43.46083737189457
458400.0,570.5449426402381,43.33402008884119
458460.0,495.3668142317383,43.198176054879234
458520.0,457.45616319023503,43.080231575300246
458580.0,494.5779683182085,42.971313441207336
458640.0,516.628774749402,42.853556782083956
458700.0,523.534310463948,42.730549930953146
458760.0,457.2428535858698,42.60589890465221
458820.0,553.4154795483314,42.49703155856033
458880.0,456.614029675824,42.36526596819168
458940.0,436.1191726252198,42.25654834207839
459000.0,450.00027110362373,42.15271044383429
459060.0,541.1147911219178,42.045567522142946
459120.0,462.578147490008,41.91673066711392
459180.0,422.63944459282817,41.80659301294963
459240.0,513.4856096944429,41.70596457376086
459300.0,579.9392984109144,41.58370609526218
459360.0,457.258700923422,41.44562530992625
459420.0,511.8615132548947,41.336754190658766
459480.0,493.0004715066102,41.21488240178855
459540.0,387.35557761772577,41.09750133714412
459600.0,418.0052502066245,41.0052738186637
459660.0,332.0245539906007,40.9057487590907
459720.0,389.1092517205829,40.82669529385484
459780.0,356.12317525322555,40.734050233921366
459840.0,361.6722378279095,40.649259001718214
459900.0,332.86621945185493,40.56314656414014
459960.0,352.5141141893952,40.48389270236589
460020.0,393.4211156665906,40.39996077041604
460080.0,345.9338664600916,40.30628907620971
460140.0,232.72798489851894,40.22392386990968
460200.0,291.1826926028009,40.168512444933846
460260.0,236.01986536541648,40.099183232409366
460320.0,332.9374983483803,40.04298802636998
460380.0,339.48096319384916,39.96371719342989
460440.0,315.5426618972385,39.88288839266945
460500.0,243.65500778853482,39.80775918745582
460560.0,296.3435229775695,39.74974609036332
460620.0,243.8438308330854,39.67918810870199
460680.0,194.16282382441563,39.62113005374174
460740.0,297.26697124306435,39.57490080997402
460800.0,292.0187342522194,39.50412295967805
460860.0,289.94967756146605,39.434594689617995
460920.0,186.48882960342314,39.36555905210336
460980.0,283.6221402398011,39.321156949816825
461040.0,173.01493371158085,39.25362786880735
461100.0,231.5101895940138,39.21243383697126
461160.0,151.21833882735115,39.1573123632584
461220.0,157.91188539860218,39.12130799687093
461280.0,15.464579289994106,39.083709928918886
461340.0,131.9136105624794,39.080027886230795
461400.0,144.69767702761635,39.04861988371592
461460.0,103.74591285604657,39.0141680558522
461520.0,222.7515384962873,38.989466648029335
461580.0,36.58043103102233,38.93643056743498
461640.0,61.38046897067238,38.92772094099902
461700.0,29.690770756779443,38.913106543625055
461760.0,38.8671646363652,38.90603731249249
461820.0,123.21413192919721,38.896783225674305
461880.0,138.5737675798713,38.867446527595924
461940.0,-3.6641992209148952,38.83445277341024
462000.0,-16.57457341790075,38.835325201796174
462060.0,-54.2662565476308,38.83927152880044
462120.0,81.82926563300236,38.852192066073684
462180.0,58.94021630869588,38.832708907589634
462240.0,-26.51198840345154,38.81867552275423
462300.0,-115.81088185271977,38.82498790094553
462360.0,-122.39333200058377,38.852561920434276
462420.0,-45.75924450310731,38.88170318995822
462480.0,-35.09294945156887,38.89259824817325
462540.0,-204.12890742026264,38.90095371232839
462600.0,-111.59460043099915,38.94955583314274
462660.0,-7.420851264380644,38.9761259761025
462720.0,-129.8165983225456,38.977892845451166
462780.0,-39.6780855360895,39.008801559337485
462840.0,-102.44486521168369,39.018248722560365
462900.0,-218.8146735790014,39.04264035713457
462960.0,-183.72552135224169,39.0947390889391
463020.0,-186.32941900949743,39.13848326068963
463080.0,-248.23426230171782,39.182847408072845
463140.0,-261.78285899640395,39.24195080385897
463200.0,-125.72141687317833,39.30428005600097
463260.0,-287.3336259966484,39.33421372668506
463320.0,-176.57615602493127,39.4026264947795
463380.0,-280.085788302308,39.44466843669019
463440.0,-268.0717560800636,39.511355529143124
463500.0,-245.4799153380851,39.57518213773361
463560.0,-327.7800419969548,39.63362973662363
463620.0,-270.4852309953106,39.71167260376576
463680.0,-440.0535577748277,39.77607384924084
463740.0,-303.6072484980967,39.88084850585389
463800.0,-490.83537930696514,39.953135945972484
463860.0,-369.0785757965247,40.07000151247414
463920.0,-316.96609277269886,40.15787736385427
463980.0,-343.6429546587063,40.233345481181104
464040.0,-471.65082988795774,40.31516523229032
464100.0,-476.69556941886384,40.427463048930306
464160.0,-460.60798246294354,40.540961994030035
464220.0,-420.88761052399514,40.650630561283116
464280.0,-566.7489263701276,40.750841897122164
464340.0,-458.39674030068045,40.88578211768648
464400.0,-451.68454495874823,40.99492419871045
464460.0,-500.114708877369,41.10246813798634
464520.0,-464.3692032739208,41.22154306867143
464580.0,-495.2134572700811,41.33210716468903
464640.0,-553.8757450328727,41.450015130705715
464700.0,-650.2772721969093,41.58189030809449
464760.0,-538.8191123360352,41.73671823004614
464820.0,-616.7137245037949,41.86500849488805
464880.0,-606.92116340744,42.01184509596038
464940.0,-556.1494594738806,42.15635013486691
465000.0,-512.5169509097055,42.288766672836886
465060.0,-612.4831948698152,42.410794518291574
465120.0,-589.5798064413552,42.55662385040343
465180.0,-722.0969512124043,42.69699999479423
465240.0,-633.2805900806609,42.86892784032099
465300.0,-664.1684562901297,43.01970893319734
465360.0,-599.359807520954,43.17784427993309
465420.0,-718.0566122155371,43.32054899600951
465480.0,-712.6183178719233,43.491514856060824
465540.0,-647.0565278265742,43.661185884125565
465600.0,-728.5462229560052,43.815246962179515
465660.0,-801.9660536738795,43.988710348597614
465720.0,-594.7206612040135,44.1796546470914
465780.0,-824.888181270679,44.321254804520926
465840.0,-776.3786327127585,44.51765675244252
465900.0,-763.9886121834159,44.70250880785032
465960.0,-780.9946161732292,44.88441085837018
466020.0,-820.6657984936065,45.07036195745904
466080.0,-832.5633278358989,45.265758576147995
466140.0,-847.7364643684743,45.46398793991845
466200.0,-912.7250675748339,45.66582995524428
466260.0,-728.8493446455437,45.883145447524
466320.0,-883.1197537915666,46.05668100577294
466380.0,-846.1259628220316,46.26694761381855
466440.0,-914.0056429397836,46.46840617639523
466500.0,-927.1594892122504,46.68602656757137
466560.0,-945.109476697653,46.90677882690762
466620.0,-1022.6442444021156,47.13180489278801
466680.0,-951.1223379301123,47.37529161764566
466740.0,-977.6975317173502,47.60174931715283
466800.0,-894.7375514895767,47.8345344437522
466860.0,-1048.5424587921816,48.04756719410686
466920.0,-1023.0397425818188,48.29722016048595
466980.0,-1053.946397471939,48.54080105157686
467040.0,-925.075383587258,48.791740670022556
467100.0,-1075.3367303567647,49.01199671373381
467160.0,-1000.9366416761745,49.268029268580655
467220.0,-987.9243731642108,49.506347516598794
467280.0,-1066.3175284617785,49.741567605447415
467340.0,-1151.531225302776,49.99545273127165
467400.0,-1162.100197092367,50.269626832534215
467460.0,-1039.9491933187683,50.546317355651446
467520.0,-1178.410116196905,50.79392430644163
467580.0,-1090.4473893820575,51.074498143631374
467640.0,-1118.257341987683,51.334128474436625
467700.0,-1113.5941631540838,51.60038022252893
467760.0,-1118.9851087077766,51.865521689946576
467820.0,-1214.312541009272,52.13194671582938
467880.0,-1227.7898535388817,52.42106874940301
467940.0,-1137.281945378689,52.71339966691227
468000.0,-1228.8109811231204,52.98418108247862
468060.0,-1366.8850527456914,53.276755125603174
468120.0,-1173.7295671573027,53.60220394768548
468180.0,-1285.562010349664,53.88166336843722
468240.0,-1206.0421451891254,54.18774956137762
468300.0,-1161.1372859822277,54.47490245308932
468360.0,-1254.2893069855022,54.751363711656516
468420.0,-1206.0895507585901,55.05000402284354
468480.0,-1267.0999110431944,55.33716820159558
468540.0,-1191.525950116344,55.63885865660587
468600.0,-1360.893587865037,55.92255531139548
468660.0,-1308.006877016035,56.24657759422048
468720.0,-1277.4223202523754,56.558007803033824
468780.0,-1339.4858422064117,56.86215597452249
468840.0,-1269.1280632810915,57.18108117504782
468900.0,-1374.3344555381975,57.48325452344808
468960.0,-1234.351378911999,57.81047701286194
469020.0,-1241.2339212536651,58.10437019831718
469080.0,-1361.6440104563335,58.39990208432995
469140.0,-1355.3651322942594,58.72410303920051
469200.0,-1326.9239850943181,59.046809023080094
469260.0,-1479.5092614446517,59.36274330524541
469320.0,-1496.8005273579479,59.715007415113185
469380.0,-1352.4483492504219,60.07138849305555
469440.0,-1421.0968689973367,60.39340000478184
469500.0,-1460.7788090991999,60.731756402162155
469560.0,-1456.122925529223,61.07956088051911
469620.0,-1609.5040430159493,61.42625681516893
469680.0,-1487.2758156601865,61.80947206350606
469740.0,-1530.4745840771363,62.16358535294896
469800.0,-1439.6062550772083,62.52798406344351
469860.0,-1444.3364396027062,62.870747457509516
469920.0,-1478.734054345507,63.214637085986354
469980.0,-1498.8526689356495,63.566716622735285
470040.0,-1621.6149374771076,63.9235863058152
470100.0,-1505.4780046969363,64.30968510045261
470160.0,-1512.243568061304,64.66813224442808
470220.0,-1484.3350242649785,65.02819023682363
470280.0,-1440.9413007326245,65.38160333783911
470340.0,-1678.5228857889383,65.7246845999183
470400.0,-1609.1611419737,66.12433290605853
470460.0,-1639.2196286987798,66.50746651129036
470520.0,-1593.1119864408715,66.89775689907579
470580.0,-1611.3846594302977,67.2770692767998
470640.0,-1634.9074893788327,67.66073229094988
470700.0,-1567.8274115210615,68.04999597889721
470760.0,-1704.1368196849,68.42328821973557
470820.0,-1709.0346040817726,68.82903508156531
470880.0,-1716.483104279196,69.23594808253716
470940.0,-1685.0583040029592,69.64463453593697
471000.0,-1745.5097750958166,70.04583889403291
471060.0,-1683.0108793912798,70.46143645953191
471120.0,-1698.2746041105204,70.86215333557745
471180.0,-1743.7309339940118,71.26650443179423
471240.0,-1652.2549748773813,71.68167846369757
471300.0,-1716.337846908255,72.07507250533504
471360.0,-1657.0416324482853,72.48372437364654
471420.0,-1740.4817682888547,72.87825809565804
471480.0,-1738.15426514664,73.2926585166792
471540.0,-1778.3386483612728,73.70650477028553
471600.0,-1752.808810251727,74.12991873418108
471660.0,-1717.4114766843131,74.5472541651934
471720.0,-1792.5296097849373,74.95616165964204
471780.0,-1744.3937406466714,75.38295442387654
471840.0,-1831.8567167079768,75.79828626688766
471900.0,-1745.0866783903346,76.23444262800861
471960.0,-1832.9060806311736,76.64993945619678
472020.0,-1754.4369937026154,77.08634566587087
472080.0,-1809.2491144464839,77.50406875960958
472140.0,-1728.9640974058143,77.93484235828731
472200.0,-1896.7225190707043,78.34650047671727
472260.0,-1923.2495402725588,78.79810107649601
472320.0,-1878.7956144555126,79.25601763370376
472380.0,-1931.9858715869887,79.70334992285984
472440.0,-1938.9027529506156,80.16334655895199
472500.0,-1825.617686905219,80.62499007155928
472560.0,-1870.0759799208379,81.05966094939386
472620.0,-1905.4628939406055,81.5049171350893
472680.0,-1906.6986530436636,81.95859877650373
472740.0,-1926.0559123514442,82.41257464627604
472800.0,-1797.881964741044,82.8711593873121
472860.0,-1947.6584393377134,83.29922652177426
472920.0,-1989.421444479291,83.76295472161657
472980.0,-1868.8368300496436,84.23662649411163
473040.0,-1935.9926142559336,84.68158764412345
473100.0,-1807.1090283874985,85.14253826656534
473160.0,-1967.3365333284187,85.57280232094331
473220.0,-1891.2742707764032,86.0412157812596
473280.0,-1883.3107980279083,86.4915191790635
473340.0,-1985.6721019865745,86.9399265119273
473400.0,-2005.0563181125638,87.41270558382887
473460.0,-1922.0278136935433,87.89009994528423
473520.0,-1937.984445152459,88.34772561521127
473580.0,-2063.0219497303315,88.80915048310472
473640.0,-2051.937901775096,89.30034618542146
473700.0,-2142.202828041112,89.78890282870124
473760.0,-1960.0177328764296,90.29895112109197
473820.0,-2017.1129525508727,90.76562200987208
473880.0,-2016.7329921381008,91.24588699857466
473940.0,-2114.0293367312274,91.7260615205123
474000.0,-2083.9054436013494,92.22940183878164
474060.0,-2052.111146310263,92.72556980154387
474120.0,-2069.124964955252,93.2141676935225
474180.0,-2027.004401401373,93.70681649470232
474240.0,-2004.2927470194882,94.18943659027408
474300.0,-1908.287293771535,94.66664914908824
474360.0,-2050.7650414859536,95.12100326665289
474420.0,-1987.676404871886,95.60928065748288
474480.0,-2109.3718652628404,96.08253694435714
474540.0,-2164.9794174205144,96.5847683408483
474600.0,-2090.465901120037,97.10023963071032
474660.0,-2169.972112337508,97.59796960716747
474720.0,-2077.945089839085,98.0
474780.0,-2130.3048834342735,98.0
474840.0,-2205.3213839759983,98.0
474900.0,-1988.4261902066626,98.0
474960.0,-2129.2989594837163,98.0
475020.0,-2199.694759894215,98.0
475080.0,-2051.8742559310276,98.0
475140.0,-2153.7428343908578,98.0
475200.0,-2048.811700255921,98.0
475260.0,-2162.3551268580845,98.0
475320.0,-2154.86908387479,98.0
475380.0,-2105.722864944324,98.0
475440.0,-2094.75077920612,98.0
475500.0,-2088.0995638996537,98.0
475560.0,-2143.391018198273,98.0
475620.0,-2110.0206701013394,98.0
475680.0,-2100.664090528364,98.0
475740.0,-2136.9646525945877,98.0
475800.0,-2161.0879946565105,98.0
475860.0,-2242.708479491004,98.0
475920.0,-2123.435032773682,98.0
475980.0,-2160.182044028515,98.0
476040.0,-2190.788546835342,98.0
476100.0,-2092.496753602515,98.0
476160.0,-2257.955769621918,98.0
476220.0,-2076.6983344066325,98.0
476280.0,-2179.663288608666,98.0
476340.0,-2162.1936705654693,98.0
476400.0,-2207.796644843328,98.0
476460.0,-2286.898855793561,98.0
476520.0,-2197.962686065288,98.0
476580.0,-2172.144021207724,98.0
476640.0,-2154.228711616409,98.0
476700.0,-2209.188542057228,98.0
476760.0,-2331.2939337154867,98.0
476820.0,-2294.6067934637426,98.0
476880.0,-2081.281979237603,98.0
476940.0,-2272.181734557153,98.0
477000.0,-2123.1633053709947,98.0
477060.0,-2266.9183592185395,98.0
477120.0,-2223.8374855985803,98.0
477180.0,-2177.3246174465835,98.0
477240.0,-2265.925682716887,98.0
477300.0,-2122.9878494044424,98.0
477360.0,-2215.7135571879694,98.0
477420.0,-2194.2723922219666,98.0
477480.0,-2239.575657688694,98.0
477540.0,-2185.5213537256964,98.0
477600.0,-2131.7718124710977,98.0
477660.0,-2235.7607468626306,98.0
477720.0,-2125.4143834032566,98.0
477780.0,-2267.1357477990955,98.0
477840.0,-2185.7663183393424,98.0
477900.0,-2203.366482693694,98.0
477960.0,-2297.858661036411,98.0
478020.0,-2221.87463379752,98.0
478080.0,-2235.1497818396138,98.0
478140.0,-2287.6007934949685,98.0
478200.0,-2215.6756076907564,98.0
478260.0,-2229.053804172802,98.0
478320.0,-2242.7907188243976,98.0
478380.0,-2243.0833496298037,98.0
478440.0,-2244.83136671281,98.0
478500.0,-2261.8836072099944,98.0
478560.0,-2231.751274078636,98.0
478620.0,-2279.024658620354,98.0
478680.0,-2081.158507064567,98.0
478740.0,-2325.2331180066353,98.0
478800.0,-2275.792105325776,98.0
478860.0,-2271.0160528630418,98.0
478920.0,-2118.134277069409,98.0
478980.0,-2319.5930898365714,98.0
479040.0,-2214.5795827270676,98.0
479100.0,-2224.9099777880933,98.0
479160.0,-2219.4049894349223,98.0
479220.0,-2164.7768657126644,98.0
479280.0,-2165.472863322595,98.0
479340.0,-2264.8740687395243,98.0
479400.0,-2225.4985375031124,98.0
479460.0,-2348.237552250487,98.0
479520.0,-2229.6266487807084,98.0
479580.0,-2282.321382806696,98.0
479640.0,-2244.9037783159283,98.0
479700.0,-2333.8110300949093,98.0
479760.0,-2207.2933814680887,98.0
479820.0,-2332.206004217911,98.0
479880.0,-2220.2701846961722,98.0
479940.0,-2301.4422447014,98.0
480000.0,-2277.444346349115,98.0
480060.0,-2155.725321136199,98.0
480120.0,-2188.2069854386973,98.0
480180.0,-2152.9322077240186,98.0
480240.0,-2126.6326908326178,98.0
480300.0,-2264.8482262228113,98.0
480360.0,-2126.7309275540197,98.0
480420.0,1534.3830270960239,98.0
480480.0,1669.0283449449053,97.63467070783427
480540.0,1596.6810347028527,97.23728300665691
480600.0,1572.55218753884,96.85712085553718
480660.0,1667.3971209492775,96.48270366802792
480720.0,1689.4544929983867,96.08570435351619
480780.0,1689.9716194911553,95.68345328375467
480840.0,1650.3147661278404,95.28107908863772
480900.0,1647.777705563553,94.88814700146443
480960.0,1673.9786890254277,94.49581897633026
481020.0,1663.168187091138,94.0972526218004
481080.0,1680.068451514233,93.7012601963025
481140.0,-2174.562913130945,93.30124389832292
481200.0,-2133.453221765887,93.81899697287791
481260.0,-2278.8013348012355,94.32696202567931
481320.0,-4781.222378432032,94.86953377206055
481380.0,-4853.388239066942,96.0079200526396
481440.0,-4750.698433216072,97.16348868098888
481500.0,-4665.659606444671,98.0
481560.0,-4789.427259905073,98.0
481620.0,-4750.0858386170785,98.0
481680.0,-4709.00271741273,98.0
481740.0,-4875.05857225484,98.0
481800.0,-4778.857563978242,98.0
481860.0,-4722.128346078682,98.0
481920.0,-4914.220083583168,98.0
481980.0,-2200.245822880297,98.0
482040.0,-2071.8529435219916,98.0
482100.0,-2073.9249522538876,98.0
482160.0,-2107.77941531914,98.0
482220.0,-2073.373956780711,98.0
482280.0,-2109.4005986673383,98.0
482340.0,-2084.9180975558083,98.0
482400.0,-2133.0500284411955,98.0
482460.0,-2102.9653089338944,98.0
482520.0,-2143.593985138483,98.0
482580.0,-2025.515061829998,98.0
482640.0,-2005.6375898166898,98.0
482700.0,-2009.6784549591575,98.0
482760.0,-2112.436981764296,98.0
482820.0,-2140.589486062818,98.0
482880.0,-2002.092758755287,98.0
482940.0,-2041.3606228298793,98.0
483000.0,-2049.499810099082,98.0
483060.0,-2102.3887497317883,98.0
483120.0,-2033.9232900392672,98.0
483180.0,-2119.6086405683204,98.0
483240.0,-2011.4138039605928,98.0
483300.0,-1961.6268901270291,98.0
483360.0,-1941.337075135728,98.0
483420.0,-1991.465461650621,98.0
483480.0,-2111.6128911293404,98.0
483540.0,-2011.5042964138356,98.0
483600.0,-1889.5537373848128,98.0
483660.0,-2064.580127638285,98.0
483720.0,-2010.4815919644707,98.0
483780.0,-1916.5252017765763,98.0
483840.0,-1958.6535194174924,98.0
483900.0,-1841.1562222327498,98.0
483960.0,-2028.1611971629436,98.0
484020.0,-2037.737431527968,98.0
484080.0,-1899.007460238712,98.0
484140.0,-2038.2506936999953,98.0
484200.0,-1972.287370119799,98.0
484260.0,-1958.3439627177231,98.0
484320.0,-1886.1104862659322,98.0
484380.0,-1905.2195092494871,98.0
484440.0,-1908.3987173942846,98.0
484500.0,-1953.6570279085229,98.0
484560.0,-1850.2412825381812,98.0
484620.0,-1675.1644639396786,98.0
484680.0,-1868.751648170152,98.0
484740.0,-1897.7054459144586,98.0
484800.0,-1974.957550861917,98.0
484860.0,-1928.6776984891742,98.0
484920.0,-1896.5377652814268,98.0
484980.0,-1909.0210635998499,98.0
485040.0,-1871.0834341711957,98.0
485100.0,-1756.5555914183633,98.0
485160.0,-1781.468671211293,98.0
485220.0,-1858.8353802786141,98.0
485280.0,-1914.753809522144,98.0
485340.0,-1754.9116792022173,98.0
485400.0,-1830.9391145029417,98.0
485460.0,-1924.3736664427033,98.0
485520.0,-1770.7715472850477,98.0
485580.0,-1744.6560667382805,98.0
485640.0,-1944.3781556488743,98.0
485700.0,-1840.8700548503843,98.0
485760.0,-1790.5441555916807,98.0
485820.0,-1732.3136855980779,98.0
485880.0,-1799.744121554449,98.0
485940.0,-1811.0906625849204,98.0
486000.0,-1709.8429270787547,98.0
486060.0,-1773.8317463077653,98.0
486120.0,-1705.417112448551,98.0
486180.0,-1796.7882623337948,98.0
486240.0,-1803.3434587515046,98.0
486300.0,-1668.942985487091,98.0
486360.0,-1691.1133809482533,98.0
486420.0,-1642.872736686954,98.0
486480.0,-1722.0815122307406,98.0
486540.0,-1729.6887307598688,98.0
486600.0,-1592.1466719471796,98.0
486660.0,-1756.925919626531,98.0
486720.0,-1582.170820286376,98.0
486780.0,-1569.6900149702126,98.0
486840.0,-1588.92881233586,98.0
486900.0,-1673.3688574131559,98.0
486960.0,-1672.6106840291318,98.0
487020.0,-1627.694359232243,98.0
487080.0,-1684.2183519919643,98.0
487140.0,-1655.5960577899166,98.0
487200.0,-1550.5425837937357,98.0
487260.0,-1541.55198430077,98.0
487320.0,-1634.7280671056649,98.0
487380.0,-1522.3815548069597,98.0
487440.0,-1526.8409041294344,98.0
487500.0,-1454.6113884946094,98.0
487560.0,-1502.1173604341152,98.0
487620.0,-1463.767481445401,98.0
487680.0,-1489.6305946834254,98.0
487740.0,-1450.3888105163016,98.0
487800.0,-1577.2975892340955,98.0
487860.0,-1498.2182206473774,98.0
487920.0,-1484.0527987638416,98.0
487980.0,-1487.0966910227864,98.0
488040.0,-1436.5542366337204,98.0
488100.0,-1415.7985713832031,98.0
488160.0,-1420.9583160695618,98.0
488220.0,-1445.7015359985921,98.0
488280.0,-1469.7789419752812,98.0
488340.0,-1350.3135783721998,98.0
488400.0,-1385.6300517300701,98.0
488460.0,-1458.160103865396,98.0
488520.0,-1399.0540524873454,98.0
488580.0,-1482.3808873695834,98.0
488640.0,-1365.9716596289077,98.0
488700.0,-1370.2688707749637,98.0
488760.0,-1383.0677627507791,98.0
488820.0,-1243.719206461623,98.0
488880.0,-1398.322045621074,98.0
488940.0,-1276.6892193801168,98.0
489000.0,-1177.9530323836482,98.0
489060.0,-1234.565212182239,98.0
489120.0,-1291.1027290284756,98.0
489180.0,-1347.2273013219146,98.0
489240.0,-1350.8436747463297,98.0
489300.0,-1283.7141039898793,98.0
489360.0,-1290.1067195056607,98.0
489420.0,-1281.89009786668,98.0
489480.0,-1248.0919544593075,98.0
489540.0,-1224.409415405374,98.0
489600.0,-1178.8892192961064,98.0
489660.0,-1271.9632858312516,98.0
489720.0,-1228.2902756124406,98.0
489780.0,-1186.5629971559852,98.0
489840.0,-1178.3060298711096,98.0
489900.0,-1045.9532983854233,98.0
489960.0,-1131.733621327061,98.0
490020.0,-1231.981734527236,98.0
490080.0,-1099.5419677023942,98.0
490140.0,-1081.3284486421267,98.0
490200.0,-1110.9806423256714,98.0
490260.0,-1165.6510654707906,98.0
490320.0,-976.7082559953413,98.0
490380.0,-1135.6991691024623,98.0
490440.0,-1021.1450809339302,98.0
490500.0,-1038.0447048262822,98.0
490560.0,-1003.2268361441436,98.0
490620.0,-926.0635038584378,98.0
490680.0,-983.9483068661309,98.0
490740.0,-1040.310677957962,98.0
490800.0,-929.5483775698372,98.0
490860.0,-1022.8642586500757,98.0
490920.0,-964.2488635929637,98.0
490980.0,-1040.6854798110653,98.0
491040.0,-1014.1099180757756,98.0
491100.0,-938.017287389643,98.0
491160.0,-907.9779949072827,98.0
491220.0,-1021.1450204315037,98.0
491280.0,-878.0788164964317,98.0
491340.0,-945.972781494918,98.0
491400.0,-808.893679136285,98.0
491460.0,-895.6381051011778,98.0
491520.0,-930.7606515877346,98.0
491580.0,-847.5963548712919,98.0
491640.0,-895.8987240418626,98.0
491700.0,-753.5470454245906,98.0
491760.0,-818.390663265565,98.0
491820.0,-816.2418504598977,98.0
491880.0,-760.3324947809251,98.0
491940.0,-844.8177069452747,98.0
492000.0,-850.5318693378082,98.0
492060.0,-737.3253190597262,98.0
492120.0,-816.4328910091234,98.0
492180.0,-805.0624668930512,98.0
492240.0,-677.4491901030522,98.0
492300.0,-684.7274029316065,98.0
492360.0,-780.0222484591809,98.0
492420.0,-730.48692693922,98.0
492480.0,-736.0945493015759,98.0
492540.0,-563.8095418158271,98.0
492600.0,-604.5328271454194,98.0
492660.0,-672.6361714808584,98.0
492720.0,-601.2936760250783,98.0
492780.0,-705.7048364871969,98.0
492840.0,-653.1497649342932,98.0
492900.0,-594.9461532560397,98.0
492960.0,-562.5412897471288,98.0
493020.0,-583.9507183994049,98.0
493080.0,-551.6418750390945,98.0
493140.0,-550.2341290406553,98.0
493200.0,-553.1533550641079,98.0
493260.0,-549.5052611925385,98.0
493320.0,-545.7043202277409,98.0
493380.0,-494.5988442781957,98.0
493440.0,-472.2482786416566,98.0
493500.0,-473.373933426372,98.0
493560.0,-544.366434823532,98.0
493620.0,-521.95898950032,98.0
493680.0,-426.46142519436046,98.0
493740.0,-350.46400044208355,98.0
493800.0,-417.98933801246966,98.0
493860.0,-440.20480377182315,98.0
493920.0,-390.41604636628495,98.0
493980.0,-460.4596619183659,98.0
494040.0,-302.0906168358269,98.0
494100.0,-357.8121244446499,98.0
494160.0,-397.560332453285,98.0
494220.0,-355.79114838119904,98.0
494280.0,-365.8023561008207,98.0
494340.0,-243.88384550347598,98.0
494400.0,-323.1302832500063,98.0
494460.0,-290.094622997738,98.0
494520.0,-253.4234233667927,98.0
494580.0,-320.7341129722244,98.0
494640.0,-253.11824056347047,98.0
494700.0,-236.7398878630225,98.0
494760.0,-334.92943558943716,98.0
494820.0,-215.016034508002,98.0
494880.0,-221.4320742517686,98.0
494940.0,-199.41329769017176,98.0
495000.0,-193.61581856271232,98.0
495060.0,-168.76415312433323,98.0
495120.0,-92.65394457880177,98.0
495180.0,-232.2656684028721,98.0
495240.0,-170.64660079786165,98.0
495300.0,-98.7652039852428,98.0
495360.0,-98.57534165772222,98.0
495420.0,-88.55994468768841,98.0
495480.0,60.37104304131947,98.0
495540.0,-56.741828536820435,97.98562594213301
495600.0,-14.508265256501033,97.99913590130845
495660.0,-89.5927922297268,98.0
495720.0,-119.57768394874984,98.0
495780.0,-67.72818675206247,98.0
495840.0,4.949338514319777,98.0
495900.0,-2.29188236723013,97.99882158606802
495960.0,8.524860386947864,97.99936727234594
496020.0,-17.53619019769502,97.99733754368238
496080.0,-16.14689245753914,98.0
496140.0,6.407436486564734,98.0
496200.0,71.5445215611087,97.99847441988415
496260.0,89.35496666232717,97.98144000998865
496320.0,-10.670978700120543,97.96016501792619
496380.0,106.1917995334465,97.9627057271405
496440.0,32.109861114288094,97.93742196534683
496500.0,109.9431065264663,97.92977676031961
496560.0,80.89592196972279,97.90359983019427
496620.0,196.91721119172627,97.88433889639195
496680.0,88.38999335656416,97.8374538461082
496740.0,134.64284634574966,97.81640860959473
496800.0,170.71901487550952,97.78435078903622
496860.0,92.227323156365,97.74370340454206
496920.0,150.57749461866143,97.72174451807626
496980.0,149.1790004970045,97.68589273364324
497040.0,144.51002944897618,97.6503739240011
497100.0,159.05821005017032,97.6159667741323
497160.0,-1642.9819092388093,97.5780957717394
497220.0,-1735.641832983076,97.96928194060578
497280.0,-1655.8371241610153,98.0
497340.0,-1661.1071565950892,98.0
497400.0,-1754.033044187014,98.0
497460.0,-1629.367265301279,98.0
497520.0,-1735.7049494637583,98.0
497580.0,-1603.660645436865,98.0
497640.0,-1662.3066929663898,98.0
497700.0,-1621.9810344535076,98.0
497760.0,-1690.8284010550658,98.0
497820.0,-1596.5997107582396,98.0
497880.0,-1539.18106611219,98.0
497940.0,-1634.1577683041232,98.0
498000.0,291.9836719635075,98.0
498060.0,364.5707023302227,97.93048007810393
498120.0,374.8580162555352,97.84367752993006
498180.0,208.7233040939696,97.7544256212978
498240.0,484.2951528622373,97.70472959651352
498300.0,403.5821023750358,97.58942122678441
498360.0,422.08134986815105,97.49333025002845
498420.0,379.948103978448,97.39283469053603
498480.0,285.4282788137833,97.30237085625545
498540.0,445.31406371285726,97.23441174225216
498600.0,378.8905709987463,97.12838458422529
498660.0,453.29622887332107,97.0381725435113
498720.0,415.2755234431795,96.93024486997002
498780.0,450.3113380359508,96.8313697453407
498840.0,397.0339579924233,96.72415276009404
498900.0,502.7783723595979,96.62962086533395
498960.0,386.86715952155953,96.50991172905785
499020.0,600.0294252825819,96.41780050060034
499080.0,606.5648134124814,96.27493635172353
499140.0,577.1064191526044,96.1305161580539
499200.0,562.3901117624839,95.99310986777947
499260.0,487.3620559490393,95.85920746021696
499320.0,568.8540612265674,95.74316887546719
499380.0,499.36550080888617,95.60772743231801
499440.0,418.04393060765403,95.48883088450637
499500.0,607.4052226972699,95.38929661531407
499560.0,590.7348402248224,95.24467632419567
499620.0,526.7457047212198,95.10402517176118
499680.0,460.55794171251495,94.97860952777994
499740.0,504.1553385572238,94.86895287499124
499800.0,435.1248278047587,94.74891588962046
499860.0,605.9637620869966,94.64531474014314
499920.0,457.71496785444026,94.50103765393195
499980.0,575.5556068566943,94.39205789968089
500040.0,511.9201977169372,94.2550208504293
500100.0,480.8823794295489,94.13313508906813
500160.0,584.4536156714323,94.01863928444205
500220.0,553.4875413172538,93.87948366166313
500280.0,626.8221472298789,93.74770091373045
500340.0,503.06727818870576,93.59845754534238
500400.0,535.6469353889385,93.47867962196412
500460.0,439.03528639452907,93.3511446373477
500520.0,452.4042592284202,93.24661242630138
500580.0,692.4906632402965,93.13889712648509
500640.0,710.7114820447594,92.97401839714216
500700.0,592.3176444131481,92.80480137760769
500760.0,538.344465271997,92.66377336703313
500820.0,570.8486407825073,92.53559611339693
500880.0,642.1123243114087,92.39967977035349
500940.0,559.7373958809953,92.24679588361268
501000.0,605.7218750451968,92.11352507506959
501060.0,591.521512869098,91.96930558101121
501120.0,558.9407754523922,91.82846712556619
501180.0,562.2399717674541,91.69538598855372
501240.0,612.1118594727711,91.5615193286091
501300.0,536.5592026771243,91.41577840968701
501360.0,622.8947063603433,91.2880262185734
501420.0,568.0730068188132,91.13971795515428
501480.0,604.5447134497938,91.00446247734028
501540.0,680.4332950759513,90.86052325985224
501600.0,587.7546379506376,90.69851533245321
501660.0,653.4426281289582,90.55857375198877
501720.0,491.0980402953372,90.40299217386283
501780.0,570.7211766258824,90.2860640690306
501840.0,600.8844030445266,90.15017807459587
501900.0,714.8601338432227,90.00711035958527
501960.0,482.05736664156046,89.83690556581307
502020.0,594.0330178443336,89.72213000232698
502080.0,687.3149219701166,89.58069356950689
502140.0,552.8771714125214,89.41704715951401
502200.0,587.2296713744598,89.28540973774912
502260.0,619.8827348318662,89.14559314932663
502320.0,610.9841041385076,88.99800202198571
502380.0,693.751838085165,88.85252961623844
502440.0,626.5629202415478,88.68735060717054
502500.0,679.1266668216883,88.53816895949399
502560.0,577.6225843413675,88.37647213406025
502620.0,554.5114327693003,88.23894294731231
502680.0,585.0766200671887,88.10691641570057
502740.0,528.7081821153826,87.96761245854171
502800.0,626.8568624368604,87.84172955803804
502860.0,574.2428543405231,87.6924779241245
502920.0,556.5953411722514,87.55575343499581
502980.0,626.2872489750242,87.4232307347167
503040.0,527.167998944475,87.27411472305597
503100.0,641.4026236917184,87.1485985328311
503160.0,565.812363862159,86.99588362242831
503220.0,663.3573231726174,86.86116639293732
503280.0,-1295.6295460229064,86.70322417313432
503340.0,-1234.9333710950477,87.01170739837787
503400.0,-1262.8972415374262,87.3057391534005
503460.0,-1229.8999774933088,87.60642897281417
503520.0,-1268.8401412954117,87.89926230078876
503580.0,-1376.183095415177,88.20136709633529
503640.0,-1216.8330234055804,88.5290297381008
503700.0,-1283.6417302342597,88.8187518865307
503760.0,-1232.0682749464281,89.12438086991982
503820.0,-1239.120919732779,89.41773045919278
503880.0,-1328.0675556790811,89.71275924960536
503940.0,-1337.7287323930314,90.02896581048132
504000.0,-1244.727706782188,90.34747265152728
504060.0,-1303.4882915823061,90.64383639123733
504120.0,-1230.3878189637217,90.95419074637597
504180.0,-1298.5812924136198,91.24714022708162
504240.0,-1227.8352774278278,91.55632624908486
504300.0,-1265.2267142755186,91.84866798180578
504360.0,590.369220858172,92.14991243758566
504420.0,549.1974220310129,92.00934833738133
504480.0,584.0981271464736,91.87858704642156
504540.0,640.2055315333619,91.73951606376764
504600.0,563.83138936853,91.58708617530732
504660.0,597.3733188812047,91.45284060641005
504720.0,566.6721254863876,91.31060886381928
504780.0,569.7241202113847,91.17568692917966
504840.0,663.9801310144226,91.04003832912933
504900.0,630.9777177669814,90.88194782174494
504960.0,561.9079762991548,90.73171503180042
505020.0,568.2528114993684,90.59792741839586
505080.0,511.48773540113444,90.46262912994362
505140.0,541.4092526799365,90.34084633580049
505200.0,568.5127792552635,90.21193937087669
505260.0,599.1214929044527,90.07657918533972
505320.0,591.1487138151714,89.93393121083867
505380.0,477.7263393642604,89.79318151707315
505440.0,600.9635378346625,89.67943715055785
505500.0,535.0577460361975,89.53635059393055
505560.0,479.1818170849503,89.40895589249337
505620.0,616.5796943901589,89.29486498366362
505680.0,622.1674866640316,89.1480602945231
505740.0,548.1491757099202,88.99992517865071
505800.0,572.785707135197,88.86941347014834
505860.0,574.2195558946322,88.73303592083045
505920.0,609.8148790092843,88.59631697895077
505980.0,567.6306999105559,88.45112296013903
506040.0,442.14608189797116,88.31597279349366
506100.0,640.240046053048,88.21069991685128
506160.0,581.4192711788249,88.05826181064818
506220.0,484.72141861332403,87.9198286508437
506280.0,451.31377868740935,87.80441878926909
506340.0,541.1645624142874,87.69696312767685
506400.0,491.95135139605463,87.56811442234012
506460.0,526.2052569579446,87.4509831481982
506520.0,548.7565734524892,87.32569618225584
506580.0,467.90098116315494,87.19503985524334
506640.0,432.64570786336304,87.0836348597283
506700.0,520.4760053225193,86.9806239769037
506760.0,463.0290056545577,86.85670111849358
506820.0,501.4947242028987,86.74645611714725
506880.0,409.8180588923483,86.62705261138466
506940.0,472.96796208636175,86.52947688307695
507000.0,528.6705728330528,86.41686546353259
507060.0,519.7978342592746,86.29099151761996
507120.0,433.8033538236624,86.16723012851061
507180.0,408.6670709875229,86.06394361569545
507240.0,477.36263279763006,85.96664193212699
507300.0,507.72905428599347,85.85298416241326
507360.0,496.0248812416253,85.73209629234518
507420.0,438.62968905937055,85.61399513014479
507480.0,484.871877342527,85.50955948989255
507540.0,554.7856921843934,85.394113804811
507600.0,474.5944121379634,85.26202197333852
507660.0,361.9382212026486,85.14902330378186
507720.0,469.7610626645013,85.06284753682885
507780.0,577.8495566832994,84.95099966476587
507840.0,375.6135022035567,84.81341643698414
507900.0,452.2875182825126,84.7239846507452
507960.0,434.57382634909186,84.61629714639221
508020.0,451.56021352839963,84.51282718773767
508080.0,455.1195547449518,84.4053128511833
508140.0,509.5243684876729,84.2969510524345
508200.0,443.87962471721926,84.1756357266041
508260.0,513.1002457295328,84.06995010167142
508320.0,427.0833479055224,83.94778337649772
508380.0,410.81896187993686,83.84609686509165
508440.0,389.3676227708386,83.74828282654882
508500.0,318.19224407962605,83.65557624969861
508560.0,441.4711145116096,83.57981619158441
508620.0,545.8793712754311,83.4747040214626
508680.0,447.85741822314026,83.3447327425875
508740.0,459.3013199850197,83.23810002396294
508800.0,391.0574747375088,83.12874256682365
508860.0,398.9323360935471,83.0356336442671
508920.0,470.43433807423213,82.94064975472101
508980.0,529.6519048067983,82.82864157898905
509040.0,496.19292352713853,82.70253398260648
509100.0,453.0281948555458,82.58439281033812
509160.0,404.63210586744054,82.47652895442013
509220.0,412.9282102297996,82.38018797683264
509280.0,352.96944683287177,82.28187173630174
509340.0,309.13779800228286,82.19783139181772
509400.0,326.28140021191916,82.12422715419812
509460.0,394.75257185340723,82.04654110652862
509520.0,372.13443461943064,81.95255239894448
509580.0,299.3913077832457,81.86394896213032
509640.0,383.2369832495127,81.79266531742003
509700.0,364.3041656505895,81.70141841664633
509760.0,310.9879532809457,81.61467932958666
509820.0,357.11261108003885,81.54063457880548
509880.0,358.0464638734908,81.45560776664357
509940.0,338.3017804205412,81.37035860857846
510000.0,428.91289413498146,81.28981056562118
510060.0,257.16780457043,81.18768844796999
510120.0,250.2399298911503,81.12645801831036
510180.0,367.64795314452067,81.06687708262199
510240.0,371.2985390008388,80.97934185568282
510300.0,387.88127173656085,80.890937441635
510360.0,329.40494347334794,80.79858475788821
510420.0,304.80062117762606,80.72015500944217
510480.0,357.5876434711185,80.6475834329713
510540.0,329.7005037498283,80.56244351785914
510600.0,447.4462179428382,80.48394339791871
510660.0,333.13333558309864,80.37740858412279
510720.0,347.61931827108043,80.29809112326967
510780.0,497.5775082684131,80.21532461891941
510840.0,335.6274415547761,80.0968537836174
510900.0,378.96184339256894,80.01694248800912
510960.0,382.66920455849066,79.92671347767755
511020.0,386.09185619938387,79.83560176230648
511080.0,357.91309727033473,79.74367512987806
511140.0,350.5294620534127,79.65845772576607
511200.0,343.2933304622806,79.57499833003907
511260.0,301.1070515895235,79.49326182278614
511320.0,353.6104209267251,79.42156966764577
511380.0,454.2298770400267,79.33737671028226
511440.0,403.60312733927566,79.22922673955844
511500.0,347.6676495439131,79.13313075685862
511560.0,379.2719909439718,79.05035274506245
511620.0,274.28056559293077,78.9600498900758
511680.0,309.3285857840807,78.89474499350605
511740.0,380.37776712752867,78.82109533022413
511800.0,411.30351785946186,78.73052919519377
511860.0,274.4074491452235,78.63259978617961
511920.0,290.24924611387667,78.56726467924027
511980.0,448.7713716370315,78.49815771587983
512040.0,322.307888286405,78.39130738929958
512100.0,424.59638065621806,78.31456741589805
512160.0,326.2875537696892,78.21347303955133
512220.0,327.3473254713236,78.13578552674902
512280.0,292.96632266120815,78.05784568735109
512340.0,366.58715208613427,77.98809180100318
512400.0,390.257285883376,77.90080914574457
512460.0,245.46592599355262,77.80789074434377
512520.0,285.21300225786644,77.74944647625006
512580.0,360.0771771419039,77.68153861856962
512640.0,296.23033365848886,77.59580595734536
512700.0,273.2491626364362,77.52527492552191
512760.0,362.29200350867507,77.46021560108467
512820.0,366.8118825787564,77.37395560024927
512880.0,272.5292969584506,77.28661943773052
512940.0,311.17074180890427,77.22173150988327
513000.0,224.8588613785605,77.147643238024
513060.0,242.59463666910472,77.09410541388625
513120.0,302.7469588322243,77.03634478610789
513180.0,296.1722820202851,76.96426217686212
513240.0,235.28327686806136,76.8937449668573
513300.0,249.3623705485653,76.83772513903156
513360.0,227.4599588162899,76.77835314604381
513420.0,317.7247310967849,76.72419601299231
513480.0,171.43785983699377,76.64854726749307
513540.0,227.89305008295776,76.60772872943664
513600.0,175.91890794657246,76.55346847941689
513660.0,311.96044087032124,76.51158302514389
513720.0,177.79492221259147,76.43730672969858
513780.0,287.01818225376854,76.39497460536225
513840.0,382.65696678491497,76.32663694292087
513900.0,383.8780945676426,76.23552814130541
513960.0,174.31939800589026,76.14412859497978
514020.0,299.79532199808233,76.10262397640695
514080.0,221.78428832795743,76.03124413783597
514140.0,208.78097847708966,75.97843835490075
514200.0,272.82209875448063,75.92872859812049
514260.0,352.60332718632804,75.8637709555599
514320.0,314.175182781936,75.7798177824203
514380.0,234.5910415327079,75.70501416747221
514440.0,319.1192611077726,75.64915915758347
514500.0,141.52614454554822,75.57317838112924
514560.0,230.3168404019441,75.53948168004696
514620.0,225.41838112679835,75.48464433709412
514680.0,278.9225630789976,75.43097329396869
514740.0,261.43807411241556,75.36456315990226
514800.0,264.5167193985926,75.3023159993993
514860.0,261.9316690551569,75.23933582811392
514920.0,273.18157395509076,75.17697114500555
514980.0,303.67955904136153,75.11192791311149
515040.0,279.6782072820195,75.03962325619688
515100.0,253.11578509336795,74.97303320684401
515160.0,293.75206378023387,74.91276754372655
515220.0,318.6963982963554,74.84282657615982
515280.0,235.26061844042385,74.76694648132735
515340.0,264.562384067875,74.71093204836535
515400.0,337.35633045975925,74.64794100453966
515460.0,201.00252117973486,74.5676180687159
515520.0,374.98717949246435,74.51976032557786
515580.0,185.90312112059473,74.43047766379394
515640.0,245.08822692536975,74.38621501590808
515700.0,208.36652695563188,74.32786067616394
515760.0,396.2313370147597,74.27824959831736
515820.0,234.34230232506215,74.18390880379003
515880.0,234.0900482142449,74.12811301752217
515940.0,241.50226490882523,74.07237729175687
516000.0,269.0993203038243,74.01487675249285
516060.0,243.2817323945962,73.95080548575385
516120.0,254.6490781887467,73.89288126375513
516180.0,50.51253328534753,73.83225053085305
516240.0,265.34619931721926,73.82022373721368
516300.0,262.6449592929877,73.75704607070958
516360.0,323.558957795925,73.6945115565922
516420.0,339.4649123533615,73.61747370949793
516480.0,249.34319884009417,73.53664873036618
516540.0,309.2717016338782,73.47728130207092
516600.0,193.90379844790422,73.40364518263428
516660.0,305.7459775322622,73.35747761157525
516720.0,225.07179435739585,73.28468095025805
516780.0,188.06064536106788,73.231092427792
516840.0,247.73642358527232,73.18631608365843
516900.0,342.63629722826994,73.12733122090003
516960.0,269.211301361634,73.0457511501314
517020.0,347.889948539285,72.98165322123577
517080.0,212.9329200273019,72.89882228110737
517140.0,320.4905676559212,72.84812396681515
517200.0,218.25877752456827,72.77181668880183
517260.0,270.68310459151064,72.71985031320075
517320.0,269.9453528800947,72.65540195496467
517380.0,296.42075035382595,72.59112925189798
517440.0,271.5682827990154,72.52055288276613
517500.0,211.9709824276144,72.45589376781398
517560.0,308.944166254496,72.4054244862836
517620.0,359.834201950159,72.33186635146109
517680.0,220.7209000962427,72.24619154147295
517740.0,145.45460307487184,72.19363894621195
517800.0,285.3521300511433,72.15900689786079
517860.0,235.35145148104485,72.09106591451528
517920.0,247.19020051009812,72.03502985463885
517980.0,288.26580005844596,71.97617504499358
518040.0,227.35490825829237,71.90754033069395
518100.0,238.4551038102358,71.85340820968007
518160.0,248.4311618861672,71.79663318496334
518220.0,342.47991864764344,71.73748290832377
518280.0,255.9593444415546,71.65594007055053
518340.0,179.87927504736285,71.59499736949302
518400.0,178.247292284333,71.55216897067221
518460.0,258.35379655679594,71.50972913917595
518520.0,182.23432132937484,71.44821633047195
518580.0,156.26179227897657,71.40482720634591
518640.0,288.13216108488814,71.36762201770806
518700.0,291.0699059471361,71.29901912221166
518760.0,227.9118099003,71.22971676365282
518820.0,267.61955957576833,71.17545204700988
518880.0,261.28730094611615,71.11173310425374
518940.0,286.1451656564969,71.04952184212371
519000.0,286.2849969563127,70.98139204077692
519060.0,93.6526877089438,70.91322894626352
519120.0,235.57006571295713,70.89093068728519
519180.0,281.07425479630234,70.83484257640116
519240.0,225.3726083512345,70.767920134783
519300.0,252.17216250337958,70.71425998993746
519360.0,295.042003411109,70.65421899886523
519420.0,254.85551889894697,70.58397090281497
519480.0,340.4751703645849,70.52329101736284
519540.0,317.61918093004283,70.44222550060937
519600.0,242.88615711651823,70.36660188610222
519660.0,238.11723659506282,70.30877184869352
519720.0,78.98056111574871,70.25207726855184
519780.0,230.40987625290254,70.2332723730481
519840.0,168.80387519540275,70.17841287870216
519900.0,263.2737820272522,70.13822147984611
519960.0,259.1722529856912,70.0755372460301
520020.0,291.75135655844235,70.01382956674779
520080.0,333.8002404644959,69.9443649580434
520140.0,248.42384739624666,69.86488871031375
520200.0,386.8249930053179,69.8057401752194
520260.0,263.9471022075667,69.71363898640861
520320.0,171.38703317409878,69.65079443826396
520380.0,216.27570569923103,69.60998800179394
520440.0,227.6352177104528,69.55849378615126
520500.0,285.5276504445049,69.50429492479162
520560.0,193.1650291408477,69.43631215087626
520620.0,232.12147210861886,69.3903204772713
520680.0,240.3376103063914,69.33505346010259
520740.0,223.11278093814838,69.27783021955345
520800.0,298.6849547207807,69.22470812885389
520860.0,288.4793177434211,69.15359266344419
520920.0,319.9940653650375,69.08490711160051
520980.0,230.13852943912926,69.00871804841836
521040.0,322.15169765244843,68.95392316045667
521100.0,168.16022198181636,68.87722037530132
521160.0,166.69699290666045,68.8371822272104
521220.0,177.1719539260256,68.79749246699454
521280.0,250.55276109731813,68.75530866844072
521340.0,322.1427513286486,68.69565324913184
521400.0,213.87154466288672,68.61895259405358
521460.0,221.39847077123133,68.56803079770528
521520.0,237.0390037487769,68.51531687609308
521580.0,284.36977493122697,68.45887901805766
521640.0,221.3425762839732,68.39117192878832
521700.0,217.9950845008732,68.33847131538738
521760.0,169.27639423763094,68.28656772383955
521820.0,215.69685204635064,68.24626382044964
521880.0,320.6478332306332,68.19490742710528
521940.0,255.45569860854718,68.1185627049075
522000.0,205.60887828957487,68.05773991952452
522060.0,324.16879888715664,68.00878542469367
522120.0,214.88736289202686,67.93160237733959
522180.0,335.1975212130013,67.88043871950815
522240.0,334.2166195499533,67.800629785886
522300.0,253.36091396569216,67.72105440027887
522360.0,160.0872614003502,67.66073037314419
522420.0,387.3702878570432,67.62261435852506
522480.0,273.23683352762214,67.53038333760671
522540.0,230.56706929929132,67.46532694867156
522600.0,307.36798781495537,67.41043002740983
522660.0,292.13850391733104,67.33724717316818
522720.0,328.6566631921603,67.2676903865212
522780.0,210.25952223766024,67.18943880004687
522840.0,269.1088236702401,67.1393770090379
522900.0,178.8482365580915,67.0753034795926
522960.0,289.98054785690215,67.0327205661264
523020.0,248.6237981016675,66.96367757854142
523080.0,266.8611143694677,66.90448143613627
523140.0,241.21961714263145,66.84094307557211
523200.0,234.9413158317105,66.7835098333953
523260.0,197.90682228281304,66.72757142486394
523320.0,297.42655663875973,66.68045075289184
523380.0,339.38304060192826,66.6096349060731
523440.0,216.60075535134004,66.5288294202155
523500.0,283.21334978004205,66.47725781179851
523560.0,275.9320039395628,66.40982606185088
523620.0,250.48692679383794,66.34412796567479
523680.0,158.40539074968268,66.28448822120006
523740.0,171.90537563976744,66.24677265197396
523800.0,203.142387259516,66.20584280063116
523860.0,121.66111457699344,66.15747556556937
523920.0,334.4833418851706,66.12850863352723
523980.0,272.0637987988608,66.0488697426022
524040.0,248.2040564059733,65.98409264765009
524100.0,118.5876921946521,65.92499644374391
524160.0,140.56972037267698,65.89676127893566
524220.0,249.86162752237985,65.86329229789455
524280.0,368.23165726545596,65.80380143419875
524340.0,208.0837660908885,65.71612723008792
524400.0,301.8304678360643,65.66658347625676
524460.0,221.2086229354797,65.59471907915294
524520.0,253.31731539042104,65.54205035940639
524580.0,322.88419597472534,65.48173671288485
524640.0,229.24628601368173,65.40485952336707
524700.0,208.5973225485508,65.35027707431618
524760.0,335.08809881376726,65.30061104513796
524820.0,252.7375996482539,65.22082816446802
524880.0,315.47671792198173,65.16065254550415
524940.0,208.8897793477018,65.08553904123701
525000.0,334.4054854412657,65.03580337948756
525060.0,266.42301001280407,64.95618302581107
525120.0,276.0929936991256,64.89274897580802
525180.0,257.90388068231374,64.8270125487368
525240.0,219.67803364439965,64.76560686286007
525300.0,249.90600069204217,64.71330256913521
525360.0,223.45201956675479,64.65380114039901
525420.0,307.58069156157126,64.6005982785974
525480.0,237.8250229267348,64.52736478060655
525540.0,160.21857747924622,64.4707397751478
525600.0,0.0035577183946188863,64.4325924947956
525660.0,-0.004620415849859098,64.43259164771979
525720.0,-0.0009641638688393942,64.4325927478188
525780.0,0.0023327605774367474,64.43259297738163
525840.0,5.604429739757798e-05,64.43259242196244
525900.0,0.003370988802830317,64.43259240861856
525960.0,0.00047349073524798193,64.43259160600218
526020.0,-0.0015593126983212242,64.43259149326629
526080.0,-0.005863548774319374,64.43259186453122
526140.0,0.0012358427820683175,64.43259326061425
526200.0,0.0004998638874618513,64.43259296636597
526260.0,-0.004964160139028,64.43259284735076
526320.0,0.002910279124226319,64.43259402929365
526380.0,0.0063396175317001,64.43259333637005
526440.0,-0.0033004653398200513,64.4325918269373
526500.0,-0.0036381607213897948,64.43259261276238
526560.0,-0.003820742784606592,64.43259347899112
526620.0,-0.008393307760936298,64.43259438869178
526680.0,0.010022408434375475,64.43259638709839
526740.0,-0.0022444269025788458,64.43259400081067
526800.0,-0.004292270887071188,64.43259453519802
526860.0,-0.005633875234946712,64.43259555716728
526920.0,-0.0019398373319699045,64.43259689856615
526980.0,-0.003476046833316583,64.43259736043218
527040.0,0.00719036593380277,64.43259818806239
527100.0,-0.006243689080319026,64.4325964760705
527160.0,-0.007692671156441688,64.43259796266314
527220.0,0.0027589204114370587,64.4325997942515
527280.0,-0.0005360324815465433,64.43259913736568
527340.0,-0.0011147241813955777,64.43259926499246
527400.0,0.00279818123152232,64.43259953040298
527460.0,0.0006835581864726663,64.43259886416935
527520.0,-0.00023408793430142752,64.4325987014174
527580.0,-0.007028230509618202,64.43259875715263
527640.0,-0.008340475748359147,64.43260043054084
527700.0,-0.0035021419064527382,64.4326024163684
527760.0,-0.005421824704494649,64.43260325021171
527820.0,0.001346028992615935,64.43260454112236
527880.0,-0.008993574553548815,64.43260422063926
527940.0,-0.0022358004646761682,64.43260636196653
528000.0,-0.0008653742916588793,64.43260689429998
528060.0,-0.000198276397658098,64.43260710034147
528120.0,0.001994821313547703,64.43260714755014
528180.0,-0.0016327009674547885,64.43260667259268
528240.0,-0.003337460019802192,64.43260706133101
528300.0,0.006222400752248957,64.43260785596435
528360.0,-0.0016001634427291716,64.43260637444035
528420.0,0.007095651837771502,64.43260675543165
528480.0,-0.0016256362472217426,64.43260506599074
528540.0,-8.13483163489876e-05,64.43260545304699
528600.0,-0.0006937367375086412,64.43260547241563
528660.0,0.0011560930431616253,64.43260563759104
528720.0,-0.00209924097447976,64.43260536233079
528780.0,0.0004806748687287456,64.43260586215007
528840.0,0.007654070132978136,64.43260574770368
528900.0,0.005244258948622808,64.43260392530603
528960.0,0.005278691718097667,64.43260267667294
529020.0,-0.006709652859137501,64.43260141984157
529080.0,-0.005900599708505564,64.43260301737797
529140.0,0.001088754613784948,64.43260442228267
529200.0,0.0038536896272796796,64.43260416305537
529260.0,-0.0025956777622072537,64.43260324551022
529320.0,-0.003487924318781017,64.43260386352874
529380.0,0.006969215013364821,64.43260469398692
529440.0,0.0034293833337682013,64.43260303465001
529500.0,0.005289933403647532,64.43260221813017
529560.0,-0.002207250292166125,64.43260095862222
529620.0,-0.00260010293657922,64.432601484158
529680.0,0.0047444530233157894,64.43260210323012
529740.0,-0.0013136293012794933,64.43260097359845
529800.0,-0.003054285146960188,64.43260128636733
529860.0,-0.004565982181926075,64.43260201357808
529920.0,-0.0025564756981979082,64.43260310071669
529980.0,0.004375417757293382,64.43260370940138
530040.0,-0.007548324283639764,64.43260266763525
530100.0,0.003145262341719631,64.43260446485532
530160.0,-0.003541093793730743,64.43260371598333
530220.0,-0.0010515019739347196,64.43260455910091
530280.0,-0.00073122790308678,64.43260480945852
530340.0,-0.0011037243581865574,64.43260498356041
530400.0,-0.0014356381495773435,64.43260524635193
530460.0,-0.0022217796692059863,64.43260558817053
530520.0,-0.002857125869707015,64.43260611716569
530580.0,0.006598867734827363,64.43260679743375
530640.0,0.00012524658034963808,64.43260522627476
530700.0,-0.0006297414661247386,64.43260519645415
530760.0,-0.0032232636117604315,64.43260534639259
530820.0,-0.0020397191056534124,64.43260611383631
530880.0,-0.003205856041806839,64.43260659948372
530940.0,0.0038267208595725044,64.43260736278278
531000.0,-0.0037679954323546335,64.43260645165876
531060.0,-0.011231229358241071,64.43260734880053
531120.0,0.00029154018732443175,64.43261002290276
531180.0,-0.0013969541378510458,64.43260995348844
531240.0,-0.0029289410840365095,64.43261028609656
531300.0,0.004557780599738482,64.43261098346349
531360.0,-0.013667598015240581,64.43260989827763
531420.0,0.007881220324849452,64.43261315246764
531480.0,0.005273388802237457,64.4326112759866
531540.0,-0.0031402663159740903,64.43261002041784
531600.0,-0.0022539213584150094,64.43261076810029
531660.0,0.0025219347573134454,64.43261130474824
531720.0,0.0026560799492049885,64.43261070428758
531780.0,-0.0031694092878578033,64.4326100718876
531840.0,-0.008083883769321301,64.43261082650885
531900.0,0.010568463606010022,64.43261275124308
531960.0,0.004780620249677756,64.43261023494223
532020.0,0.0007842651414717501,64.43260909669931
532080.0,0.0008788762462002226,64.43260890996952
532140.0,0.0031065851424826063,64.43260870071327
532200.0,0.0037053164302250485,64.43260796105014
532260.0,-0.01043183338743984,64.43260707883194
532320.0,-0.0017543598968266345,64.43260956260178
532380.0,-0.0022741497810216268,64.43260998030652
532440.0,-0.0008071732925099104,64.43261052177075
532500.0,0.0038539697157090624,64.43261071395487
532560.0,-0.008950400987286557,64.43260979634303
532620.0,-0.0067457119278168855,64.43261192739088
532680.0,-0.0034087251826781335,64.43261353351276
532740.0,0.0007717256323328046,64.432614345114
532800.0,0.004160628066701869,64.43261416136981
532860.0,0.008156617097805786,64.43261317074408
532920.0,-0.0014317709994217454,64.43261122869238
532980.0,0.004152404548124924,64.43261156959024
533040.0,0.0035508123913287506,64.43261058092249
533100.0,0.0027083457553506505,64.43260973549097
533160.0,-0.00012140469919100203,64.43260909064675
533220.0,-0.0019976596922025185,64.43260911955264
533280.0,-0.005326996653013064,64.4326095951859
533340.0,-0.005657964330608614,64.43261086351843
533400.0,0.0017354091174900266,64.43261221065279
533460.0,-0.00027211255140956967,64.43261179746014
533520.0,-0.0020775368892009295,64.43261186224885
533580.0,0.003324043131484044,64.43261235690049
533640.0,-0.0010024458354438725,64.43261156546166
533700.0,-0.004565895768926143,64.43261180413924
533760.0,-0.0013324903451509174,64.43261289125728
533820.0,0.004103149236039967,64.43261320851688
533880.0,-0.005117566260879593,64.43261223157658
533940.0,0.0010463840876877171,64.43261345004474
534000.0,-0.0002771287219694209,64.43261320090568
534060.0,-0.0038040494568472704,64.43261326688871
534120.0,-0.0014667609351974565,64.43261417261476
534180.0,-0.007858415043893275,64.43261452184356
534240.0,0.0005482009707866638,64.43261639289476
534300.0,-0.006823664916986798,64.43261626237071
534360.0,0.005362186086113949,64.43261788705284
534420.0,-0.00045986211517094256,64.43261661034187
534480.0,-0.002859068282846371,64.43261671983285
534540.0,0.005802796640282266,64.43261740056339
534600.0,-0.00515924422112384,64.43261601894514
534660.0,-0.0037384145291766914,64.43261724733662
534720.0,-0.009146233310158229,64.43261813743533
534780.0,0.006547531521663885,64.43262031510993
534840.0,0.009364328482965985,64.43261875617385
534900.0,-0.008367969890960295,64.43261652657183
534960.0,-0.0040788622030833305,64.43261851894562
535020.0,0.0003490679075402589,64.43261949010328
535080.0,-0.0025784706850432637,64.43261940699188
535140.0,-0.00015657503071449063,64.43262002091346
535200.0,-0.000587989708551539,64.43262005819324
535260.0,0.0020377593008915227,64.43262019819079
535320.0,-0.004804827469769735,64.43261971301
535380.0,0.0009632982512212188,64.43262085701654
535440.0,-0.0055806371145459875,64.43262062765982
535500.0,-0.002059289580157867,64.43262195638293
535560.0,-0.008683756637550107,64.43262244668998
535620.0,-0.002022740957257844,64.43262451425107
535680.0,-0.0028636879145398737,64.43262499585606
535740.0,0.004717896783693309,64.43262567768652
535800.0,-0.0002963003615980072,64.43262455437775
535860.0,0.0006125161655190851,64.43262462492545
535920.0,-0.0001122601424859098,64.43262447908828
535980.0,-0.01064554422202941,64.43262450581688
536040.0,-0.00998473130085834,64.43262704047027
536100.0,-0.0015933881669040223,64.43262941778724
536160.0,0.0013927999408690282,64.43262979716538
536220.0,-0.0011743259636005613,64.43262946554634
536280.0,-0.0043202948746672515,64.43262974514776
536340.0,-0.001201565596828515,64.4326307737894
536400.0,320.4991341189999,64.43263105987644
536460.0,190.85162742206188,64.35632174222906
536520.0,168.29997630399907,64.31088087855714
536580.0,355.8216089036361,64.27080945562761
536640.0,283.9843508248799,64.18609002493628
536700.0,218.9543270520951,64.1184747033113
536760.0,284.8770334102878,64.06634272067986
536820.0,320.5393214589933,63.998514855582165
536880.0,295.08295667224667,63.9221959695205
536940.0,208.31992302439707,63.851938122693774
537000.0,415.9857049622739,63.802338141021295
537060.0,364.54691820801906,63.703293925554085
537120.0,285.6413026583163,63.61649704026646
537180.0,289.5571389957916,63.548487206300194
537240.0,330.3598765479261,63.47954503034882
537300.0,242.5702846183936,63.400887916885026
537360.0,331.29437367327836,63.34313308721398
537420.0,233.70549376993134,63.264253474434625
537480.0,310.9626092834865,63.20860930925131
537540.0,246.75528707106417,63.13457059275524
537600.0,251.48925375139325,63.07581933392879
537660.0,419.05225971193886,63.01594094017846
537720.0,325.62703990904356,62.916166592627995
537780.0,336.3124948829545,62.8386363450306
537840.0,205.01001672558183,62.75856194148704
537900.0,291.7275191530414,62.70975003274285
537960.0,357.10529533269704,62.640291099611176
538020.0,342.99581130368387,62.55526602929387
538080.0,204.05101538033068,62.47360035993585
538140.0,347.69631160141853,62.4250167848453
538200.0,359.266801285035,62.34223194874972
538260.0,416.33415692966116,62.256692234158045
538320.0,302.05956500567004,62.1575650539367
538380.0,208.9440191210813,62.08564610988773
538440.0,285.78618637231267,62.03589753390652
538500.0,281.9222407281706,61.967853203817874
538560.0,394.1316324402094,61.90072886078736
538620.0,189.13690793325318,61.80688799592065
538680.0,327.4805460591392,61.761855398793685
538740.0,442.19907797339926,61.683883840208175
538800.0,359.3818352039568,61.578598345452605
538860.0,415.0538705035032,61.49303124183262
538920.0,265.12046356235544,61.394208891712736
538980.0,269.88989172420855,61.331084971816935
539040.0,454.651751794304,61.266825473787364
539100.0,376.924733715437,61.15857505669348
539160.0,379.5091459809745,61.06883107247552
539220.0,308.71022791564445,60.978471752003855
539280.0,384.35840771280147,60.904969316785845
539340.0,312.0922775868207,60.81345541018756
539400.0,454.6222120528878,60.739147725047836
539460.0,549.6651872214168,60.63090434122572
539520.0,417.64052971107236,60.50003167760158
539580.0,353.13879971667467,60.4005934562418
539640.0,241.86980184783704,60.316512789642594
539700.0,295.49675995731684,60.258924741583584
539760.0,492.5525678791196,60.18856837016518
539820.0,340.2258802871285,60.07129394924158
539880.0,382.4634241706728,59.99028778726845
539940.0,446.7880828023807,59.89922506722781
540000.0,499.17906458177254,59.792846952274864
540060.0,401.0569990228629,59.67399479404111
540120.0,391.55934205841504,59.578505032368994
540180.0,422.95955181102283,59.48527661759318
540240.0,383.8419235011346,59.38457196240008
540300.0,389.9230570898761,59.29318102823314
540360.0,451.9302728788666,59.200342205116506
540420.0,441.2125563674943,59.092739759192966
540480.0,560.8804074227751,58.98768915053404
540540.0,462.2145258604976,58.854146196385756
540600.0,507.8613604187973,58.744095118799926
540660.0,377.4330884841704,58.62317574727164
540720.0,476.14474672243733,58.53331072620398
540780.0,404.1880554467964,58.419942929365305
540840.0,474.2312343705637,58.32370767806845
540900.0,494.75643214258554,58.210795479408795
540960.0,459.38254164869585,58.09299632889866
541020.0,603.7770501791849,57.98361953326801
541080.0,547.9645170459308,57.839863092749155
541140.0,535.8686735614019,57.709395350595365
541200.0,514.0382012718675,57.581807571175986
541260.0,576.9274480152155,57.45941752325411
541320.0,387.848928616676,57.32205384515525
541380.0,559.2206908449178,57.229708862151284
541440.0,420.4597906572736,57.09656107861678
541500.0,448.9977624712351,56.996451604650765
541560.0,519.4570060143551,56.88954737549095
541620.0,562.6724728472633,56.765867135963724
541680.0,422.3596768337005,56.631897499571515
541740.0,463.7045476999379,56.531335671753965
541800.0,503.17882160027926,56.4209298270635
541860.0,489.0000153803659,56.30112534573011
541920.0,554.2631232330663,56.18469677063954
541980.0,711.998944483839,56.05272936034595
542040.0,533.8061962096602,55.883205802135514
542100.0,467.3191224303423,55.75610908875226
542160.0,436.40336085781195,55.64484263103075
542220.0,497.4192813557898,55.54093706892174
542280.0,463.23658795305295,55.422503906694175
542340.0,550.3967494399682,55.312209480991065
542400.0,552.1310645623996,55.18116263588631
542460.0,499.8582125963216,55.04970285860955
542520.0,649.355391847908,54.930688998467566
542580.0,488.7110039632738,54.77608057183711
542640.0,528.2204208643149,54.659720808988716
542700.0,576.2519067929217,54.53395404211626
542760.0,593.9074604250412,54.39675120716556
542820.0,619.485682751232,54.25534466896912
542880.0,570.9514659120782,54.10784807783788
542940.0,610.669453097652,53.97190725262072
543000.0,510.0424216806727,53.82650976378794
543060.0,607.3280494001837,53.705071091959205
543120.0,608.7799050181831,53.56046917543535
543180.0,647.480005712787,53.41552157900245
543240.0,458.7677563708967,53.26135967288036
543300.0,506.5653545223152,53.15212925469681
543360.0,612.4614114262384,53.031518456001024
543420.0,406.0207728584105,52.88569431042335
543480.0,596.6046873156298,52.789022697838014
543540.0,632.6051756519753,52.646973962762864
543600.0,536.316859653184,52.49635368284573
543660.0,546.2755847487019,52.368659192452114
543720.0,508.24096731338204,52.23859357703576
543780.0,541.5984037335955,52.117583822913524
543840.0,543.2044707410334,51.98863182202457
543900.0,531.3583167963526,51.85929742422909
543960.0,527.3662646436153,51.73278353927758
544020.0,554.4110184300416,51.60722014293386
544080.0,552.4895790193426,51.47521751949814
544140.0,680.4996185631863,51.34367238163639
544200.0,542.7569390607083,51.18164866293087
544260.0,585.201542770509,51.052420820297364
544320.0,527.8787118155261,50.913087119637716
544380.0,524.8554451581871,50.78740171206259
544440.0,455.5137729234565,50.66243612988207
544500.0,460.84856495866006,50.5539804696622
544560.0,479.8788506942745,50.444254620862516
544620.0,560.3060118912449,50.32999775164959
544680.0,610.6605806028757,50.196591558342156
544740.0,435.519748088743,50.05119618200814
544800.0,506.2307392123092,49.94750100389177
544860.0,453.4464820310484,49.82696987550789
544920.0,515.7191449289514,49.71900642740526
544980.0,592.0713359159921,49.59621615480313
545040.0,496.49733074841527,49.45524678910885
545100.0,516.0821400989132,49.33703313893066
545160.0,601.7094967521034,49.214156438907104
545220.0,537.1741365407402,49.07089227301375
545280.0,459.2423498421996,48.94299366907548
545340.0,509.375837921923,48.83365025244638
545400.0,445.02806030488233,48.7123702910364
545460.0,514.5987266564434,48.60641122905905
545520.0,514.8294177507508,48.483887722712275
545580.0,396.2706745110166,48.36130928991448
545640.0,483.0541424877315,48.26695912931662
545700.0,459.59098740707486,48.15194623824811
545760.0,493.28311656718074,48.042519812674996
545820.0,504.2988616595918,47.92507145158757
545880.0,476.74064319869956,47.80500029404957
545940.0,423.4393407381088,47.6914906170975
546000.0,491.03124910755673,47.59067172644557
546060.0,375.91300474216735,47.473759524277106
546120.0,342.1971836359299,47.384256427909925
546180.0,222.71103942261288,47.302780907996606
546240.0,-2423.21366474795,47.249754470038845
546300.0,-2475.557424148418,47.826710104502645
546360.0,-2409.7859533527967,48.4161285388237
546420.0,-2559.436969685644,48.9898870991458
546480.0,-2487.6300174542152,49.599276853832855
546540.0,-2428.3413044477065,50.19156971513148
546600.0,300.07638828626295,50.769746216190455
546660.0,378.4243625387073,50.698299457074675
546720.0,312.3328407329943,50.60819841837498
546780.0,335.55548743784186,50.533833456295696
546840.0,364.88953349228825,50.45393929262002
546900.0,377.89196007581273,50.36706083226471
546960.0,317.70754272446953,50.27708655605618
547020.0,254.64278294752654,50.20144190302655
547080.0,267.2197982301403,50.14081266899142
547140.0,324.0333051448045,50.07718890750806
547200.0,215.55155664685037,50.00003812056882
547260.0,257.0523231237674,49.948716321367186
547320.0,235.39341613599913,49.8875133872901
547380.0,243.05734326513897,49.831467335829146
547440.0,179.3189930113142,49.77359653981364
547500.0,119.2823569547727,49.730901541477614
547560.0,252.074710547167,49.702500980297906
547620.0,269.0191302633592,49.64248319207239
547680.0,93.89369760132456,49.57843101820016
547740.0,213.7264859340557,49.55607537591413
547800.0,246.66430376133786,49.50518811735841
547860.0,207.42802349013976,49.446458521224756
547920.0,136.59273563960778,49.397070896584246
547980.0,94.82424437735045,49.36454881667005
548040.0,146.05723196265131,49.34197161562783
548100.0,145.75556217064178,49.30719608420815
548160.0,126.2541655504042,49.27249237892943
548220.0,99.24419494283143,49.24243186332219
548280.0,34.570987611578516,49.2188022930977
548340.0,114.3024272464238,49.210571105571134
548400.0,106.53861880005462,49.183356241941034
548460.0,79.620036392916,49.1579899041315
548520.0,63.45278595505596,49.139032752609374
548580.0,146.7116495798627,49.1239249464296
548640.0,-2.3995261220671864,49.088993601291534
548700.0,101.00078391741926,49.089564917034885
548760.0,-30.9284124195774,49.06551711134026
548820.0,68.59730669364808,49.07288101905921
548880.0,64.96031265675026,49.056548326989294
548940.0,-37.774130006140524,49.04108158588054
549000.0,68.27201944755063,49.05007542635819
549060.0,-14.481797905011717,49.033820183632585
549120.0,-106.54006883075994,49.03726823075283
549180.0,-87.67258647533924,49.06263491380777
549240.0,-8.614742775842387,49.08350933915904
549300.0,-32.58984812200015,49.085560468391385
549360.0,-162.8835120090664,49.09331995603948
549420.0,-119.2161564841054,49.13210174461307
549480.0,-110.13941870587257,49.160486543775946
549540.0,-164.3257961206903,49.186710214896394
549600.0,-3.947112573153504,49.22583540444894
549660.0,-142.96592407087752,49.22677519315683
549720.0,-172.2884528766491,49.26081469888799
549780.0,-108.74421188381325,49.30183575909672
549840.0,-213.74349882165944,49.32772723811667
549900.0,-143.0385990392299,49.37861854735993
549960.0,-315.2182423247802,49.41267535665498
550020.0,-254.05839554382442,49.48772731911326
550080.0,-175.59295101064248,49.54821741329036
550140.0,-156.03488438497527,49.59002525876908
550200.0,-308.36401064095486,49.627176421717884
550260.0,-327.0834575986997,49.700596424251444
550320.0,-251.38208153101777,49.77847343796542
550380.0,-334.5508932231056,49.83832631452042
550440.0,-325.0273021220434,49.917981289097355
550500.0,-268.07438313468094,49.995368741983555
550560.0,-365.05170168994135,50.05919597606324
550620.0,-462.077393449407,50.14611304789418
550680.0,-433.9611707011523,50.25613147490595
550740.0,-367.03961625190357,50.359455563168126
550800.0,-491.17841468802715,50.446845947990006
550860.0,-408.93261484049583,50.56379318958239
550920.0,-486.3513218521578,50.661158097877745
550980.0,-316.1430214865715,50.77695603165207
551040.0,-296.3346656820072,50.852228179625065
551100.0,-501.4276996400857,50.9227840524065
551160.0,-434.21058749534615,51.042171599939856
551220.0,-518.9069655326433,51.145555073153034
551280.0,-491.4935512979026,51.269104350660804
551340.0,-376.3624369235421,51.38612662477935
551400.0,-524.1908922483356,51.47573672880876
551460.0,-524.952730593843,51.600544084105984
551520.0,-575.9240081758231,51.72553282948547
551580.0,-462.16249539440605,51.86265759333686
551640.0,-738.2702991755226,51.972696282716484
551700.0,-580.5604302584841,52.14847492537732
551760.0,-568.2409527928157,52.28670359924839
551820.0,-616.6235978017972,52.42199906419906
551880.0,-536.5924705656689,52.56881420653283
551940.0,-527.7040014446416,52.696574318572274
552000.0,-695.9417880295565,52.82221812844005
552060.0,-496.97650938526965,52.987918554161375
552120.0,-719.3192373965004,53.1062462944912
552180.0,-567.9147935814551,53.27751277958561
552240.0,-647.5220691819143,53.412730587581194
552300.0,-697.9823297370747,53.566902508814984
552360.0,-703.539537840652,53.7330887778
552420.0,-692.173584784199,53.90059819157158
552480.0,-688.8104121926076,54.06540142604401
552540.0,-767.6441389585776,54.22940390513749
552600.0,-737.5567744983503,54.412176319175245
552660.0,-780.8117498166291,54.587785075008185
552720.0,-818.4902796623008,54.773692634488334
552780.0,-805.6063024413745,54.96857127250317
552840.0,-836.5101957562243,55.16038229689397
552900.0,-803.6284356080749,55.35955139112164
552960.0,-763.340874723126,55.55089149483785
553020.0,-792.8792996722376,55.73263932215288
553080.0,-692.4556468318723,55.921420107789125
553140.0,-954.2993424153408,56.08629049989195
553200.0,-804.2285200557565,56.31350462903846
553260.0,-842.6811582248279,56.50498761000412
553320.0,-804.7637310988272,56.70562598101003
553380.0,-821.3134258972175,56.89723639317642
553440.0,-884.7576757412189,57.092787208866234
553500.0,-875.0150263260289,57.30344379832843
553560.0,-940.4929579702389,57.51178070935844
553620.0,-869.4611607824731,57.73570760411326
553680.0,-1029.40582710854,57.94272216620433
553740.0,-880.4128432959592,58.18781879170636
553800.0,-938.7195873463852,58.39744089725302
553860.0,-976.8169764211717,58.62094556090692
553920.0,-971.7663911413922,58.85352103148339
553980.0,-977.5441508190877,59.08489398175515
554040.0,-900.2887335691719,59.317642589093026
554100.0,-794.2083099997192,59.53199704946664
554160.0,-925.072832825011,59.72109426613324
554220.0,-1042.1877675812918,59.94134970252015
554280.0,-980.4402482150897,60.18948964718236
554340.0,-987.7419666610756,60.422927801519286
554400.0,-1093.521372033607,60.65810446024811
554460.0,-1123.4849914662566,60.918466691684685
554520.0,-1061.41433493819,61.18596311822427
554580.0,-1018.8904645407356,61.438680817019076
554640.0,-1173.7517166650816,61.68127378476687
554700.0,-1129.9421202422914,61.96073847921094
554760.0,-1061.9287765504057,62.22977231736387
554820.0,-1103.3385782283751,62.48261250225682
554880.0,-1030.374066110671,62.74531216373977
554940.0,-1209.495283965248,62.99063932233755
555000.0,-993.1002567592489,63.27861438994832
555060.0,-1235.8806803286436,63.51506683203386
555120.0,-1274.6759092030943,63.80932413687401
555180.0,-1165.739687071026,64.11281840096999
555240.0,-1239.5050861825268,64.39037546932023
555300.0,-1182.9492338877578,64.68549572793512
555360.0,-1194.187484142868,64.9671503074322
555420.0,-1210.6038584562393,65.25148066079956
555480.0,-1258.449084554,65.53971967471772
555540.0,-1190.9454807012962,65.83935040913533
555600.0,-1244.8988439933257,66.12290885692136
555660.0,-1168.5457634513634,66.41931334358644
555720.0,-1254.4482334931063,66.69753852536057
555780.0,-1310.3181242874623,66.99621667619226
555840.0,-1362.4683653292293,67.30819718197499
555900.0,-1280.251759641395,67.63259441181528
555960.0,-1354.7498737992225,67.93741625934894
556020.0,-1368.220597028557,68.25997575311065
556080.0,-1264.153550389673,68.58574256192698
556140.0,-1410.9920489133617,68.88673150249595
556200.0,-1228.083788004604,69.22268199033246
556260.0,-1311.6685778147873,69.51508289223833
556320.0,-1332.2708485784756,69.82738493457518
556380.0,-1400.0674708463584,70.14459227947482
556440.0,-1300.412827477385,70.47794167729538
556500.0,-1354.6954715178076,70.78756377907571
556560.0,-1403.885274792961,71.11011031991329
556620.0,-1358.8805154333859,71.44436871867352
556680.0,-1479.9397942339397,71.76791169853861
556740.0,-1485.1470400343078,72.12027831621336
556800.0,-1462.2453233356043,72.47388475431677
556860.0,-1382.021192669289,72.82203840273002
556920.0,-1411.0988447873988,73.15109106765128
556980.0,-1355.8268725034254,73.48706698307684
557040.0,-1481.7789867668796,73.80988290510147
557100.0,-1399.8650927035233,74.16268742576025
557160.0,-1448.8944780806744,74.49598863830872
557220.0,-1506.3134646587423,74.84096351404222
557280.0,-1434.2321367930072,75.19960957705621
557340.0,-1468.882396237955,75.54109341914977
557400.0,-1510.191073166551,75.89082732301596
557460.0,-1477.3972653258925,76.25039662615085
557520.0,-1495.1132759586637,76.60215787979986
557580.0,-1503.937831060989,76.95813723121859
557640.0,-1526.7979784103813,77.31621766718548
557700.0,-1587.6157866778044,77.67974099537844
557760.0,-1512.0599686523158,78.05774475411125
557820.0,-1571.8861992265752,78.4177590323618
557880.0,-1592.0708233378637,78.79201765122527
557940.0,-1552.3710327780614,79.17108213297237
558000.0,-1500.915479582186,79.54069428363381
558060.0,-1540.7982517857427,79.89805511210577
558120.0,-1590.7314231643527,80.26491183872142
558180.0,-1600.0211972888258,80.64365741566532
558240.0,-1534.4187701975561,81.02461484359122
558300.0,-1723.148305305386,81.38995264601921
558360.0,-1538.228184191344,81.80022605204431
558420.0,-1705.1861537370792,82.16647085780416
558480.0,-1684.2938708752665,82.57246756107489
558540.0,-1636.79846505958,82.97348991128328
558600.0,-1482.2569774687636,83.36320383153556
558660.0,-1518.28982793274,83.71612215950431
558720.0,-1582.9647991281888,84.07761973758353
558780.0,-1610.3289653062102,84.45451611832834
558840.0,-1749.7737936953736,84.83792777673459
558900.0,-1634.8954314580803,85.2545405847573
558960.0,-1683.4658883766738,85.64380140177113
559020.0,-1705.6722146895263,86.04462661328938
559080.0,-1653.4909576364128,86.45073904535832
559140.0,-1697.1003111763264,86.84442736860508
559200.0,-1622.6776316449527,87.24849887126611
559260.0,-1796.9419562961607,87.63485068832443
559320.0,-1682.1800674874487,88.06269401125209
559380.0,-1745.269529245696,88.46321307493957
559440.0,-1722.8914916857916,88.8787534390457
559500.0,-1685.771947796074,89.28896569897088
559560.0,-1776.7705815907336,89.69033997225566
559620.0,-1705.5069843978563,90.11338058692012
559680.0,-1733.6760735554178,90.51945367844341
559740.0,-1766.0917660991665,90.93223369595661
559800.0,-1760.1574191075733,91.35273173550404
559860.0,-1746.6082798724365,91.77181683529156
559920.0,-1788.762871791022,92.1876759495469
559980.0,-1747.5697824960353,92.6135718714019
560040.0,-1769.933910543768,93.02965991485334
560100.0,-1795.1130566723689,93.4510727506971
560160.0,-1668.1831272118068,93.87848062133337
560220.0,-1743.7414248613509,94.27566708019332
560280.0,-1796.6451519234656,94.69084360992221
560340.0,-1769.9016653626609,95.11861626514208
560400.0,-1845.1774850447355,95.54002142356177
560460.0,-1814.6335083776519,95.97934939619147
560520.0,-1812.4345810721138,96.41140499342424
560580.0,-1872.7839154707156,96.84293703653665
560640.0,-1779.424847839563,97.28883796879158
560700.0,-1837.6359644997947,97.71251055161052
560760.0,-1833.2034551381087,98.0
560820.0,-1850.5178804955522,98.0
560880.0,-1643.3113091634925,98.0
560940.0,-1865.0183725188183,98.0
561000.0,-1953.7293051844265,98.0
561060.0,-1929.8941793623112,98.0
561120.0,-1792.5718697309985,98.0
561180.0,-1762.116669546718,98.0
561240.0,-1887.3273506515231,98.0
561300.0,-1773.7399586021213,98.0
561360.0,-1809.9805383934072,98.0
561420.0,-1869.7851755770562,98.0
561480.0,-1877.9248548344544,98.0
561540.0,-1855.2687074375335,98.0
561600.0,-1817.2374017920943,98.0
561660.0,-1849.7517493735058,98.0
561720.0,-1917.8432923919815,98.0
561780.0,-1891.2731451073596,98.0
561840.0,-1765.4712598604053,98.0
561900.0,-1872.7408624853517,98.0
561960.0,-1839.0609293574594,98.0
562020.0,-1862.1741267225725,98.0
562080.0,-1881.4524052851718,98.0
562140.0,-1894.5583213234665,98.0
562200.0,-1850.4028149393637,98.0
562260.0,-1864.2331994051826,98.0
562320.0,-1894.5629639648237,98.0
562380.0,-1955.0063974520501,98.0
562440.0,-1893.1703031130105,98.0
562500.0,-1923.1864855568058,98.0
562560.0,-1940.4624165880318,98.0
562620.0,-1763.980314894243,98.0
562680.0,-2019.7284087600015,98.0
562740.0,-1872.4915497296884,98.0
562800.0,-1984.3179938308194,98.0
562860.0,-1927.1797417376388,98.0
562920.0,-1783.3681672550074,98.0
562980.0,-1997.5956164250606,98.0
563040.0,-1985.5939053684936,98.0
563100.0,-1945.458352982184,98.0
563160.0,-1997.4243469126316,98.0
563220.0,-1895.6694742220122,98.0
563280.0,-1982.84378190451,98.0
563340.0,-1913.528144394161,98.0
563400.0,-2034.454238802308,98.0
563460.0,-2064.984327060595,98.0
563520.0,-1972.1223790774743,98.0
563580.0,-2054.2398133581964,98.0
563640.0,-1870.7164148748325,98.0
563700.0,-2055.2210365328297,98.0
563760.0,-2027.2513063750296,98.0
563820.0,-1941.667122799093,98.0
563880.0,-2003.0972314131168,98.0
563940.0,-2060.3865562516457,98.0
564000.0,-1848.1900574191332,98.0
564060.0,-2031.9272522957658,98.0
564120.0,-1984.7826432359561,98.0
564180.0,-1986.6732584338138,98.0
564240.0,-1932.5542231738045,98.0
564300.0,-1948.4191759096502,98.0
564360.0,-2026.6923795559885,98.0
564420.0,-1997.494345585067,98.0
564480.0,-1992.3568170606152,98.0
564540.0,-1934.5369874362973,98.0
564600.0,-2050.2432535337584,98.0
564660.0,-1859.6629516122935,98.0
564720.0,-2026.842472500546,98.0
564780.0,-1982.2945307299428,98.0
564840.0,-2051.7832227739896,98.0
564900.0,-2060.423859504276,98.0
564960.0,-2035.286642653105,98.0
565020.0,-2041.2750941023464,98.0
565080.0,-2008.0580186021925,98.0
565140.0,-2042.0355205165424,98.0
565200.0,-1941.5956158383724,98.0
565260.0,-2030.2750558195291,98.0
565320.0,-2036.828332136132,98.0
565380.0,-2006.6170378489214,98.0
565440.0,-1923.244206213369,98.0
565500.0,-1969.6337401448868,98.0
565560.0,-1988.1556047236459,98.0
565620.0,-2067.7410071057066,98.0
565680.0,-2049.8410997662577,98.0
565740.0,-2057.439663629022,98.0
565800.0,-1901.7166959522492,98.0
565860.0,-1947.6229373433132,98.0
565920.0,-2030.4191927649458,98.0
565980.0,-2011.785812229029,98.0
566040.0,-2026.5788239491967,98.0
566100.0,-2029.287371870387,98.0
566160.0,-1947.5283483896164,98.0
566220.0,-1991.3457636615367,98.0
566280.0,-1848.1072203837725,98.0
566340.0,-1896.7759531499808,98.0
566400.0,-1891.98559397432,98.0
566460.0,-1928.966535904889,98.0
566520.0,-1993.237763625796,98.0
566580.0,-1930.577815840099,98.0
566640.0,-1985.8791268971281,98.0
566700.0,-1865.573410303868,98.0
566760.0,-1937.5109980362015,98.0
566820.0,-1944.3409771855809,98.0
566880.0,-1950.7101998225583,98.0
566940.0,-1852.1077338525124,98.0
567000.0,-2040.6751770771216,98.0
567060.0,-1842.4166838163178,98.0
567120.0,-1961.8844211514827,98.0
567180.0,-2033.0228998613786,98.0
567240.0,-1991.6629324311157,98.0
567300.0,-2043.3928819969674,98.0
567360.0,-1902.8769441748777,98.0
567420.0,-2002.0837306901667,98.0
567480.0,-1927.2939002468777,98.0
567540.0,-1866.926849043719,98.0
567600.0,-1972.8050061543147,98.0
567660.0,-1946.0126479871672,98.0
567720.0,-2005.5092853158872,98.0
567780.0,-1947.9281164241042,98.0
567840.0,-1767.443327403314,98.0
567900.0,-1872.4055814871153,98.0
567960.0,-1932.1011142606333,98.0
568020.0,-1949.99330293515,98.0
568080.0,-1912.8638948995929,98.0
568140.0,-1899.4559825310616,98.0
568200.0,-1929.2957424636893,98.0
568260.0,-1869.1800686917004,98.0
568320.0,-1954.9621928157646,98.0
568380.0,-1951.9701263577667,98.0
568440.0,-1868.9065995977603,98.0
568500.0,-1957.8283736778283,98.0
568560.0,-1840.5005988849475,98.0
568620.0,-1881.5706066939515,98.0
568680.0,-1986.8009776806966,98.0
568740.0,-1866.909801000496,98.0
568800.0,-1970.8826922300505,98.0
568860.0,-1824.4072977138524,98.0
568920.0,-1877.1081361553263,98.0
568980.0,-1747.2377754908553,98.0
569040.0,-1790.0830654110318,98.0
569100.0,-1914.0040131968674,98.0
569160.0,-1967.5492662925385,98.0
569220.0,-1887.4953141923472,98.0
569280.0,-1911.291241793612,98.0
569340.0,-1724.2402216124658,98.0
569400.0,-1830.114635781157,98.0
569460.0,-1769.1445213704737,98.0
569520.0,-1837.8482195085326,98.0
569580.0,-1827.0661305758913,98.0
569640.0,-1813.7266020830355,98.0
569700.0,-1740.8028874022334,98.0
569760.0,-1783.8675785315602,98.0
569820.0,-1861.3186504495015,98.0
569880.0,-1695.7852549663241,98.0
569940.0,-1805.9066346245036,98.0
570000.0,-1810.81482388321,98.0
570060.0,-1948.344350689717,98.0
570120.0,-1735.5451732066817,98.0
570180.0,-1762.5284037572421,98.0
570240.0,-1757.5187324766216,98.0
570300.0,-1782.554158672625,98.0
570360.0,-1787.7136542241858,98.0
570420.0,-1770.13701732124,98.0
570480.0,-1714.8800549311202,98.0
570540.0,-1698.9762704735253,98.0
570600.0,-1745.7851840021194,98.0
570660.0,-1669.5335225012418,98.0
570720.0,-1725.7014489091314,98.0
570780.0,-1745.6567636132145,98.0
570840.0,-1697.8855925838131,98.0
570900.0,-1785.6884435923114,98.0
570960.0,-1684.4444902341281,98.0
571020.0,-1785.168661570927,98.0
571080.0,-1748.4795339384675,98.0
571140.0,-1802.0638361305357,98.0
571200.0,-1685.524279355575,98.0
571260.0,-1572.46284750926,98.0
571320.0,-1670.0379967390293,98.0
571380.0,-1618.3199457516473,98.0
571440.0,-1509.6672752078387,98.0
571500.0,-1620.3833938377056,98.0
571560.0,-1684.3099252584343,98.0
571620.0,-1669.7718267536764,98.0
571680.0,-1625.7490051278505,98.0
571740.0,-1657.383472151767,98.0
571800.0,-1646.4670486332282,98.0
571860.0,-1547.3896001255007,98.0
571920.0,-1538.409666931681,98.0
571980.0,-1692.2182378601087,98.0
572040.0,-1635.8721749776619,98.0
572100.0,-1607.951486354098,98.0
572160.0,-1537.4472450269527,98.0
572220.0,-1498.0417803842586,98.0
572280.0,-1397.6945852347435,98.0
572340.0,-1580.8922534384096,98.0
572400.0,-1570.987859333012,98.0
572460.0,-1503.775541022188,98.0
572520.0,-1573.0219140452252,98.0
572580.0,-1533.4995943114518,98.0
572640.0,-1542.851183440148,98.0
572700.0,-1668.109429388701,98.0
572760.0,-1496.2320210531736,98.0
572820.0,-1507.3382580351658,98.0
572880.0,-1412.8483295297922,98.0
572940.0,-1481.4736086501173,98.0
573000.0,-1549.7242132752058,98.0
573060.0,-1482.5173621514753,98.0
573120.0,-1585.04444244788,98.0
573180.0,-1524.7388044672043,98.0
573240.0,-1406.4141030255491,98.0
573300.0,-1451.8023227170208,98.0
573360.0,-1373.9857900984673,98.0
573420.0,-1539.6814054184244,98.0
573480.0,-1428.5045829565604,98.0
573540.0,-1434.7343660245185,98.0
573600.0,-1341.0573521084184,98.0
573660.0,-1350.20533183094,98.0
573720.0,-1344.1572259374102,98.0
573780.0,-1282.287682381297,98.0
573840.0,-1388.8963604668227,98.0
573900.0,-1278.7042996564076,98.0
573960.0,-1413.4189487030203,98.0
574020.0,-1407.5363362051307,98.0
574080.0,-1289.3958781730141,98.0
574140.0,-1416.682275975434,98.0
574200.0,-1283.8294597453569,98.0
574260.0,-1303.8748271154582,98.0
574320.0,-1237.361581096623,98.0
574380.0,-1296.919663218128,98.0
574440.0,-1281.6317734903648,98.0
574500.0,-1246.0421504915337,98.0
574560.0,-1307.922268546327,98.0
574620.0,-1302.063076408312,98.0
574680.0,-1222.7147426520958,98.0
574740.0,-1244.3902495594516,98.0
574800.0,-1258.4872016406562,98.0
574860.0,-1230.393965083833,98.0
574920.0,-1121.0953219102898,98.0
574980.0,-1234.6556453313292,98.0
575040.0,-1227.6652966825307,98.0
575100.0,-1293.0245385763121,98.0
575160.0,-1184.3172694264003,98.0
575220.0,-2926.3104613587857,98.0
575280.0,-2906.6794516942264,98.0
575340.0,-2941.4513665746435,98.0
575400.0,-2881.652969749309,98.0
575460.0,-2886.153459876276,98.0
575520.0,-2854.240570460314,98.0
575580.0,-2852.915988662065,98.0
575640.0,-2808.698547721434,98.0
575700.0,-2903.9687141961795,98.0
575760.0,-2964.2675514260677,98.0
575820.0,-2835.6452170133466,98.0
575880.0,-1026.6425499445145,98.0
575940.0,-970.0357566369979,98.0
576000.0,-978.0859389821587,98.0
576060.0,-928.9313085114431,98.0
576120.0,-999.1334038990747,98.0
576180.0,-1013.2299631540269,98.0
576240.0,-1100.6607906407621,98.0
576300.0,-989.6487463412682,98.0
576360.0,-1031.827288923855,98.0
576420.0,-976.4991357018553,98.0
576480.0,-976.4019823246958,98.0
576540.0,-941.8224736205304,98.0
576600.0,-966.3910183289706,98.0
576660.0,-894.8459179308541,98.0
576720.0,-1104.7039066909767,98.0
576780.0,-920.254417753287,98.0
576840.0,-849.8161994051195,98.0
576900.0,-800.0467058146952,98.0
576960.0,-858.5887522879677,98.0
577020.0,-791.6433666426732,98.0
577080.0,-872.8035191616862,98.0
577140.0,-872.9449905789047,98.0
577200.0,-831.5029314717942,98.0
577260.0,-853.5850377548538,98.0
577320.0,-890.4350562663666,98.0
577380.0,-864.4833017781865,98.0
577440.0,-890.3487309138969,98.0
577500.0,-781.9433338960218,98.0
577560.0,-802.964934987717,98.0
577620.0,-815.2445279780111,98.0
577680.0,-817.5840932958135,98.0
577740.0,-743.2125450571086,98.0
577800.0,-716.599410218246,98.0
577860.0,-821.1454046471073,98.0
577920.0,-820.4421739013865,98.0
577980.0,-675.7556721029437,98.0
578040.0,-805.3584736314605,98.0
578100.0,-679.8049062465218,98.0
578160.0,-605.4230270665789,98.0
578220.0,-595.0471838822432,98.0
578280.0,-637.6732508127286,98.0
578340.0,-629.1424274888045,98.0
578400.0,-526.2634248507692,98.0
578460.0,-791.1303962281788,98.0
578520.0,-668.5979292807908,98.0
578580.0,-579.4822010804182,98.0
578640.0,-640.2660972329861,98.0
578700.0,-535.2630419513077,98.0
578760.0,-601.616011614336,98.0
578820.0,-580.9398000535509,98.0
578880.0,-594.8996913136066,98.0
578940.0,-599.3302526230668,98.0
579000.0,-590.3526760574949,98.0
579060.0,-530.78918695956,98.0
579120.0,-583.0532645939445,98.0
579180.0,-468.89491134470586,98.0
579240.0,-476.3896514540908,98.0
579300.0,-439.10292567258415,98.0
579360.0,-562.277327954472,98.0
579420.0,-585.9742188046389,98.0
579480.0,-473.7109005402683,98.0
579540.0,-288.97679160181804,98.0
579600.0,-376.3689026499967,98.0
579660.0,-475.03692981684094,98.0
579720.0,-405.7208693984875,98.0
579780.0,-376.95116644107264,98.0
579840.0,-492.1184191871109,98.0
579900.0,-317.24091028908316,98.0
579960.0,-398.8624853392034,98.0
580020.0,-383.65235561403426,98.0
580080.0,-366.1754494466501,98.0
580140.0,-288.3183773548259,98.0
580200.0,-391.68789122600776,98.0
580260.0,-438.1799551276513,98.0
580320.0,-305.7685564302014,98.0
580380.0,-437.14952470205577,98.0
580440.0,-321.9811989032741,98.0
580500.0,-222.0889909674724,98.0
580560.0,-247.94455589438377,98.0
580620.0,-209.54061141100158,98.0
580680.0,-224.256501077848,98.0
580740.0,-106.25773464560723,98.0
580800.0,-275.57781911793626,98.0
580860.0,-205.80741029258047,98.0
580920.0,-245.40146849498495,98.0
580980.0,-151.1329936073197,98.0
581040.0,-201.67114526978838,98.0
581100.0,-84.29116196575171,98.0
581160.0,-208.72651184553519,98.0
581220.0,-81.91705212009913,98.0
581280.0,-120.23565496013941,98.0
581340.0,-147.26428583430373,98.0
581400.0,-102.27681909792409,98.0
581460.0,-108.66932093262045,98.0
581520.0,-92.52577309398623,98.0
581580.0,-115.85020422098376,98.0
581640.0,-135.10613731419443,98.0
581700.0,-102.70698077643772,98.0
581760.0,-173.20331104182935,98.0
581820.0,-11.33064951487728,98.0
581880.0,-125.61240342067322,98.0
581940.0,-54.23953680075317,98.0
582000.0,7.999639446811329,98.0
582060.0,29.75310666108942,97.99809532394123
582120.0,-116.84382658645666,97.99101125092669
582180.0,-5.65710091441855,98.0
582240.0,37.628341705601656,98.0
582300.0,23.324744182657298,97.99104087102248
582360.0,110.97747961617182,97.9854873605028
582420.0,-8.878310572886505,97.95906415107038
582480.0,-72.44851119117936,97.96117803454011
582540.0,109.14290293679625,97.97842768006183
582600.0,38.2918772241992,97.95244127460069
582660.0,-25.038602032069434,97.94332416097588
582720.0,80.88172116403314,97.94928573288827
582780.0,174.10515415415358,97.93002818023017
582840.0,34.31503294713667,97.88857457209822
582900.0,260.0664724386354,97.88040432615843
582960.0,79.38704682028441,97.81848373748257
583020.0,144.58919827099265,97.79958205966821
583080.0,75.88324245689347,97.76515606007987
583140.0,161.14312703954755,97.74708862139966
583200.0,160.1882587434369,97.70872121019977
583260.0,88.36002732292286,97.6705811485942
583320.0,356.7443152448214,97.64954304685064
583380.0,166.8865778942959,97.5646039241733
583440.0,176.29679583050944,97.52486902467466
583500.0,273.4086102027719,97.48289359709597
583560.0,333.3663434033033,97.41779630895245
583620.0,301.2830388649621,97.3384233700469
583680.0,170.75145815282724,97.26668931317428
583740.0,264.72036596386954,97.22603420409028
583800.0,148.00359539501986,97.16300554552745
583860.0,323.9233438320812,97.12776659424293
583920.0,180.5782154461691,97.05064198856863
583980.0,239.29763104601648,97.00764717536715
584040.0,296.0279169041653,96.95067154892763
584100.0,331.57911102910197,96.8801887115695
584160.0,297.8080617396429,96.80124130418162
584220.0,413.11956453306004,96.73033462281504
584280.0,373.80255028504587,96.63197282173573
584340.0,377.44673317715285,96.54297221452501
584400.0,273.27389149072803,96.45310394472092
584460.0,457.1924939925656,96.38803873246123
584520.0,315.15488065910256,96.2791833767487
584580.0,475.61368097318655,96.2041465004013
584640.0,500.6272043227741,96.09090514778863
584700.0,417.89928217680847,95.97170819437845
584760.0,456.8130487587934,95.87220836528873
584820.0,217.57534675867163,95.76344335367949
584880.0,398.4124182374331,95.71163969968933
584940.0,483.7061037455425,95.61677960010898
585000.0,480.40970810874325,95.50161148016957
585060.0,359.0156333433886,95.38722821633415
585120.0,421.73029047881255,95.30174830363335
585180.0,294.21844815895054,95.20133632970982
585240.0,478.11636871369365,95.1312843182434
585300.0,347.16054738951175,95.01744708759729
585360.0,534.6966897664606,94.93478981440931
585420.0,544.4207661209721,94.80748107875063
585480.0,451.46306104883377,94.67785708681706
585540.0,517.5448795585322,94.57036588180543
585600.0,479.4578799079449,94.44714091048196
585660.0,513.0826097537212,94.33298427240864
585720.0,435.6820706450315,94.21082174627679
585780.0,547.6781344131176,94.10708791993274
585840.0,417.5257452951755,93.9766883641201
585900.0,411.7223087665402,93.87727747238314
585960.0,519.5719487628226,93.77924835124826
586020.0,519.4257369103747,93.65554074439997
586080.0,553.4886824818938,93.5318679498975
586140.0,503.0617497275895,93.40008493025896
586200.0,659.8797923834832,93.28030832318096
586260.0,560.8973565423034,93.12319408689918
586320.0,569.5644519937828,92.98964709724625
586380.0,571.5533397366863,92.8540365134382
586440.0,623.8064545655251,92.71795238492946
586500.0,601.8749140796521,92.56942703860433
586560.0,597.2667961466151,92.42612348763299
586620.0,618.0599960282367,92.28391710759809
586680.0,467.26373752129695,92.13675996568661
586740.0,471.98691708451315,92.0255066948482
586800.0,576.5222893992811,91.91312885744713
586860.0,570.4333859430684,91.7758616456854
586920.0,618.253650810988,91.64004417284181
586980.0,585.800132772596,91.49284092264872
587040.0,620.6074834660319,91.35336470056001
587100.0,512.0183559260338,91.20560101402047
587160.0,587.129517001866,91.08369188165713
587220.0,508.2921720344467,90.94389913951383
587280.0,612.909348224511,90.82287719379134
587340.0,477.90363452851886,90.67694639659503
587400.0,612.3624489351483,90.56315981694539
587460.0,504.1469130441463,90.4173592338656
587520.0,570.057868064056,90.29732425456938
587580.0,647.5071980139213,90.1615961907446
587640.0,608.1554064875456,90.0074278102651
587700.0,496.4328774369127,89.86262890395854
587760.0,555.4473149412909,89.74443059980689
587820.0,506.285032869156,89.61218123910658
587880.0,495.2171651945884,89.49163718366154
587940.0,604.4553316738762,89.37372833480569
588000.0,631.464061277861,89.22981039869286
588060.0,624.69072296038,89.07946181267432
588120.0,634.777620541152,88.93072592625519
588180.0,598.2283063911691,88.77958839755492
588240.0,582.8196726549642,88.6371530865094
588300.0,535.0761334670963,88.49838649778202
588360.0,573.249711332124,88.3709874183851
588420.0,520.52470643833,88.23449939187745
588480.0,549.2036592875256,88.11056493796356
588540.0,605.3140079548162,87.97980216194271
588600.0,592.9316347475446,87.83567977909632
588660.0,783.8620780022203,87.69450558034691
588720.0,519.1658550648403,87.50787175225115
588780.0,592.2996863079933,87.38426083437857
588840.0,514.2305649649304,87.24323709954334
588900.0,576.1931405326382,87.12080125074216
588960.0,578.3974948530512,86.9836124077582
589020.0,649.6357590183064,86.84589871850747
589080.0,571.6400192952916,86.69122353778883
589140.0,586.7751917140691,86.55511877128995
589200.0,572.0270829159216,86.41541039231042
589260.0,513.3324364624052,86.27921346780663
589320.0,557.7765328633136,86.15699145912511
589380.0,573.451541492735,86.02418752272908
589440.0,600.2204986273154,85.88765144142128
589500.0,628.7093280938602,85.74474179889097
589560.0,580.4368165889789,85.59504910172576
589620.0,578.6809606880856,85.45684985968077
589680.0,489.8207461481406,85.31906867856456
589740.0,624.6709469333541,85.20244469138643
589800.0,549.7099697936931,85.05371351354516
589860.0,635.4281313641046,84.9228301874038
589920.0,668.6842690334786,84.77153777517425
589980.0,577.4806747103335,84.61232723492819
590040.0,526.3755143804342,84.47483183618763
590100.0,585.7521553145331,84.34950433276371
590160.0,606.6177072798976,84.2100395338793
590220.0,565.6679185667825,84.0656067464317
590280.0,549.6227556053361,83.9309239086777
590340.0,616.1057515458274,83.80006134781928
590400.0,610.9405105990195,83.65336950221312
590460.0,559.0640987491913,83.50790747588002
590520.0,479.31728133914316,83.37479697617783
590580.0,604.6282822674249,83.26067381395423
590640.0,529.8553313052886,83.11671469912865
590700.0,587.37030818065,82.99055866786549
590760.0,582.1601551360652,82.85070859448913
590820.0,458.30124833286953,82.71209903374245
590880.0,575.017371367477,82.60297968890129
590940.0,599.5063201586665,82.46607079095665
591000.0,605.3134618069585,82.32333119091888
591060.0,572.5447973259521,82.17920893810769
591120.0,445.2593582744298,82.04288874826818
591180.0,638.8727413778577,81.9368746153457
591240.0,585.2368456506796,81.78476205787479
591300.0,486.6747561423797,81.64541995176748
591360.0,509.8779649779153,81.52954500982882
591420.0,569.2590187808776,81.4081454943579
591480.0,594.3870172120879,81.2726076327434
591540.0,522.5097740749716,81.13108691435957
591600.0,599.4804364450911,81.0066798252941
591660.0,440.5186677842944,80.86394638804526
591720.0,483.647919334889,80.75906099095377
591780.0,420.4200421280061,80.64390672444546
591840.0,488.50026542176295,80.54380671441498
591900.0,630.8687978714963,80.42749712740981
591960.0,661.8694325007267,80.27729027077373
592020.0,550.4720382380701,80.11970231065452
592080.0,496.0649944236411,79.98863753964545
592140.0,519.025962718424,79.87052682668744
592200.0,558.6584844708642,79.74694921651638
592260.0,434.39375227162134,79.61393529164236
592320.0,491.71859928167686,79.51050820776817
592380.0,610.0401728516673,79.39343235079635
592440.0,459.06477438458353,79.24818469059356
592500.0,474.7100871590878,79.13888355383533
592560.0,518.2714771689089,79.02585734260697
592620.0,532.2814064999725,78.90245937185247
592680.0,475.5910402568856,78.77572570363819
592740.0,515.4936195851598,78.66248974167226
592800.0,545.1233257224758,78.53975316558055
592860.0,624.0926451438258,78.40996189755138
592920.0,496.5775002097065,78.26136841061238
592980.0,499.40965552252885,78.14313567246721
593040.0,591.2593281831939,78.02422861162852
593100.0,464.37694575231495,77.88345258110871
593160.0,415.5710950054453,77.77288664164388
593220.0,507.74391559849255,77.67394114283306
593280.0,554.988146615359,77.55304973435723
593340.0,509.7617536668211,77.42090969944881
593400.0,479.9525199178182,77.29953785333767
593460.0,396.5382814123765,77.18526344383342
593520.0,477.60267735995615,77.09084956730666
593580.0,552.7522287255862,76.97713464412573
593640.0,402.3697865201692,76.84552697061963
593700.0,459.38225603663267,76.74972464049578
593760.0,448.46528890057056,76.64034791286801
593820.0,427.4970054827844,76.53357046312978
593880.0,481.8777910644711,76.43178546182435
593940.0,491.2426783831942,76.31705265442804
594000.0,488.2553451870279,76.20009011195584
594060.0,401.31851153485826,76.08383883929227
594120.0,358.8100207184418,75.98828681273635
594180.0,470.95544460238654,75.90285585542243
594240.0,422.50180850153333,75.79072360670757
594300.0,560.8027813539785,75.69012793801673
594360.0,561.2245340919167,75.55660346626578
594420.0,565.2486236356582,75.42297857719628
594480.0,387.0577714936427,75.28839557156874
594540.0,475.2881945284231,75.19623895930835
594600.0,491.0497785682597,75.08307510346825
594660.0,481.9659263094741,74.96615848952342
594720.0,412.87881078107984,74.85140469754498
594780.0,508.5770624963344,74.75310021878758
594840.0,429.5471009351463,74.63201044200274
594900.0,434.9038333229616,74.52973732273246
594960.0,332.6542226894306,74.4261887909889
595020.0,461.32525214149985,74.34698540463428
595080.0,404.73858677164395,74.23714605888631
595140.0,445.9832104613504,74.14077972870258
595200.0,429.9461762266532,74.0345932500213
595260.0,424.4485341697936,73.93222511282448
595320.0,408.61303442623534,73.83116593802215
595380.0,456.32627046903633,73.73387712030161
595440.0,394.98249516622536,73.62522800828518
595500.0,317.4016719046855,73.53118455705513
595560.0,436.66040748644605,73.45561273041116
595620.0,351.8047438790619,73.35164596672391
595680.0,318.7241754376387,73.26788293246699
595740.0,334.6932492318864,73.19199622402945
595800.0,410.88924443893086,73.11230735516472
595860.0,385.9734415964,73.01447658267925
595920.0,261.69298852466045,72.92257814420391
595980.0,364.53845348326655,72.86027028979328
596040.0,455.6302594909828,72.77347541991631
596100.0,356.33224486254346,72.6649920247994
596160.0,371.430291392335,72.58015101411785
596220.0,441.90283795687225,72.49171523045301
596280.0,425.0329994087436,72.38650026903471
596340.0,436.6050740751119,72.28530193584216
596400.0,206.9594676452029,72.18134834677666
596460.0,475.35328060255534,72.13207228305161
596520.0,407.5718954594843,72.0188929305272
596580.0,515.1393909190242,71.92185200303685
596640.0,318.59134579084343,71.79919976710374
596700.0,257.82132723648783,71.72334468477258
596760.0,362.1764613736042,71.66195865447818
596820.0,343.3537096977363,71.57572616367494
596880.0,397.24645044970464,71.49397528041358
596940.0,420.6908925458894,71.39939279221127
597000.0,349.1442849707267,71.29922829398606
597060.0,338.1444878298466,71.21609870232636
597120.0,382.1736165450728,71.13558810998592
597180.0,333.67269995098667,71.0445943917609
597240.0,326.91412910481006,70.96514851082019
597300.0,407.82052780114066,70.88731181341427
597360.0,419.47730996952384,70.79021168774733
597420.0,407.2457322080766,70.69033613775458
597480.0,330.45007858212807,70.59337286818123
597540.0,210.51167512359115,70.51469427804263
597600.0,328.38090788848274,70.46457245063225
597660.0,290.187884962927,70.38638652018261
597720.0,326.2957916157337,70.31729416662002
597780.0,292.2456732314946,70.2396046924258
597840.0,329.7178214735261,70.17002238927545
597900.0,267.07603045654105,70.09151814606746
597960.0,251.07915685450965,70.02792861500637
598020.0,399.79260907102343,69.96814786337434
598080.0,266.77985823400456,69.87295914692886
598140.0,323.5266739918666,69.80944013306362
598200.0,379.3443770481405,69.73240997258937
598260.0,375.51766704472055,69.642089882816
598320.0,366.95543697418714,69.55268091447202
598380.0,336.06081487441145,69.46531057233531
598440.0,359.9724118124776,69.38529609260331
598500.0,397.5799502505646,69.29958837550511
598560.0,339.3774703728641,69.2049264825883
598620.0,202.34436772294646,69.12412232297572
598680.0,279.58378355179616,69.07594509256549
598740.0,351.8160478988458,69.00937752505315
598800.0,271.1648768425718,68.92561179936295
598860.0,404.77242816952327,68.86104873344806
598920.0,302.56924570110675,68.76467434578865
598980.0,310.28739196101685,68.69263404919315
599040.0,371.48790385965265,68.61875609872624
599100.0,291.88129690987125,68.53030659780727
599160.0,312.2960964202021,68.46081105092397
599220.0,354.55209933595245,68.38645483749059
599280.0,211.17158544875772,68.30203767098203
599340.0,281.31086038637454,68.25175872206566
599400.0,347.1165468555617,68.18477994578319
599460.0,300.2595001983823,68.10213314891281
599520.0,383.33707362887037,68.03064279172273
599580.0,199.73247327427936,67.93937205990633
599640.0,191.89573629513143,67.89181670912674
599700.0,338.50199702946287,67.8461272481041
599760.0,343.31105390959,67.76553153452565
599820.0,278.8261392720823,67.68379080740432
599880.0,313.51987564125125,67.61740363138716
599940.0,333.3001025144539,67.54275604194876
600000.0,238.86360846540694,67.46339887468342
600060.0,244.40830213588444,67.40652658695356
600120.0,297.34250596779174,67.34833413406406
600180.0,339.35976793525936,67.27753829930982
600240.0,214.32811025859047,67.19673835456334
600300.0,271.5951977752873,67.14570785212082
600360.0,268.0196542543532,67.081042328841
600420.0,306.96829220279085,67.0172281254471
600480.0,280.60066391025464,66.9441404368274
600540.0,247.6161255915336,66.877330754944
600600.0,354.54424286332943,66.81837453456507
600660.0,246.5504088730913,66.73395923864523
600720.0,260.66986854742726,66.67525676034211
600780.0,182.0096390865033,66.61319250592605
600840.0,233.9996686524188,66.56985687757212
600900.0,307.113209038792,66.51414267075012
600960.0,294.7297056892301,66.44102047812183
601020.0,310.8228932128191,66.37084673867201
601080.0,307.28225873140195,66.29684128790706
601140.0,398.87059410972483,66.22367884535196
601200.0,228.13345536897108,66.12870965627822
601260.0,175.2494162554379,66.07439216690466
601320.0,208.80395973145409,66.03266611541527
601380.0,229.05259087397263,65.98295088690777
601440.0,212.25872951886186,65.92841455574731
601500.0,275.7965449483327,65.87787676300472
601560.0,344.8064613253682,65.8122109189694
601620.0,361.5085300553844,65.73011414246336
601680.0,298.88068199457786,65.64404068292637
601740.0,396.6028808354764,65.5728786157848
601800.0,246.2595532829789,65.47844935844302
601860.0,169.21701929563068,65.41981613147088
601920.0,329.8957317903979,65.37952636497192
601980.0,155.9367561000255,65.30097976216469
602040.0,220.5099222356657,65.26385196309326
602100.0,296.58466071356037,65.21134960065619
602160.0,258.8128283996702,65.14073420524821
602220.0,253.08613828360092,65.07911210324829
602280.0,193.2931156367565,65.01885349889506
602340.0,263.09904593922016,64.97283132850535
602400.0,323.5829011544548,64.91018869851982
602460.0,264.186314121028,64.8331451506259
602520.0,212.808733687627,64.77024364726374
602580.0,187.41282283093193,64.71957490114764
602640.0,213.34093417977493,64.6749528004736
602700.0,285.1165871486505,64.6241573399546
602760.0,281.86096569276395,64.55627243825255
602820.0,212.8908294208573,64.48916268451617
602880.0,127.96011720467854,64.43847439179692
602940.0,285.49872255377073,64.40800769722438
603000.0,206.13548133607753,64.34003181090205
603060.0,301.049185711413,64.29095193439346
603120.0,214.05376377780547,64.21927355684312
603180.0,199.86846622868265,64.16830837499126
603240.0,268.0620587130904,64.12072064493681
603300.0,400.0699041979853,64.05689634524322
603360.0,303.2927686247776,63.96164160614846
603420.0,266.2738176309333,63.88942904219018
603480.0,279.38797503910826,63.82603051418282
603540.0,152.552549693906,63.759509567744935
603600.0,190.04795751363162,63.72318753210353
603660.0,106.50765239933014,63.67793801840981
603720.0,360.7368168351271,63.65257905355283
603780.0,348.37440806772054,63.56668933525875
603840.0,280.09295717723035,63.48374304762358
603900.0,264.42896088197574,63.41705424829566
603960.0,163.03034897908736,63.354094971895194
604020.0,242.77680867559386,63.31527822213827
604080.0,363.2926181358433,63.25747422007265
604140.0,263.4534875533166,63.17097597765935
604200.0,221.5141679772022,63.10824895681333
604260.0,149.738035523957,63.05550748824733
604320.0,337.8747155312642,63.01985557502734
604380.0,250.69010665292583,62.93940921418657
604440.0,149.33442284605852,62.87972109355492
604500.0,199.13028116656358,62.844165278591575
604560.0,177.78605186087452,62.79675330688525
604620.0,246.39007082582415,62.754423294537425
604680.0,266.5955063715088,62.69575899195985
604740.0,223.826666039549,62.6322838713952
604800.0,296.6227969420128,62.57899180805245
604860.0,254.72813568556634,62.50836733259007
604920.0,313.7387444871614,62.447717776474455
604980.0,228.56835680958307,62.37301807540609
605040.0,432.7195371495162,62.31859703807047
605100.0,216.13067836657996,62.2155685768444
605160.0,195.80020242857887,62.16410889151902
605220.0,188.42196910092036,62.117489795702696
605280.0,237.3435587011278,62.07262742210724
605340.0,146.8278370464047,62.01611705098792
605400.0,267.6737733495934,61.98115804216735
605460.0,135.68177678668894,61.91742619136983
605520.0,259.7002586653347,61.88512100642062
605580.0,168.92489885983315,61.8232876115003
605640.0,227.1223993707698,61.78306739748605
605700.0,286.2724280957315,61.72899063573111
605760.0,388.2422655430056,61.660830533803555
605820.0,185.3199736569478,61.568391899150456
605880.0,240.9809583649094,61.524268095898805
605940.0,206.574485306643,61.46689167724049
606000.0,197.80778694115656,61.417707275977
606060.0,207.10160704037688,61.37061018384816
606120.0,299.44399596604694,61.321300277409975
606180.0,220.7166562125113,61.25000408789425
606240.0,384.9587706542857,61.19745250308174
606300.0,274.9587648608989,61.10579565292596
606360.0,189.3993706480466,61.04032928034003
606420.0,227.99770026813107,60.9952341920905
606480.0,201.88919274520507,60.94094902535999
606540.0,298.0041323533676,60.89288016994447
606600.0,151.67323489601097,60.82192680509843
606660.0,169.54293266822384,60.785814130123185
606720.0,214.50724967214825,60.74544676520218
606780.0,290.97682579413777,60.69437361051834
606840.0,323.98363621828844,60.625093413900686
606900.0,332.8325528216728,60.547954452896334
606960.0,281.7881143514576,60.46870860698641
607020.0,245.0266528957014,60.401616198807496
607080.0,297.6775758929962,60.34327651954661
607140.0,181.32999235157837,60.27240090623876
607200.0,139.32059849902402,60.229227098536
607260.0,276.1982890966891,60.19605552746481
607320.0,189.65933222986894,60.13029403006083
607380.0,246.0816363758724,60.08513704619658
607440.0,257.17766454594323,60.0265461803928
607500.0,264.8872206911369,59.96531340311996
607560.0,306.26754327755503,59.902245017241114
607620.0,299.9245663890023,59.8293241736036
607680.0,261.7000635694542,59.7579135625586
607740.0,223.47914750581893,59.69560402361349
607800.0,256.4657948218438,59.64239470277877
607860.0,214.22745006860228,59.58133141829738
607920.0,238.2143457469669,59.53032488256676
607980.0,407.0904929427925,59.47360718119843
608040.0,260.93147653826003,59.37668087335491
608100.0,277.0148029981162,59.314554331321986
608160.0,207.67127109727062,59.24859842584625
608220.0,311.20452370276996,59.1991528851088
608280.0,295.6164734143187,59.12505656994148
608340.0,296.0412913791437,59.05467169531902
608400.0,262.89362370965756,58.98418567356208
608460.0,312.0515662694268,58.92159195363121
608520.0,326.3012848137221,58.847293961662295
608580.0,266.98612160501114,58.76960317956379
608640.0,243.12345933592786,58.70603505537212
608700.0,303.6744757900977,58.648148517435
608760.0,195.75271464906683,58.57584507081831
608820.0,206.92263409937829,58.529237281616155
608880.0,246.8022495786553,58.47996998778297
608940.0,145.518866676238,58.4212075474071
609000.0,299.65602934225745,58.386560198198474
609060.0,192.22550344810082,58.315213524545555
609120.0,221.71090090886847,58.269445547534104
609180.0,237.20361381766773,58.216657237793896
609240.0,252.35762819800956,58.16018018688493
609300.0,229.38125378740517,58.10009503731398
609360.0,245.9582212786072,58.04548045307888
609420.0,246.4228623358739,57.98691897182207
609480.0,223.17870158263142,57.9282468617421
609540.0,203.60893311473376,57.875109075651004
609600.0,314.8890805283483,57.826630758242736
609660.0,123.73635058769372,57.75165716764075
609720.0,237.65783421713672,57.72219613178654
609780.0,221.86683008438905,57.665610933163414
609840.0,275.1283460895344,57.61278549742904
609900.0,162.74335169063585,57.5472787483601
609960.0,220.01386598533202,57.5085303312909
610020.0,243.85947407352106,57.45614607748487
610080.0,314.20555137379324,57.398084297943555
610140.0,269.93231471412844,57.323273452378366
610200.0,178.9920116764785,57.259003853636905
610260.0,220.75279486806977,57.216386707999646
610320.0,303.16457925047513,57.163826518745346
610380.0,177.9551130926939,57.09164447606666
610440.0,245.28306320757835,57.04927421104459
610500.0,249.4546141991453,56.99087348170945
610560.0,226.85498807865514,56.93147952594775
610620.0,411.74721778153224,56.87746643354807
610680.0,225.2383717695644,56.779431381695325
610740.0,276.98832740534124,56.725803197940664
610800.0,204.02451975816098,56.659853596177484
610860.0,281.6676469159416,56.6112763295684
610920.0,302.2502156442052,56.54421260411222
610980.0,214.72532283638358,56.47224826705408
611040.0,246.72127491056239,56.42112319018827
611100.0,196.2868308382264,56.36238002949528
611160.0,181.33963684328793,56.31564506977189
611220.0,312.2118563314506,56.27246896576158
611280.0,216.76435573379308,56.198132809492186
611340.0,105.18797324029882,56.14652224860319
611400.0,355.9264022932245,56.12147749306978
611460.0,201.87965415697101,56.036733111571394
611520.0,235.22335350136422,55.988666527248306
611580.0,348.46051232622216,55.932660966890836
611640.0,241.50200691293134,55.849694178241734
611700.0,240.20677318962868,55.79219370040532
611760.0,176.31705117308476,55.73500161155065
611820.0,151.91790582523015,55.69302136127134
611880.0,240.02527707508682,55.656850431312954
611940.0,271.7775975913739,55.59970155581888
612000.0,268.3411288435146,55.534992604011414
612060.0,221.1345698028709,55.47110185904867
612120.0,251.2263721301482,55.41845077100037
612180.0,139.77901554760578,55.35863496811224
612240.0,277.6223915935933,55.32535425012472
612300.0,259.6975226680035,55.259253680697675
612360.0,368.433676505059,55.197420937205294
612420.0,250.46370459654412,55.10969863327552
612480.0,193.45572271744277,55.05006441789539
612540.0,246.9735120688473,55.004003531534096
612600.0,230.34998993496617,54.945200314374844
612660.0,276.10159293426,54.890355078676045
612720.0,251.63385611445875,54.824616604167886
612780.0,174.42481455446256,54.764703781283494
612840.0,151.8783802110635,54.72317406353243
612900.0,265.7989115099996,54.68701254443456
612960.0,333.0128191365948,54.62372708931313
613020.0,254.78843724529352,54.54443832285203
613080.0,298.8271181567428,54.4837744092222
613140.0,310.7996393161083,54.412625095375354
613200.0,266.0405198751255,54.33862518125247
613260.0,201.16555061543463,54.27528220032982
613320.0,261.75567350982743,54.22738564065948
613380.0,322.46383430980154,54.16506286125237
613440.0,281.83529748524825,54.08828575784528
613500.0,294.939126355025,54.02118211558688
613560.0,222.29431773636858,53.95095851407378
613620.0,237.9087059974146,53.898031295565126
613680.0,242.92929325407695,53.84138636556574
613740.0,246.97582154452837,53.7835460576481
613800.0,320.136948797538,53.72474229061369
613860.0,109.23256194183642,53.64851920756666
613920.0,251.89901714455837,53.622511454723366
613980.0,245.30087719626906,53.562535498260374
614040.0,167.7847504599374,53.504130527499356
614100.0,290.3852406911301,53.46418177738985
614160.0,206.61382619092703,53.39504243436815
614220.0,228.66676228508797,53.345848666227454
614280.0,361.020785606241,53.29140419901672
614340.0,310.69771978066774,53.20544686911047
614400.0,284.5742406243342,53.13147122154364
614460.0,272.9576722839732,53.063715449966416
614520.0,240.2366105730453,52.99872552799404
614580.0,370.0867433493409,52.94152633500046
614640.0,298.2612173342491,52.85341044372681
614700.0,205.16559060400346,52.78239586817104
614760.0,166.14026694418914,52.73354691802722
614820.0,284.16491317786324,52.69398971161194
614880.0,246.81114576435365,52.62633139895055
614940.0,164.43611582490948,52.56756684043523
615000.0,275.8971614528345,52.52841538428644
615060.0,234.05044346300997,52.462725583940525
615120.0,282.0425695621382,52.4069992878779
615180.0,276.7182316946354,52.339846295125014
615240.0,213.72969164456865,52.273961001864386
615300.0,288.20852879629587,52.22307298004425
615360.0,220.37647148825158,52.154451901759415
615420.0,224.29144987400488,52.101981313309835
615480.0,218.34234594474083,52.04857858714936
615540.0,318.1520775161899,51.996592314305374
615600.0,233.47499592416563,51.92084181965866
615660.0,332.6724369769229,51.865252534914816
615720.0,357.352259927923,51.78604481182507
615780.0,206.03819216256272,51.70096094041366
615840.0,75.12068310625511,51.651904227994
615900.0,313.0709645031767,51.63401835106394
615960.0,229.9030371565814,51.559477645229855
616020.0,198.47213690984182,51.50473882685924
616080.0,215.14326168868953,51.457483556166416
616140.0,225.60164651464814,51.40625897005006
616200.0,328.34733778990096,51.35254429230848
616260.0,260.1369012736465,51.274366354739456
616320.0,327.58586832337255,51.21242899729335
616380.0,280.2521832057917,51.13443236197826
616440.0,232.07551489461758,51.06770565169117
616500.0,227.23972197374326,51.012449576716264
616560.0,284.3909474365624,50.95834488100823
616620.0,299.9547616992132,50.89063275066619
616680.0,310.5731830334162,50.81921495026162
616740.0,235.1113708556664,50.74526895430128
616800.0,261.3558218211512,50.689290056478505
616860.0,285.9274830258694,50.62706247985442
616920.0,227.89061635216402,50.558984507705404
616980.0,182.87752143786895,50.50472483714537
617040.0,202.64508836466297,50.46118257013635
617100.0,236.60875785020738,50.41293373957333
617160.0,290.8550303518298,50.356598321037566
617220.0,326.7152400051024,50.28734712333475
617280.0,169.87010456947786,50.20955778047639
617340.0,215.45103232483706,50.169112517483654
617400.0,229.88132222502037,50.117814652644405
617460.0,299.1000722199748,50.063081004495594
617520.0,219.79713526947208,49.991866701586076
617580.0,225.76938589357235,49.93953405033144
617640.0,166.90627719130305,49.885779434642494
617700.0,280.70583278813956,49.84603984483504
617760.0,242.09617975506114,49.779205122742624
617820.0,212.61943646506188,49.72156317518189
617880.0,236.37676229080202,49.67093949983307
617940.0,319.6562283186414,49.614659318335256
618000.0,191.83587729302877,49.5385506925451
618060.0,201.72588813735496,49.492875483665806
618120.0,327.4609007968967,49.44484551029977
618180.0,256.9765821179179,49.366878629157654
618240.0,292.723867833077,49.30569372865339
618300.0,276.75660170583217,49.23599756964551
618360.0,250.6487627692388,49.17010314066793
618420.0,231.99287345430554,49.11042486381812
618480.0,302.911078689934,49.05518846537662
618540.0,322.889520364797,48.98306677997425
618600.0,318.3374725463094,48.90618832274454
618660.0,182.30000399504559,48.83039368642399
618720.0,331.8705507934184,48.786988923568025
618780.0,232.25299638116667,48.707972125760065
618840.0,208.5863765356948,48.65267379328836
618900.0,243.8935247289436,48.60301037030367
618960.0,304.092120674164,48.54494048346345
619020.0,286.8298779636216,48.47253759758865
619080.0,239.26303737959998,48.40424476950207
619140.0,305.03715498205565,48.34727737964979
619200.0,263.36681176792405,48.274649485606446
619260.0,220.80206786624933,48.21194310185218
619320.0,212.91083897240645,48.15937118093164
619380.0,280.22728891167003,48.10867812403345
619440.0,250.89024393901627,48.04195734095924
619500.0,173.54720620723887,47.98222156859281
619560.0,307.15174428109356,47.940900805210134
619620.0,227.7586632432361,47.86776943752416
619680.0,352.3642686353518,47.81354118437101
619740.0,172.928678050624,47.729644929934025
619800.0,246.54586397538404,47.68847143516007
619860.0,215.67959356217798,47.62977003897545
619920.0,199.4526120866238,47.57841775479398
619980.0,229.08032876927226,47.5309290376305
620040.0,364.8420069386219,47.47638610220925
620100.0,267.54098410595384,47.38951895770005
620160.0,211.77803899624072,47.325818723389105
620220.0,149.9157713339426,47.27539538077095
620280.0,156.7161724937317,47.239701149500966
620340.0,228.18637224883045,47.2023877750977
620400.0,222.74119943508603,47.14805768646703
620460.0,247.72013530268572,47.09502406755391
620520.0,125.24553397763796,47.03604308295803
620580.0,256.50204308371764,47.00622271772526
620640.0,324.106405549,46.94515080270533
620700.0,360.2663922068176,46.867982610907944
620760.0,149.69638295515927,46.78220489847775
620820.0,215.76107829644366,46.74656290253605
620880.0,213.08668639769832,46.69519121722737
620940.0,273.5949878025533,46.644456291894585
621000.0,192.1915786956054,46.579314628132074
621060.0,366.85552023707186,46.533554728442645
621120.0,269.08878210315225,46.44620817600525
621180.0,259.6626133285595,46.38213941836164
621240.0,363.2047607039303,46.320314986616744
621300.0,267.286557106835,46.233837662639615
621360.0,292.8923733506391,46.17019800618561
621420.0,224.46864982077744,46.100461726816405
621480.0,187.9467701863784,46.04701681019241
621540.0,234.23386367644153,46.00226757919565
621600.0,402.7714489727289,45.94649761165364
621660.0,310.2505129350254,45.85059964761251
621720.0,289.47707524244817,45.776730477866074
621780.0,215.17803364758018,45.70780736471311
621840.0,329.21101169167434,45.65657449955893
621900.0,193.87031944600596,45.578190925346625
621960.0,182.1252574775064,45.53203132547853
622020.0,243.45327162599722,45.488668168936265
622080.0,395.11528276906716,45.43070310426341
622140.0,392.60063259347373,45.33662803693744
622200.0,252.55608032285338,45.24315169584376
622260.0,240.10418214831918,45.18301929576689
622320.0,183.0830784936549,45.12585163335062
622380.0,287.1585104018969,45.08226042418546
622440.0,293.19282081067604,45.01388935028025
622500.0,331.86467373121224,44.94408153580152
622560.0,340.1771732259928,44.86506613729409
622620.0,274.7573353912718,44.784071572240286
622680.0,321.0570733020864,44.71865315905189
622740.0,246.77495467037485,44.64221099874187
622800.0,322.17916800503156,44.583455057153685
622860.0,260.6917658477638,44.5067457314382
622920.0,319.88831699011655,44.44467626337921
622980.0,316.2523310195115,44.36851237838156
623040.0,298.9185264253385,44.293214204329296
623100.0,343.7376356889489,44.22204312660898
623160.0,203.14340485117282,44.140200832397326
623220.0,234.80188349894473,44.09183335505181
623280.0,283.85044385911743,44.03592814469492
623340.0,214.84328895156287,43.96834470568085
623400.0,278.440419875145,43.91719154164476
623460.0,281.8160223640925,43.85089620357925
623520.0,384.34497695872597,43.78379715063542
623580.0,315.81484048741663,43.692286441835726
623640.0,370.5564074289682,43.61709243219587
623700.0,328.4480514913966,43.52886471614135
623760.0,279.7937512071363,43.45066279911959
623820.0,321.572448446368,43.38404523930837
623880.0,358.9602423301268,43.307480370630664
623940.0,388.47365664903054,43.22201364626635
624000.0,310.63568891493014,43.12951991849277
624060.0,221.4582642636696,43.05555904017969
624120.0,219.00535080665622,43.00283088202167
624180.0,304.2833491518712,42.950686750877225
624240.0,185.41871832158284,42.878238334412494
624300.0,435.2538926085141,42.8340910205264
624360.0,365.2485620944202,42.730459141333895
624420.0,293.20761477699887,42.64349519797808
624480.0,266.71394902102526,42.57368386112642
624540.0,396.95518236056023,42.510180539930936
624600.0,270.4550437329933,42.41566740127366
624660.0,278.21483122167604,42.35127334324199
624720.0,295.4166757403691,42.28503171676064
624780.0,350.3133872036811,42.214694413012936
624840.0,382.8402778294659,42.13128646367873
624900.0,419.3064770652238,42.040134016576474
624960.0,412.62737771021307,41.94029914108475
625020.0,352.1875257910567,41.842054527344224
625080.0,415.61325208887655,41.75820035453683
625140.0,316.39137272018235,41.65924481832519
625200.0,249.6971265662208,41.5839135391061
625260.0,321.0069972302873,41.52446184230462
625320.0,315.2527327188435,41.44803160486884
625380.0,328.0900382086373,41.37297143041197
625440.0,310.85472056907656,41.294854754648014
625500.0,343.1852371152191,41.22084172594109
625560.0,410.51371709404054,41.13913095519937
625620.0,478.71482376181854,41.0413895939865
625680.0,-1533.868086064751,40.927409874043214
625740.0,-1505.0743475118154,41.29261656120149
625800.0,-1472.7355919901386,41.650967596323355
625860.0,-1376.7189443094753,42.001618927749576
625920.0,-1432.3515816722277,42.329409152585164
625980.0,-1460.8697721268472,42.670445243459504
626040.0,-1371.7655194451554,43.01827137968018
626100.0,453.94802281037545,43.34488221764331
626160.0,398.1352604520736,43.23679935506941
626220.0,353.0042372861603,43.142005245437964
626280.0,420.93029110598707,43.05795661751269
626340.0,393.472431820476,42.95773511963031
626400.0,395.78088199293734,42.8640512072921
626460.0,382.288201176583,42.769817663960445
626520.0,471.33834907770245,42.67879666368031
626580.0,433.65510367998945,42.56657324723324
626640.0,483.64224541286546,42.46332203207133
626700.0,504.53177801614095,42.34816911649684
626760.0,454.7563119588326,42.22804250268347
626820.0,399.706438404316,42.119767190312324
626880.0,495.4036629624472,42.02459899069225
626940.0,463.8234789990731,41.90664573760595
627000.0,594.9946941416259,41.7962115759395
627060.0,460.3163723972395,41.654546172572445
627120.0,486.4965916614661,41.54494703628739
627180.0,464.9923697206218,41.42911451446323
627240.0,444.55812306068316,41.31840204548213
627300.0,437.91806328044106,41.21255487332483
627360.0,474.04504168812144,41.10828866778186
627420.0,490.6080519995286,40.99542080071326
627480.0,531.5490048780891,40.87860935976099
627540.0,483.7649870898819,40.75205007288526
627600.0,4067.9966286974814,40.636867933101954
627660.0,4079.1035086488023,39.6682973072216
627720.0,4022.2798193839667,38.69708218611474
627780.0,4204.2654838731505,37.73939651483285
627840.0,4075.0529820593224,36.73838092343448
627900.0,4168.493486716841,35.76813021342035
627960.0,4129.955460310535,34.77563176420205
628020.0,4134.4921222603125,33.79230903555669
628080.0,4112.1163517116065,32.80790614930424
628140.0,447.18930704300135,31.828830827468142
628200.0,439.21477322068216,31.722357182934093
628260.0,603.8898989904048,31.61778223692917
628320.0,509.85886428918974,31.47399892764574
628380.0,573.3593522960268,31.35260395995784
628440.0,591.7413699568225,31.216089828458784
628500.0,486.78009291412843,31.07519902608811
628560.0,539.6042066518223,30.9592990039657
628620.0,519.635162700407,30.830821811905743
628680.0,450.218752933767,30.70709915411993
628740.0,511.21496336718747,30.599904212945223
628800.0,560.2601618296997,30.478186364524465
628860.0,497.7065495671675,30.344791087898347
628920.0,510.76749929856936,30.226289528477594
628980.0,522.4358317945288,30.104678219120792
629040.0,662.0780448168116,29.98028873536019
629100.0,427.85921061326627,29.822651105641903
629160.0,570.482764740487,29.720779865019697
629220.0,527.6307468235102,29.584950635319583
629280.0,506.80238266233783,29.459324267028272
629340.0,530.9421486209962,29.33865703306105
629400.0,589.9914866323544,29.212242235770336
629460.0,595.7145474203944,29.071768072286442
629520.0,565.6571833548843,28.929931275281586
629580.0,622.2712842149724,28.795250993530424
629640.0,635.0038956106438,28.64709116395543
629700.0,609.9788979754161,28.49589976023861
629760.0,530.3014061953672,28.350666689292083
629820.0,594.769134604067,28.224404449721757
629880.0,597.0363564366429,28.0827927510065
629940.0,520.0790241373002,27.940641237569206
630000.0,476.7330408629549,27.816812898488898
630060.0,450.71182695226537,27.703305031616765
630120.0,576.8561553881457,27.595992691866225
630180.0,590.7288219756792,27.45864598820238
630240.0,501.78272695772455,27.31799626868436
630300.0,634.9943638754074,27.198524190837283
630360.0,580.6333701112057,27.047335056581232
630420.0,651.4788446131633,26.909089016078564
630480.0,591.5129885255423,26.753975005456383
630540.0,503.8390248143858,26.61313857961697
630600.0,593.6324440762857,26.493176907042116
630660.0,604.4448497253497,26.351835848928715
630720.0,529.2761701775391,26.207920408517918
630780.0,473.3018723912803,26.08190227276136
630840.0,563.3426175321814,25.969211350763437
630900.0,494.57958844589524,25.835082156112918
630960.0,619.000963256648,25.717325111244847
631020.0,524.2501924449366,25.569943929517073
631080.0,648.9089113053699,25.44512245512542
631140.0,414.5573786165733,25.290620333386048
631200.0,546.493504001835,25.1919161956202
631260.0,620.3956310677337,25.06179869466738
631320.0,477.2700107118887,24.914085449175065
631380.0,517.02461861528,24.8004497323389
631440.0,498.11734102325033,24.677348632668597
631500.0,476.8327317274062,24.558749265758298
631560.0,527.9339575763826,24.44521766296606
631620.0,430.769544458331,24.31951910163835
631680.0,496.91725360101566,24.216954924386364
631740.0,529.4596848484465,24.0986412925766
631800.0,480.364933799112,23.972579462850778
631860.0,427.87643329826614,23.858206859565275
631920.0,544.1672361173471,23.75633151830378
631980.0,520.4899238822799,23.626767890656794
632040.0,408.3742849082437,23.50284171830387
632100.0,387.2243167290824,23.40560974570667
632160.0,401.6364265056883,23.31341347981879
632220.0,485.2068776755224,23.2177857592222
632280.0,462.62253775936944,23.1022603121566
632340.0,486.9514839102593,22.992112088880557
632400.0,413.29814779850244,22.876171259378115
632460.0,370.56763170043894,22.77776693847371
632520.0,474.2324924858401,22.689536549973607
632580.0,378.8119141504841,22.576624051762693
632640.0,415.99755411604696,22.48643073886972
632700.0,304.4653781742277,22.387383702175423
632760.0,355.80043027721865,22.314891945467274
632820.0,442.95465976556295,22.230177557306032
632880.0,331.6915283724716,22.124712162123753
632940.0,415.69232229640875,22.045737988701735
633000.0,218.9936550632479,21.94676362625021
633060.0,317.20443188812715,21.89462227980658
633120.0,332.28180933566466,21.81909741507131
633180.0,438.79444990787727,21.73998269856282
633240.0,255.6627285240948,21.635507829537133
633300.0,357.51784774447685,21.57463575131711
633360.0,372.01495181273765,21.489512454235093
633420.0,256.5412884052305,21.40093746570825
633480.0,268.5434750098436,21.339856206564146
633540.0,290.4713141165051,21.275917283942753
633600.0,183.9994185025855,21.206757447248346
633660.0,236.39534085482143,21.16294806189059
633720.0,330.98120900502994,21.106663456925155
633780.0,276.3885241378533,21.027858407162054
633840.0,226.1425747862471,20.96205161570066
633900.0,232.75596129352368,20.90820814551346
633960.0,251.15735342505712,20.85279005949119
634020.0,252.88840058554553,20.792990689628084
634080.0,163.31096469627835,20.732779165679144
634140.0,278.84427569657277,20.69389560265622
634200.0,255.72223072213683,20.62750410844275
634260.0,207.2741676900784,20.566617863032718
634320.0,105.87748517440997,20.517266870725557
634380.0,84.97895631353623,20.49205794568403
634440.0,116.25637831635044,20.471824860847477
634500.0,129.08358898725692,20.444144770772155
634560.0,8.840073222833325,20.413410582918047
634620.0,134.07186633765065,20.41130580357928
634680.0,171.00946650722864,20.379383930641744
634740.0,117.65435971677351,20.338667390997166
634800.0,31.741621453569167,20.31065444820746
634860.0,13.81613044008975,20.303096919289942
634920.0,68.58565321071632,20.299807364423256
634980.0,30.451066443473678,20.283477446992134
635040.0,55.22909687338722,20.27622719307702
635100.0,53.691763757135845,20.263077408107165
635160.0,71.99023882437427,20.250293654831655
635220.0,-72.6138552175479,20.233153121778233
635280.0,-2.6022110072408395,20.25044213492527
635340.0,-48.96845532682897,20.25106170897461
635400.0,-44.384448999509004,20.26272086500481
635460.0,2.047925132612022,20.273288590957073
635520.0,-2.821275912294709,20.27280098973502
635580.0,11.265500957146514,20.273472722095093
635640.0,-58.57617668587915,20.270790459962438
635700.0,-102.21938527756117,20.28473716869717
635760.0,-122.33232621426185,20.309075117572778
635820.0,-222.81876784468568,20.338201861909507
635880.0,-49.95399391118133,20.391253949491574
635940.0,-161.28559456910108,20.403147757565666
636000.0,-123.27862435343849,20.441549089605928
636060.0,-124.5787970671521,20.470901143023415
636120.0,-251.74727681055072,20.500562761372738
636180.0,-244.16075682976236,20.560502589184775
636240.0,-107.69054601178732,20.618636102715673
636300.0,-194.85580657079873,20.644276708908954
636360.0,-258.9040137267837,20.69067094856867
636420.0,-243.4516996444998,20.75231476136076
636480.0,-182.51208865007277,20.810279451752308
636540.0,-203.45464820871058,20.853734710954708
636600.0,-359.3158197065252,20.902176293861544
636660.0,-185.13987814625364,20.987727679505955
636720.0,-237.0810568802525,21.03180860287411
636780.0,-316.05697909299704,21.088256473559884
636840.0,-390.2743150189591,21.163508135248694
636900.0,-267.395440331265,21.25643059120559
636960.0,-313.916316035597,21.32009617223684
637020.0,-441.8354483172584,21.394838152245317
637080.0,-380.1559617401723,21.500037068511332
637140.0,-190.5213887419842,21.59055039273518
637200.0,-388.95753393619276,21.63591262814994
637260.0,-446.3157897475766,21.72852156480141
637320.0,-474.1499869555542,21.834787229027025
637380.0,-319.1483119386533,21.94768008306406
637440.0,-386.43290038136877,22.023667776382787
637500.0,-364.66525591942434,22.11567560980692
637560.0,-446.02131559118675,22.20250067074012
637620.0,-397.45861385003354,22.308696222071354
637680.0,-535.3716665966246,22.40332922536898
637740.0,-486.47385992422244,22.53079866979675
637800.0,-490.74607001727645,22.646625779302514
637860.0,-436.74442586345697,22.76347008168758
637920.0,-512.2635569003132,22.867456849750308
637980.0,-580.6076416945384,22.989424363298003
638040.0,-550.8941943905496,23.12766427798718
638100.0,-666.9630088767508,23.258829562365882
638160.0,-717.252877380737,23.41763027876511
638220.0,-539.7068178809399,23.588404773379573
638280.0,-623.6395804460576,23.716906396684557
638340.0,-628.3818481325927,23.865392011076477
638400.0,-574.355227998178,24.015006736822333
638460.0,-551.8791441543731,24.151757981583803
638520.0,-615.0899368343902,24.283157777811034
638580.0,-542.90521187483,24.429607762771603
638640.0,-639.828757841737,24.558870908456086
638700.0,-663.2272381553402,24.711211088894594
638760.0,-678.2753548587559,24.869122336074437
638820.0,-781.1350592887326,25.030616468183663
638880.0,-657.9193810066192,25.216601006109553
638940.0,-873.2479100997286,25.373248477777796
639000.0,-772.9018226574818,25.58116464684916
639060.0,-747.5229755722621,25.765188890339036
639120.0,-807.4215376749393,25.943170551189574
639180.0,-798.2424453470078,26.135413774445514
639240.0,-671.8395916014063,26.325471499528135
639300.0,-726.9889455907374,26.48543330705228
639360.0,-845.3710032585813,26.65852591314531
639420.0,-843.3485191240675,26.859804723444974
639480.0,-902.7097041812052,27.060601989903084
639540.0,-794.6660800836622,27.27553287185099
639600.0,-862.7873614748212,27.464739081394722
639660.0,-976.5883603898126,27.670164643650633
639720.0,-863.3109647947299,27.902685681838683
639780.0,-853.7365222452271,28.108235911551713
639840.0,-832.9633707907121,28.31150651208629
639900.0,-905.7886373219068,28.509831124179318
639960.0,-934.3417489744842,28.72549508544644
640020.0,-803.3580140924179,28.94795740663084
640080.0,-932.6491185474258,29.139233124271893
640140.0,-900.338653020216,29.361292438211755
640200.0,-986.3102164280318,29.57565878416895
640260.0,-922.9258641518186,29.810494549985147
640320.0,-1061.9976616085326,30.030238803354628
640380.0,-1012.6800817075858,30.283095389451898
640440.0,-1067.704984391693,30.52420969462037
640500.0,-1041.7156015776054,30.778425167094582
640560.0,-940.5536307900231,31.026452691279726
640620.0,-1062.4417737949775,31.250394031944015
640680.0,-992.6828036776902,31.503356359038058
640740.0,-954.7735910549779,31.739709407532747
640800.0,-1057.4506768432002,31.967036453022025
640860.0,-1006.1115867170188,32.218810423698976
640920.0,-1043.768911127554,32.458360801488745
640980.0,-1078.499038224409,32.70687720890007
641040.0,-1050.2720904327014,32.96366269419159
641100.0,-994.6549616614923,33.21372747762795
641160.0,-1153.001922293039,33.45055008754735
641220.0,-1181.986576975915,33.725074354759975
641280.0,-1195.1322074855511,34.00649973023043
641340.0,-1083.9684314470846,34.29105501772699
641400.0,-1085.4026819573946,34.549142739500105
641460.0,-1194.8713362481117,34.80757194948996
641520.0,-1300.247965967867,35.09206512478713
641580.0,-1221.9641466365335,35.4016479738271
641640.0,-1157.9525455904816,35.692591818264376
641700.0,-1204.125615032152,35.968294805309725
641760.0,-1198.5530834223066,36.25499138031738
641820.0,-1249.9795433951476,36.540361162084594
641880.0,-1166.8915893288795,36.837975339083435
641940.0,-1216.2565377600665,37.11580666987602
642000.0,-1210.724321145312,37.405391559818895
642060.0,-1245.3851723924045,37.693659255329685
642120.0,-1232.4368348283583,37.990179534470734
642180.0,-1245.3071903105706,38.28361687609653
642240.0,-1337.381221184311,38.58011858807524
642300.0,-1268.1408245892746,38.89854268835722
642360.0,-1251.8145322308474,39.20048097992609
642420.0,-1238.7294230438583,39.498532059028676
642480.0,-1291.7567777474417,39.793467635943884
642540.0,-1383.275871417486,40.1010287735028
642600.0,-1382.6297823488258,40.43038017145934
642660.0,-1368.601728556017,40.75957773868525
642720.0,-1339.61923874024,41.08543529310335
642780.0,-1366.767526179839,41.40439225470817
642840.0,-1435.2555562459365,41.729813094274796
642900.0,-1443.9650189037488,42.071540607666684
642960.0,-1510.3951460619144,42.415341802643766
643020.0,-1579.9061205032483,42.77495969456327
643080.0,-1408.850005954718,43.15112781849262
643140.0,-1269.8863533210124,43.486568296100884
643200.0,-1309.4020115676076,43.788922189748746
643260.0,-1483.9627213029419,44.10068457345532
643320.0,-1424.2860554803642,44.4540090309084
643380.0,-1529.117718771117,44.79312475840373
643440.0,-1527.8834059947503,45.15720040573019
643500.0,-1528.8701781862944,45.52098216906227
643560.0,-1478.367742858174,45.88499887815425
643620.0,-1483.5523161530728,46.23699119788239
643680.0,-1465.1603622303123,46.590217939823596
643740.0,-1448.1979639883832,46.93906564511653
643800.0,-1515.8228962124713,47.28387468416138
643860.0,-1501.0075409493897,47.64478489754531
643920.0,-1576.3284490930296,48.0021676453904
643980.0,-1598.8398747206923,48.3774839427935
644040.0,-1615.5289553822417,48.758160103441284
644100.0,-1494.0064041513117,49.14280985472277
644160.0,-1560.556384171297,49.498525665234986
644220.0,-1659.819638573354,49.87008670908529
644280.0,-1558.5580206889026,50.26528186112657
644340.0,-1636.8718559059994,50.63636710414774
644400.0,-1469.4392494231088,51.02609849841107
644460.0,-1610.8600706817685,51.375964986368956
644520.0,-1542.2584573475353,51.75950309843604
644580.0,-1524.7782161528696,52.126707493042595
644640.0,-1654.3278882563145,52.48974992545995
644700.0,-1599.3344071333488,52.883637517901924
644760.0,-1577.5029487230374,53.26443142436224
644820.0,-1610.5406404088708,53.6400273645344
644880.0,-1602.5182143383552,54.023489421774606
644940.0,-1710.621193844318,54.405041377569454
645000.0,-1604.208606741419,54.81233213800858
645060.0,-1673.176017025139,55.194286568185106
645120.0,-1629.5423678650016,55.59266181033395
645180.0,-1601.761129872252,55.98064808839705
645240.0,-1623.230564370749,56.36201978598568
645300.0,-1648.781950257866,56.748503253693
645360.0,-1637.470788126535,57.14107038470678
645420.0,-1640.9343148997211,57.53094438187976
645480.0,-1598.6963864395311,57.92164302828446
645540.0,-1696.6038061779032,58.302285025055774
645600.0,-1690.8043259155,58.70623831224099
645660.0,-1650.7452334964828,59.1088107707923
645720.0,-1742.0663512314334,59.50184535019623
645780.0,-1798.67919160045,59.91662305287038
645840.0,-1694.8354162887522,60.34488000325144
645900.0,-1742.6026043719417,60.748412245224955
645960.0,-1808.4504948181607,61.16331762721828
646020.0,-1711.6695480137314,61.593901078365455
646080.0,-1661.4826792832641,62.001441446940156
646140.0,-1850.7290274394059,62.39703256105522
646200.0,-1697.1438423095049,62.83768232949318
646260.0,-1916.1911475908332,63.241764196709724
646320.0,-1793.4127703610482,63.698000184231354
646380.0,-1664.3376487274347,64.1250032247935
646440.0,-1799.785465801845,64.52127409353812
646500.0,-1779.9513604518756,64.94979444253856
646560.0,-1744.7813886353174,65.37359238550329
646620.0,-1898.6913564632248,65.78901652565455
646680.0,-1796.4705643189588,66.24108589624103
646740.0,-1801.9803301062818,66.66881698298364
646800.0,-1699.0741070894696,67.09785991872323
646860.0,-1889.8812893887086,67.50240137279215
646920.0,-1843.4957298681818,67.95237310836089
646980.0,-1881.1141417282633,68.39130066309141
647040.0,-1892.2296531613752,68.83918498255052
647100.0,-1767.2154950054503,69.28971585235085
647160.0,-1837.897681604541,69.71048144639977
647220.0,-1877.4101530658495,70.14807613249609
647280.0,-1879.6682991604152,70.59507854989272
647340.0,-1886.8545063754757,71.04261862112139
647400.0,-1885.8941613906027,71.49186969406793
647460.0,-1937.6793731034513,71.94089211344665
647520.0,-1881.6245407915897,72.40224434513794
647580.0,-1891.8825620451064,72.85025018818357
647640.0,-1919.9684752844746,73.30069841724192
647700.0,-1869.3093746127554,73.75783376850012
647760.0,-1868.2710689190358,74.2029074291222
647820.0,-1920.0562161430767,74.64773387410293
647880.0,-1899.2388842217595,75.10489011604176
647940.0,-1764.9472196682386,75.55708985038028
648000.0,-1771.0526634055495,75.97731537887272
648060.0,-1965.278146300096,76.39899458444546
648120.0,-1960.5935795193807,76.86691795261216
648180.0,-1972.9246833464977,77.33372594773581
648240.0,-1849.5106396404187,77.80346991996117
648300.0,-1940.3585106458547,78.24382959606604
648360.0,-1905.5185229403796,78.70581971764838
648420.0,-1803.4723733919059,79.15951460406276
648480.0,-1927.2488123304229,79.5889127882037
648540.0,-1887.5154544519824,80.04778155304427
648600.0,-1901.8733959303656,80.49718999458047
648660.0,-1971.5386253399704,80.95001699361151
648720.0,-1875.781376045691,81.41943095202579
648780.0,-1993.3370507215666,81.86604556537
648840.0,-1864.9244399236845,82.34064962506561
648900.0,-1983.464690944069,82.78467925361886
648960.0,-1979.7341635641478,83.25693275146268
649020.0,-2019.1417809721002,83.72829802850177
649080.0,-2012.0023160737815,84.20904607159036
649140.0,-1984.8045662232653,84.68809424208412
649200.0,-2107.6691805922483,85.16066675785156
649260.0,-1978.315264060518,85.66249275323067
649320.0,-1997.2582243036422,86.1335201970546
649380.0,-1921.780836740616,86.60905786950784
649440.0,-1946.1415755164287,87.06662473539846
649500.0,-2016.2546682675606,87.52999177718809
649560.0,-2003.5224592382954,88.01005241248988
649620.0,-1992.2363816445325,88.48708156945138
649680.0,-1891.0885942784955,88.96142356508102
649740.0,-2031.6076697900667,89.41168275419494
649800.0,-2027.4150566328815,89.89539886604972
649860.0,-2053.84103564761,90.37811673667659
649920.0,-2076.8813854060877,90.86712650706887
649980.0,-1971.308210388112,91.36162207502271
650040.0,-1979.2599435729176,91.83098117273417
650100.0,-1916.1103783603876,92.30223354025154
650160.0,-1932.169654240723,92.758450297004
650220.0,-1852.3413873462896,93.21849069087084
650280.0,-2002.0509760402667,93.65952435452472
650340.0,-2014.6365644283032,94.13620315834383
650400.0,-2078.34045203805,94.61587853082676
650460.0,-1959.7901041016785,95.11072149559773
650520.0,-1995.6664492617829,95.57733818705051
650580.0,-1964.831969237851,96.05249686544617
650640.0,-2073.3205288259483,96.520314000979
650700.0,-1984.877589707428,97.01396174593756
650760.0,-1994.5982222545135,97.48655164824886
650820.0,-1999.440006557465,97.96145598688089
650880.0,-2049.585485609409,98.0
650940.0,-1937.9729509186882,98.0
651000.0,-1886.9923171504543,98.0
651060.0,-2077.2451684684142,98.0
651120.0,-1967.9470284731492,98.0
651180.0,-2184.3291772749417,98.0
651240.0,-1971.9614108142312,98.0
651300.0,-2124.6424438923427,98.0
651360.0,-2044.221670138457,98.0
651420.0,-2091.7308611417766,98.0
651480.0,-2026.0471025155139,98.0
651540.0,-1962.8790937579186,98.0
651600.0,-2124.677080883567,98.0
651660.0,-2034.7739003406355,98.0
651720.0,-4389.493585482293,98.0
651780.0,-4263.665906522269,98.0
651840.0,-4332.395810778849,98.0
651900.0,-4428.64242661058,98.0
651960.0,-4385.930288221671,98.0
652020.0,-1918.280667874425,98.0
652080.0,-1968.298871163741,98.0
652140.0,-2065.704016843887,98.0
652200.0,-2026.018834922468,98.0
652260.0,-2023.421146139382,98.0
652320.0,-2040.8489379287137,98.0
652380.0,-2110.3736393914087,98.0
652440.0,-2047.5445983379766,98.0
652500.0,-1922.5972580347384,98.0
652560.0,-2027.8153828661027,98.0
652620.0,-2010.075048553173,98.0
652680.0,-1994.3170751928055,98.0
652740.0,-1868.4646289823397,98.0
652800.0,-1999.7608924239037,98.0
652860.0,-1933.332745727707,98.0
652920.0,-2033.4722452968413,98.0
652980.0,-2011.6932988326519,98.0
653040.0,-1993.860091428343,98.0
653100.0,-2039.4812122859116,98.0
653160.0,-2003.612421651925,98.0
653220.0,-1936.398627282667,98.0
653280.0,-2035.9321695334672,98.0
653340.0,-1986.0699272555848,98.0
653400.0,-1941.652669789097,98.0
653460.0,-2031.6825825647647,98.0
653520.0,-1914.4643369536711,98.0
653580.0,-1973.7273965846084,98.0
653640.0,-1985.8557865508808,98.0
653700.0,-2094.2222082300805,98.0
653760.0,-1993.8719691698052,98.0
653820.0,-1946.8186346223663,98.0
653880.0,-1861.9896107597444,98.0
653940.0,-1930.1703740987127,98.0
654000.0,-1894.1415464756674,98.0
654060.0,-2031.6690864334355,98.0
654120.0,-1964.0780595873543,98.0
654180.0,-1880.5075415095862,98.0
654240.0,-2004.2377963683666,98.0
654300.0,-1890.2198372581565,98.0
654360.0,-1901.2316129154133,98.0
654420.0,-1925.7829581136366,98.0
654480.0,-1958.9625559730514,98.0
654540.0,-1995.330587651416,98.0
654600.0,-1826.481190818272,98.0
654660.0,-1891.8819918075772,98.0
654720.0,-1906.0854306783742,98.0
654780.0,-1947.961038182078,98.0
654840.0,-1917.524551831115,98.0
654900.0,-1906.4598946139522,98.0
654960.0,-1888.835901867718,98.0
655020.0,-1865.1931170830157,98.0
655080.0,-1952.5666473489769,98.0
655140.0,-1989.9188780464779,98.0
655200.0,-1893.1109514786658,98.0
655260.0,-1999.185780792495,98.0
655320.0,-1909.8976934674708,98.0
655380.0,-1917.0952338556538,98.0
655440.0,-1853.0454438834536,98.0
655500.0,-1759.541851904584,98.0
655560.0,-1991.061465627389,98.0
655620.0,-1733.7644664640325,98.0
655680.0,-1879.9709763158844,98.0
655740.0,-1840.8303772360512,98.0
655800.0,-1942.242968476635,98.0
655860.0,-1793.1367736582588,98.0
655920.0,-1845.9988130641789,98.0
655980.0,-1847.6555582824572,98.0
656040.0,-1955.6334042600035,98.0
656100.0,-1830.3278939732345,98.0
656160.0,-1779.314218663706,98.0
656220.0,-1839.491851372617,98.0
656280.0,-1750.0575793482158,98.0
656340.0,-1747.6736219297454,98.0
656400.0,-1849.1944280611308,98.0
656460.0,-1710.0470242387482,98.0
656520.0,-1798.005285220113,98.0
656580.0,-1792.6515724942226,98.0
656640.0,-1784.5550979523166,98.0
656700.0,-1781.1372931022922,98.0
656760.0,-1937.8512948629989,98.0
656820.0,-1785.865728049215,98.0
656880.0,-1851.209387011432,98.0
656940.0,-1666.3751249674574,98.0
657000.0,-1663.318581271947,98.0
657060.0,-1701.8413926864196,98.0
657120.0,-1761.685923230573,98.0
657180.0,-1802.2252257419348,98.0
657240.0,-1775.5121274347605,98.0
657300.0,-1613.7583944272742,98.0
657360.0,-1766.0553167829494,98.0
657420.0,-1860.0129039074259,98.0
657480.0,-1650.968327647733,98.0
657540.0,-1616.7967367061135,98.0
657600.0,-1601.2704620842528,98.0
657660.0,-1632.467042993458,98.0
657720.0,-1616.5695295277305,98.0
657780.0,-1679.3259475353077,98.0
657840.0,-1800.869735090612,98.0
657900.0,-1668.3580947912226,98.0
657960.0,-1626.4247354452086,98.0
658020.0,-1665.4728665849038,98.0
658080.0,-1661.7940415316407,98.0
658140.0,-1702.328051618391,98.0
658200.0,-1698.0725071204201,98.0
658260.0,-1521.1168388420883,98.0
658320.0,-1512.3331251062618,98.0
658380.0,-1618.2917203241734,98.0
658440.0,-1594.5315268610866,98.0
658500.0,-1663.5157816095955,98.0
658560.0,-1559.3027059745104,98.0
658620.0,-1485.4229293769604,98.0
658680.0,-1675.8524339216435,98.0
658740.0,-1549.3145628186635,98.0
658800.0,-1537.807708242758,98.0
658860.0,-1531.4468849340246,98.0
658920.0,-1457.441443085692,98.0
658980.0,-1426.7098758923514,98.0
659040.0,-1555.6939372654892,98.0
659100.0,-1494.062171619888,98.0
659160.0,-1522.1202177223122,98.0
659220.0,-1557.7770243687028,98.0
659280.0,-1496.2315890215418,98.0
659340.0,-1464.775510026893,98.0
659400.0,-1484.589762742271,98.0
659460.0,-1542.97156496927,98.0
659520.0,-1510.3649936939648,98.0
659580.0,-1502.312166131773,98.0
659640.0,-1517.8666752652778,98.0
659700.0,-1440.8261806195285,98.0
659760.0,-1426.8267971972648,98.0
659820.0,-1385.3741340438462,98.0
659880.0,-1487.791147851543,98.0
659940.0,-1463.1283451446704,98.0
660000.0,-1327.30872472689,98.0
660060.0,-1422.5136134535367,98.0
660120.0,-1402.8549228574557,98.0
660180.0,-1407.1461357887686,98.0
660240.0,-1320.5936481253307,98.0
660300.0,-1310.161270274431,98.0
660360.0,-1305.5305606650256,98.0
660420.0,-1362.541460225796,98.0
660480.0,-1408.2536136237081,98.0
660540.0,-1232.1263298076722,98.0
660600.0,-1287.9522107029704,98.0
660660.0,-1358.3821526723166,98.0
660720.0,-1237.1658317052231,98.0
660780.0,-1346.3045854636591,98.0
660840.0,-1221.0599291069507,98.0
660900.0,-1208.5003912612485,98.0
660960.0,-1343.9432731211414,98.0
661020.0,-1245.1674124636027,98.0
661080.0,-1224.5220931086224,98.0
661140.0,-1105.9018867137895,98.0
661200.0,-1298.639946040275,98.0
661260.0,-1159.4175184916103,98.0
661320.0,-1235.5606454878484,98.0
661380.0,-1302.2778645105877,98.0
661440.0,-1226.1534268977077,98.0
661500.0,-1209.928332078697,98.0
661560.0,-1264.695750495026,98.0
661620.0,-1173.4824061740824,98.0
661680.0,-1125.7593795652751,98.0
661740.0,-1159.915899294366,98.0
661800.0,-1197.6637454078384,98.0
661860.0,-1164.9720103361233,98.0
661920.0,-1147.2125663810805,98.0
661980.0,-1124.7429076146007,98.0
662040.0,-1062.0008315381672,98.0
662100.0,-1103.0492672090204,98.0
662160.0,-1194.2692011168856,98.0
662220.0,-1134.555468642397,98.0
662280.0,-1081.5310676627748,98.0
662340.0,-1014.6885905299991,98.0
662400.0,-994.8768832003755,98.0
662460.0,-956.8463207219454,98.0
662520.0,-1046.0387923978374,98.0
662580.0,-998.594048149044,98.0
662640.0,-1122.146246355249,98.0
662700.0,-999.5409164932316,98.0
662760.0,-1080.2745044273554,98.0
662820.0,-1009.9057404737714,98.0
662880.0,-814.7279930606447,98.0
662940.0,-968.640423878775,98.0
663000.0,-1028.9886260407177,98.0
663060.0,-942.9697223185085,98.0
663120.0,-988.7101830460554,98.0
663180.0,-1005.55061443026,98.0
663240.0,-811.9098881630147,98.0
663300.0,-864.254140975929,98.0
663360.0,-897.667893539434,98.0
663420.0,-932.0196625179723,98.0
663480.0,-917.2410765477309,98.0
663540.0,-796.10183272373,98.0
663600.0,-860.2870542271701,98.0
663660.0,-1053.6552350102036,98.0
663720.0,-713.410431082378,98.0
663780.0,-837.6377532547451,98.0
663840.0,-817.9493895641845,98.0
663900.0,-763.2555086764431,98.0
663960.0,-790.4146818795925,98.0
664020.0,-763.3823335782545,98.0
664080.0,-823.4549661597406,98.0
664140.0,-861.6310614324146,98.0
664200.0,-760.8186083497465,98.0
664260.0,-681.5027567428464,98.0
664320.0,-796.0130606584286,98.0
664380.0,-790.5502173455266,98.0
664440.0,-663.3104858482785,98.0
664500.0,-753.6886106442306,98.0
664560.0,-740.5495486130015,98.0
664620.0,-727.9468756684987,98.0
664680.0,-699.0799712988386,98.0
664740.0,-779.2033428077851,98.0
664800.0,-706.7308901184433,98.0
664860.0,-650.1157470170759,98.0
664920.0,-640.0932587836011,98.0
664980.0,-573.5404709469339,98.0
665040.0,-522.1723096706132,98.0
665100.0,-531.2863594304151,98.0
665160.0,-556.6399526529793,98.0
665220.0,-609.9115862559067,98.0
665280.0,-627.8252428228425,98.0
665340.0,-578.8076480604332,98.0
665400.0,-534.171053613156,98.0
665460.0,-509.401619053262,98.0
665520.0,-510.7320506827395,98.0
665580.0,-544.7747589939147,98.0
665640.0,-479.66779687881956,98.0
665700.0,-440.59129108066094,98.0
665760.0,-452.787491938922,98.0
665820.0,-496.86129835316723,98.0
665880.0,-534.3053353123603,98.0
665940.0,-525.0534384634566,98.0
666000.0,-503.7891003526057,98.0
666060.0,-436.80045330035534,98.0
666120.0,-410.3385449049002,98.0
666180.0,-515.6940172396621,98.0
666240.0,-450.35122650512574,98.0
666300.0,-394.79860862884607,98.0
666360.0,-452.65617371283923,98.0
666420.0,-361.91686035844543,98.0
666480.0,-395.6692978546032,98.0
666540.0,-409.8987513544413,98.0
666600.0,-352.5692818985406,98.0
666660.0,-321.49170443825136,98.0
666720.0,-385.20673568716546,98.0
666780.0,-338.11850852826757,98.0
666840.0,-284.7688558357869,98.0
666900.0,-347.82454119354963,98.0
666960.0,-390.8366542341298,98.0
667020.0,-372.841104838789,98.0
667080.0,-295.0092596785121,98.0
667140.0,-338.315740487421,98.0
667200.0,-269.3641071470786,98.0
667260.0,-137.90090880852625,98.0
667320.0,-309.8174424161811,98.0
667380.0,-233.37011083920402,98.0
667440.0,-77.79690957140542,98.0
667500.0,-170.57869735146608,98.0
667560.0,-206.47206233568636,98.0
667620.0,-183.1755289881587,98.0
667680.0,-137.36738222222448,98.0
667740.0,-50.76296076917407,98.0
667800.0,-173.75515838544203,98.0
667860.0,-176.77069844479092,98.0
667920.0,-203.46918540602564,98.0
667980.0,-103.99889968277097,98.0
668040.0,-183.988317693008,98.0
668100.0,-116.95586773721578,98.0
668160.0,-133.15219336586097,98.0
668220.0,-3.7075298041204405,98.0
668280.0,-88.2050030226618,98.0
668340.0,-23.455268387370722,98.0
668400.0,-133.1111426567844,98.0
668460.0,-18.595497538706297,98.0
668520.0,-88.3226891104909,98.0
668580.0,-31.347120821655437,98.0
668640.0,137.15968446937188,98.0
668700.0,70.68346475013414,97.96734293226919
668760.0,17.282286096374776,97.95051353590011
668820.0,227.12498216635737,97.94639870587717
668880.0,-9.55439403717503,97.8923213291709
668940.0,125.4016740396919,97.89459618489404
669000.0,-26.375413230288473,97.86473864345602
669060.0,61.00857118552352,97.87101850374894
669120.0,4.79669807499846,97.85649265346667
669180.0,111.08077736060244,97.85535058249644
669240.0,108.94128313430645,97.82890277836296
669300.0,97.01942874661978,97.80296437761669
669360.0,190.85507138902733,97.7798645136294
669420.0,101.11279386499154,97.73442282996535
669480.0,164.5103169067467,97.7103483552356
669540.0,203.8450171783902,97.67117923216256
669600.0,75.28160039351701,97.62264470426294
669660.0,128.98240529052885,97.60472051369305
669720.0,186.67913711000244,97.57401041719531
669780.0,230.76327980075246,97.52956300359769
669840.0,287.67986211674,97.47461936554988
669900.0,198.84778084663498,97.406124160284
669960.0,202.14923606108718,97.3587794505586
670020.0,178.05911065457516,97.31064868006787
670080.0,259.43020271632025,97.26825365372154
670140.0,230.95774481708696,97.2064845578367
670200.0,241.43228833591422,97.15149461859454
670260.0,261.26452529342447,97.09401074041932
670320.0,308.9516991414263,97.03180490106375
670380.0,250.9172887089699,96.95824497269675
670440.0,247.2280043505148,96.89850276109938
670500.0,328.2048797137501,96.83963895053974
670560.0,129.4277283240368,96.76149493156028
670620.0,283.344437970679,96.73067880576885
670680.0,259.00280533193745,96.66321584434726
670740.0,408.7136559439706,96.60154850974442
670800.0,318.4176928830567,96.50423573451967
670860.0,319.5030324464302,96.42842199811894
670920.0,358.41593707101026,96.35234984753644
670980.0,333.7112384339117,96.26701271966239
671040.0,353.28603014649144,96.18755766289242
671100.0,391.1919026039766,96.10344194142897
671160.0,367.8701745695351,96.01030101223755
671220.0,375.17173505010675,95.92271287543528
671280.0,347.95020643904905,95.83338627185192
671340.0,346.86802032426743,95.75054098460453
671400.0,427.16686135860573,95.6679533607178
671460.0,449.25417403212316,95.56624696515622
671520.0,352.3917335334694,95.45928168562477
671580.0,490.79162320188186,95.37537889192633
671640.0,498.0404628337745,95.25852374354493
671700.0,517.567231585487,95.13994268096546
671760.0,483.85057332384133,95.01671238773082
671820.0,510.73370895460636,94.90150987027276
671880.0,610.1391196760851,94.77990660623595
671940.0,467.34917574823436,94.63463538726546
672000.0,428.97273375809004,94.52336177399208
672060.0,405.8117920247709,94.42122540881158
672120.0,609.2007554835309,94.32460355356758
672180.0,615.8524040055339,94.17955575464293
672240.0,459.9698305921123,94.03292422987971
672300.0,477.3785964831303,93.92340760354826
672360.0,506.9970339973429,93.80974603295704
672420.0,605.1520065370089,93.68903245343385
672480.0,459.5543422666253,93.54494864235362
672540.0,423.7207058824628,93.43553094181395
672600.0,676.5166846612252,93.33464505946098
672660.0,569.7707889503533,93.17356965835117
672720.0,582.6613420057397,93.03790994669632
672780.0,547.2533289751609,92.89918105574257
672840.0,591.4522836944577,92.76888264408183
672900.0,476.36514686816685,92.62806067177362
672960.0,520.221528910635,92.51464039870977
673020.0,580.1656309738419,92.39077812992153
673080.0,440.4627800037542,92.25264345588013
673140.0,561.0380987701282,92.14777136540305
673200.0,559.2359518973034,92.01419086569587
673260.0,564.1324049869609,91.88103944857745
673320.0,550.4001516988367,91.74672220929484
673380.0,524.8456030891159,91.61567455412846
673440.0,476.3736763825241,91.49071131529772
673500.0,595.4388949297556,91.37728901139711
673560.0,569.7667520186131,91.23551784593765
673620.0,506.23868351779305,91.09985909545703
673680.0,593.4498769322531,90.97932607557185
673740.0,572.9037253659558,90.83802848582607
673800.0,563.8024059229687,90.70162283692942
673860.0,462.87318268952595,90.56738416885251
673920.0,634.0355863958373,90.45717626821215
673980.0,519.8284741204186,90.30621541430838
674040.0,598.3088224621151,90.182446729994
674100.0,546.6763842544092,90.0399922484554
674160.0,572.4673545700532,89.9098312045853
674220.0,665.5052939027588,89.77352945349719
674280.0,628.7997672191025,89.61507581209177
674340.0,665.197937883206,89.46536158180152
674400.0,617.6692903415492,89.30698112040075
674460.0,622.0229827778854,89.15991700365277
674520.0,491.75167163479625,89.01181629346756
674580.0,579.8914578123249,88.89473256212594
674640.0,585.7285498690458,88.75666316740872
674700.0,672.8801823119537,88.61720398886847
674760.0,569.2807319627382,88.45699442165133
674820.0,615.6971801012676,88.32145139023163
674880.0,613.4590315002259,88.17485682354085
674940.0,669.4389053453774,88.02879514937413
675000.0,591.975355061632,87.86940493381572
675060.0,649.6456126501225,87.7284584207058
675120.0,497.6216828668894,87.57378089388435
675180.0,502.9644435812637,87.4552995408208
675240.0,462.6538309596823,87.33554610187288
675300.0,646.6193915988351,87.22539042783485
675360.0,639.6431020472864,87.07143342983512
675420.0,652.752611878275,86.9191374531572
675480.0,557.9783015059953,86.76372016461475
675540.0,564.4415082653587,86.6308681880657
675600.0,590.5833021045161,86.49647735276443
675660.0,684.0174992826971,86.35586228083478
675720.0,698.5323628282231,86.19300097148177
675780.0,643.9962537882459,86.02668374223695
675840.0,615.6521291111424,85.8733513008588
675900.0,675.2954527223783,85.72676746059425
675960.0,579.1620597426671,85.56598282899368
676020.0,570.3550446980287,85.42808710048352
676080.0,585.3282084205351,85.29228828031732
676140.0,533.5640137327983,85.15292442116957
676200.0,580.9632811603988,85.02588537028082
676260.0,523.5562544432817,84.88756077952834
676320.0,651.1983412962015,84.76290452847041
676380.0,621.3768197738948,84.60785730435227
676440.0,673.5479350792573,84.45991044250134
676500.0,488.9971039248596,84.2995418865301
676560.0,699.7974042141036,84.18311400464322
676620.0,490.2505938139793,84.01649557506843
676680.0,511.5665756631032,83.89976924320796
676740.0,545.0445260921972,83.77796767757388
676800.0,659.5490556355597,83.64819517136145
676860.0,593.3758870025353,83.49115968192442
676920.0,563.9314962234903,83.34987970882857
676980.0,529.6879450659482,83.21561030496584
677040.0,493.3388538721291,83.08949412756918
677100.0,642.4674830800121,82.97203249569486
677160.0,621.0090768982415,82.81906404734248
677220.0,652.7851165809705,82.6712047433191
677280.0,593.9615579216501,82.51577971556172
677340.0,410.1082211228672,82.37436029700895
677400.0,492.4093409274421,82.27671548245588
677460.0,593.3951306109758,82.15947516318745
677520.0,541.7074993972441,82.01819060828008
677580.0,528.7173596309718,81.88921263223311
677640.0,494.381879704753,81.76332754660669
677700.0,615.7292899494807,81.64561757524841
677760.0,584.5153056322702,81.49901536335568
677820.0,585.4570395976937,81.35984505249085
677880.0,515.5838306870892,81.2204505192533
677940.0,562.3648109898222,81.0976924643278
678000.0,469.6830164305577,80.9637960807588
678060.0,540.2949986795335,80.85196679113247
678120.0,394.5196852849298,80.7233251247802
678180.0,450.19491437045775,80.62939186637902
678240.0,523.0058633388238,80.52220260105273
678300.0,682.8912555753466,80.39767739549586
678360.0,430.35671402011076,80.23508423940649
678420.0,461.78177459185184,80.132618355116
678480.0,547.377234661323,80.0226703135465
678540.0,638.4897311303567,79.8923424005319
678600.0,542.3884408401673,79.74032103597706
678660.0,570.3011145082156,79.61118093101511
678720.0,505.81232479996055,79.4753949513703
678780.0,493.30929304828976,79.35496344546556
678840.0,526.7384396683507,79.23750885188264
678900.0,480.1542176772141,79.11209493767589
678960.0,560.9360181330871,78.99777250489561
679020.0,418.91655699295484,78.86421631010201
679080.0,566.490504982864,78.76447427272274
679140.0,513.2345373282075,78.62959558106014
679200.0,495.76370158205754,78.50739688169628
679260.0,407.8264621068217,78.38935790512912
679320.0,445.36484265592117,78.29225636653226
679380.0,573.8065828309534,78.18621711828085
679440.0,487.09624754242134,78.0495965033211
679500.0,514.0308052025699,77.93362120628719
679560.0,442.2603561722553,77.81123291933419
679620.0,490.9856988854277,77.70593283453127
679680.0,408.0885222228854,77.58903147765379
679740.0,494.0918608121132,77.4918675437912
679800.0,508.01191320686524,77.37422662455022
679860.0,502.6787674315679,77.25327140712001
679920.0,426.88974224664884,77.13358598630298
679980.0,458.2398741005759,77.03194557148234
680040.0,508.6484601714204,76.92284083955363
680100.0,461.380830748143,76.80173406332234
680160.0,454.4760498896656,76.69188148457279
680220.0,583.5673362385825,76.58367290126573
680280.0,409.94306366136334,76.4447282973994
680340.0,529.4694719931726,76.34712280605144
680400.0,393.00489108912586,76.22105864605307
680460.0,499.21396249805065,76.1274860529366
680520.0,500.05819586590115,76.00862558567516
680580.0,424.5902291071201,75.889564110469
680640.0,379.80833981876606,75.78847119877682
680700.0,332.2780463445663,75.69804064167711
680760.0,411.2471417954998,75.61892682111888
680820.0,477.38035484903526,75.52101083497709
680880.0,378.8067361297508,75.40734884572733
680940.0,446.94296417932117,75.31715676569644
681000.0,350.2068396585199,75.21074177422517
681060.0,422.43138077057216,75.1273591933541
681120.0,365.3200531807875,75.02678029317063
681180.0,427.1483382047492,74.93979932812759
681240.0,399.453833576703,74.83809734284074
681300.0,355.79549765257923,74.74298928722725
681360.0,385.3918211227228,74.65827607350045
681420.0,366.58994223260095,74.56651611609027
681480.0,341.5278075717438,74.47923279651108
681540.0,483.0612282526839,74.39791665185115
681600.0,394.22886237132064,74.28290207369575
681660.0,281.45881262554747,74.18903805884544
681720.0,373.95900031855524,74.12202405583936
681780.0,464.01298921850497,74.03298619862066
681840.0,361.23452938388675,73.9225069154734
681900.0,494.5781497598822,73.83649869419153
681960.0,351.12334780631465,73.71874199186774
682020.0,430.5495587227475,73.63514119477101
682080.0,460.37820107402774,73.53262939507512
682140.0,423.0394876191283,73.42301553767655
682200.0,311.4196631990538,73.32229185014819
682260.0,335.2164551667971,73.24814431129127
682320.0,459.8582297282262,73.16833086958489
682380.0,339.28112268650807,73.0588408148877
682440.0,444.01697682662916,72.97805959520043
682500.0,357.5929018096495,72.87234126738457
682560.0,389.8451237511396,72.78720010028704
682620.0,296.156915095986,72.69437983272724
682680.0,340.80758943372155,72.62386628151391
682740.0,322.7816259896259,72.54272161736303
682800.0,386.8486632819155,72.46586884927027
682860.0,376.9337530789817,72.37376202467934
682920.0,397.14686310854665,72.28401589299386
682980.0,338.01945589201483,72.18945711606325
683040.0,309.71710335962575,72.10897629323182
683100.0,374.5921087080809,72.03523412576524
683160.0,299.96801978967153,71.9460455284538
683220.0,424.58140106852125,71.87462457136101
683280.0,351.1552682374686,71.7735337615828
683340.0,336.62708528841074,71.6899253643834
683400.0,382.11247102850916,71.60977605836234
683460.0,348.00510061270717,71.51879689859365
683520.0,251.32732436399334,71.4359385413049
683580.0,285.36662592917054,71.37609870217062
683640.0,410.7755773904942,71.30815426742558
683700.0,350.6254923512984,71.21035055852307
683760.0,242.99657041350298,71.12686829843943
683820.0,363.33448157920094,71.0690119721505
683880.0,306.9883321534747,70.9825037622507
683940.0,286.4290172382552,70.90941130221415
684000.0,268.5809095340229,70.84121391715743
684060.0,395.66245400267115,70.77726608155409
684120.0,216.149390436048,70.68306073536297
684180.0,282.25920232818174,70.63159659478296
684240.0,338.16981875613675,70.56439202280006
684300.0,424.1343523446447,70.4838753992867
684360.0,361.1536948386315,70.38289102968083
684420.0,275.66964318480177,70.29690205471925
684480.0,416.7205222824727,70.23126642538953
684540.0,242.199372494187,70.13204725341751
684600.0,337.9936561732796,70.074380736157
684660.0,349.9264982160791,69.99390605611573
684720.0,266.3976096872396,69.91059022320714
684780.0,359.7444071176145,69.84716222090066
684840.0,285.69880556380906,69.76150879063457
684900.0,356.9032079452732,69.69348526550033
684960.0,203.50038517796912,69.60850831122764
685020.0,332.6750739455299,69.56005583856621
685080.0,286.5693755591857,69.4808474876268
685140.0,379.01607057358984,69.41261668392224
685200.0,306.151789078879,69.3223747623571
685260.0,382.5198318252118,69.24948147924309
685320.0,336.8168012930758,69.15840532880851
685380.0,297.52195813656124,69.07821085231016
685440.0,351.2634105024062,69.00737229084908
685500.0,350.4957986200561,68.92373814549136
685560.0,330.03407454598374,68.84028676486753
685620.0,163.06660781849473,68.76170722330896
685680.0,240.55419295291503,68.72288184049503
685740.0,381.47510091998294,68.6656070326491
685800.0,222.0105978066985,68.57477962766816
685860.0,349.27116030177507,68.52191996152371
685920.0,337.6842043110017,68.43876016145185
685980.0,250.74273307057268,68.35835916042542
686040.0,173.58194474489596,68.29865850969433
686100.0,258.1860501552242,68.25732947523126
686160.0,416.04352363160416,68.19585660614668
686220.0,238.62450214943104,68.09679862432962
686280.0,241.84077096255152,68.039983266675
686340.0,228.73273923797993,67.98240213073153
686400.0,360.5824694094829,67.92794195472248
686460.0,272.244261941336,67.84208898581547
686520.0,248.40456147892525,67.77726892344847
686580.0,369.9228713733572,67.71812498023921
686640.0,319.0551711162018,67.63004810610269
686700.0,228.31464118877292,67.55408258917026
686760.0,209.25881749291273,67.4997219603158
686820.0,351.3809437930234,67.4498984323413
686880.0,282.12985593528765,67.36623630286677
686940.0,187.42529942833838,67.29906252764408
687000.0,172.64335480427215,67.25443745635162
687060.0,211.94353485835498,67.21333189568394
687120.0,203.82657504253268,67.1628691492891
687180.0,154.73487898759453,67.1143390123742
687240.0,210.8468020642627,67.07749737452001
687300.0,221.00381075981778,67.0272957549809
687360.0,247.73271100486429,66.97467580003809
687420.0,376.4264765165361,66.9156918212274
687480.0,258.2127252487653,66.82606646967584
687540.0,263.5532616673627,66.76458724937851
687600.0,303.56030684372223,66.70183647279104
687660.0,258.1757565975316,66.62956020925682
687720.0,295.84631732894803,66.56808979101932
687780.0,288.1085936409721,66.49765019165528
687840.0,278.0736596518311,66.42905290745504
687900.0,436.1648591547789,66.36284489325223
687960.0,324.3147176346081,66.258996117263
688020.0,204.22566659478576,66.18177832734999
688080.0,290.8355030551314,66.13315316863694
688140.0,220.62233950865232,66.06390662029048
688200.0,294.4169825205553,66.01137749183604
688260.0,184.65691678928007,65.94127821028353
688320.0,200.238280832069,65.89731227771465
688380.0,286.88687335437686,65.84963649656416
688440.0,325.6702504135355,65.78133009814646
688500.0,295.5365876933734,65.70378956233371
688560.0,316.2027572747101,65.633423708121
688620.0,286.972417581722,65.55813733734131
688680.0,274.49028354789675,65.48981057125042
688740.0,233.52559284971417,65.42445574183425
688800.0,312.1432603531951,65.36885441020337
688860.0,324.4809930984653,65.29453458630975
688920.0,258.83534498630416,65.21727720700059
688980.0,255.2495679600523,65.15564974390861
689040.0,357.40095786044384,65.09487603725145
689100.0,260.3512552148157,65.00978057109421
689160.0,265.78598217313953,64.94779217699545
689220.0,289.9748099217711,64.88450980028756
689280.0,254.7373071663528,64.81546817887761
689340.0,211.07753736885513,64.7548164390761
689400.0,282.6758598060039,64.7045598825597
689460.0,257.3801363691567,64.63725610641542
689520.0,369.95532769394026,64.57597512156562
689580.0,306.44940646641373,64.48789051973372
689640.0,223.14280709093526,64.41492637533696
689700.0,302.3515635478257,64.3617971355534
689760.0,276.822919241642,64.28980866804201
689820.0,336.66623779531295,64.22389844917495
689880.0,226.38963008650776,64.14373982112845
689940.0,268.9400702846133,64.08983752825071
690000.0,251.44276081323545,64.02580417818295
690060.0,260.67214968565645,63.9659368541798
690120.0,203.8324462202928,63.9038720566356
690180.0,291.2859463931662,63.85534052182124
690240.0,281.6017021553056,63.785986725060965
690300.0,333.43547171223116,63.71893870073827
690360.0,255.52419800973533,63.63954930271155
690420.0,231.2244357957472,63.57871020794733
690480.0,303.106768108252,63.52365677085311
690540.0,207.9162647655927,63.451488492732096
690600.0,320.4920280549535,63.40198462016886
690660.0,320.19279496899594,63.325676994441494
690720.0,330.49310593548046,63.24944061468697
690780.0,277.49251379535485,63.170751779940424
690840.0,225.5486710919623,63.104682133798676
690900.0,261.13748566917786,63.05098006925297
690960.0,277.24246660711475,62.988804477426974
691020.0,220.6861836572699,62.922794366330045
691080.0,334.14214553025266,62.87025003688784
691140.0,288.82473995037304,62.79069238319016
691200.0,196.46662383347964,62.72192458796388
691260.0,362.9724218451665,62.675146820384484
691320.0,255.8433578810442,62.588724815183255
691380.0,184.35381892342704,62.527809729973484
691440.0,200.18475426401108,62.48391596356314
691500.0,339.2670176049381,62.43625292683362
691560.0,3712.9678688677195,62.35547506549911
691620.0,3664.0378772763,61.47143509672108
691680.0,3682.6272931703934,60.59904512594101
691740.0,3676.4657019870474,59.722229103757584
691800.0,3636.883743846548,58.846880127094
691860.0,3623.211282190012,57.980955426178156
691920.0,3635.8605668512764,57.11828607327577
691980.0,294.160930094212,56.252604985930226
692040.0,205.5041234219915,56.182566669241126
692100.0,293.91752790651657,56.13363711604541
692160.0,337.5170153482454,56.06365675225815
692220.0,237.61765920407538,55.983295558127615
692280.0,231.2051382111851,55.926719924983786
692340.0,278.5927843474955,55.87167108255255
692400.0,211.0205532703161,55.80533946723172
692460.0,170.99088984089917,55.755096478357835
692520.0,318.86314983414127,55.71438436172905
692580.0,222.9429324649281,55.638464564149494
692640.0,251.1069234812469,55.585382913562604
692700.0,213.39250704673088,55.525595550828974
692760.0,326.60529921327105,55.47478781105594
692820.0,301.1905806938766,55.39702464457659
692880.0,235.5556396783824,55.32531260155424
692940.0,179.20617129079963,55.26922792544034
693000.0,229.18422599843413,55.22655978941872
693060.0,284.20917749135526,55.17199211656195
693120.0,261.31815904188267,55.104323264778294
693180.0,256.5459008729574,55.04210465548261
693240.0,262.70194529711085,54.981022298131904
693300.0,295.52779526519174,54.91847421591831
693360.0,247.4884709107031,54.84811045514088
693420.0,277.00083210475276,54.78918462873357
693480.0,190.7848746894507,54.723232049661014
693540.0,403.23107601600054,54.67780707949686
693600.0,232.9684726610223,54.58179968044543
693660.0,262.21561490853844,54.52633099647852
693720.0,283.9879687459726,54.46389870721458
693780.0,225.3526095617688,54.396282524179824
693840.0,250.4695312485421,54.34262714095083
693900.0,249.7405636198456,54.282991538272604
693960.0,195.15776541164928,54.2235294993155
694020.0,276.31542062387666,54.17706336469367
694080.0,151.04674924386893,54.111273978830845
694140.0,355.1625708789801,54.075310467106114
694200.0,297.5783225999681,53.990747950230165
694260.0,288.34741652830013,53.91989596865874
694320.0,145.80155432134265,53.85124182186629
694380.0,202.44836713038643,53.816527166075495
694440.0,333.36080173355083,53.768325173901594
694500.0,499.07458579823935,53.68895355444123
694560.0,321.6816579425142,53.57012627210831
694620.0,312.216723332035,53.493535401169616
694680.0,281.49858174136455,53.41919808609056
694740.0,199.15030635722835,53.35217461424738
694800.0,309.7105938964696,53.30475787463852
694860.0,183.92772029760482,53.23101725704412
694920.0,177.3650631072469,53.18722494268755
694980.0,173.58842691774402,53.14499516575725
695040.0,308.5435596660428,53.103664587919695
695100.0,246.55537308756192,53.03020183561826
695160.0,256.0517190369143,52.971498175359315
695220.0,249.07601471325682,52.91053348035052
695280.0,182.4572776798559,52.85122966732356
695340.0,209.75643642148248,52.807787458352166
695400.0,212.77474055324487,52.75784544968038
695460.0,165.68404986252855,52.707184797167706
695520.0,219.7477564809528,52.6677362138671
695580.0,185.12200217467966,52.61541531946688
695640.0,284.6609566357961,52.57133865228243
695700.0,289.65871421079714,52.50356223403581
695760.0,172.38213675403472,52.43459587350943
695820.0,232.2026144244187,52.39355250761561
695880.0,361.3641519192612,52.33826617084789
695940.0,191.15482671236208,52.25222708705759
696000.0,275.59891413471615,52.206714033078455
696060.0,256.33200876386894,52.14109524399876
696120.0,315.5739972281601,52.0800638133407
696180.0,267.72880887888635,52.004927147333994
696240.0,224.12312821052015,51.94118219283902
696300.0,254.00676677014948,51.88781954326509
696360.0,254.8831830971724,51.82734174165315
696420.0,244.49934717593698,51.76665526948716
696480.0,170.85444743212463,51.708441139207174
696540.0,324.5865331622765,51.66776150886619
696600.0,313.98731960046973,51.59047900097041
696660.0,187.3500563791179,51.51572011535125
696720.0,231.95796015980847,51.47111295907051
696780.0,236.49646488682498,51.41588487331818
696840.0,180.61059127994565,51.359576191202265
696900.0,137.99406528498582,51.316573669468944
696960.0,209.76641255916084,51.28371793963919
697020.0,228.61797039852584,51.23377355569653
697080.0,163.52825933457618,51.179340705601646
697140.0,260.6210836884021,51.14040540576008
697200.0,319.7739651702984,51.07835276678665
697260.0,300.52973616589344,51.00221610841277
697320.0,242.40182064356594,50.93066140932565
697380.0,139.57846324987764,50.8729466901248
697440.0,292.94552426321724,50.83971372268435
697500.0,258.78714717555226,50.76996478833597
697560.0,275.46493211936263,50.70834880091322
697620.0,366.170298399589,50.642761912313375
697680.0,200.51571471497277,50.55557850793252
697740.0,77.51575696346046,50.507836671095625
697800.0,186.7977582350217,50.48938053848528
697860.0,279.1680776367967,50.44490488176265
697920.0,251.62129023112848,50.37843629184913
697980.0,177.06795422064235,50.31852646084172
698040.0,164.82348957360392,50.27636742412252
698100.0,228.73042837269676,50.2371237361288
698160.0,175.24175365320843,50.18266411032578
698220.0,281.2459328981557,50.140939883265496
698280.0,225.3228396332784,50.073976565908794
698340.0,212.3819380869775,50.020328270758014
698400.0,204.51302017548784,49.96976114264207
698460.0,265.79759822585953,49.92106756640981
698520.0,252.5674575949338,49.85778242397508
698580.0,262.12905145903943,49.79764731502391
698640.0,260.8201369802133,49.73523563610509
698700.0,245.68143978599832,49.67313560349075
698760.0,188.02618784660208,49.61464002258932
698820.0,206.19211820692556,49.56987188262585
698880.0,226.3353895378713,49.52077852114801
698940.0,373.9286143994758,49.46688914268661
699000.0,169.08779871090772,49.377858520210545
699060.0,224.88053060902268,49.33759952051747
699120.0,255.9163560175769,49.284056537039135
699180.0,231.82165142127164,49.22312407132066
699240.0,314.46114998896894,49.16792844002988
699300.0,231.51454352184663,49.09305673765156
699360.0,235.95346272340396,49.03793422728921
699420.0,298.90527501916944,48.98175483140269
699480.0,358.67197669663295,48.91058690877908
699540.0,334.480992500792,48.825188819089405
699600.0,241.8337760808968,48.7455504875416
699660.0,247.06418718317494,48.687971017046145
699720.0,252.84034309414582,48.629146210573964
699780.0,258.8594255615278,48.56894612888488
699840.0,199.20097764838448,48.50731293232261
699900.0,306.24003371663196,48.45988412812061
699960.0,262.4436399012453,48.38696983437856
700020.0,247.3585602532247,48.32448325344969
700080.0,173.7842093145546,48.265588358151305
700140.0,253.7932742061729,48.22421116545736
700200.0,136.4667116435482,48.163784195408276
700260.0,215.16402500019254,48.13129212120743
700320.0,216.28085648089618,48.08006259144548
700380.0,267.29037132321747,48.02856714942622
700440.0,362.8658204433041,47.964926584825456
700500.0,284.39365563580844,47.878529960910384
700560.0,336.9879620657593,47.810817185759
700620.0,288.80145163249216,47.73058195669572
700680.0,317.5970805222554,47.661819706307035
700740.0,361.52694198491076,47.586201353801734
700800.0,206.19481433749192,47.500123510471994
700860.0,202.28479015741874,47.45102950705831
700920.0,290.24606594840515,47.402866461782736
700980.0,249.90340018340007,47.333760255604545
701040.0,263.3523894162524,47.27425944603707
701100.0,235.21857191547696,47.21155649617606
701160.0,214.37088061576532,47.15555207429142
701220.0,347.4005131850086,47.104511388430524
701280.0,184.1716267278655,47.02179698052933
701340.0,291.35594139617217,46.977946593213176
701400.0,281.63568865396655,46.908576130975995
701460.0,155.45127522748658,46.841520014629815
701520.0,200.35585423087443,46.80450780624232
701580.0,210.45238516278897,46.756804031425446
701640.0,284.1005797361945,46.7066963206724
701700.0,228.2157365750105,46.639053325497116
701760.0,245.1153880496972,46.584716245360205
701820.0,162.8055208457795,46.526355438681705
701880.0,389.8333333449424,46.48759221943271
701940.0,254.56534897218347,46.39477475911249
702000.0,280.2493930452439,46.334163961738156
702060.0,217.88831682915446,46.267437915775005
702120.0,211.1855280926403,46.215559745101395
702180.0,365.12241967104154,46.16527747650791
702240.0,135.37710556767337,46.078343567062426
702300.0,267.11921601274696,46.04611092287965
702360.0,177.73111753171628,45.98251110954328
702420.0,226.143252433941,45.94019417679763
702480.0,212.18067999742638,45.88635054526574
702540.0,191.33181479145503,45.83583133574255
702600.0,252.6422561306562,45.790276141744584
702660.0,96.46047807623171,45.730123223618236
702720.0,231.64064160176258,45.70715644312389
702780.0,245.18157752808347,45.65200390940919
702840.0,169.07276554728588,45.59362734333107
702900.0,341.45427745326174,45.55337192296267
702960.0,215.0269199037474,45.4720732854738
703020.0,236.48016939136045,45.42087639978243
703080.0,215.2324720564819,45.364571597546394
703140.0,245.90971431237583,45.31332577086628
703200.0,329.3321160472458,45.25477583888714
703260.0,399.26600670595826,45.17636343030446
703320.0,295.66687013041525,45.08130009537447
703380.0,316.25354948434125,45.0109032215339
703440.0,354.0070012554153,44.93560475737096
703500.0,266.0031490090739,44.851317376119674
703560.0,345.3376544153239,44.78798329302227
703620.0,298.72065821420045,44.705760041971004
703680.0,259.87217865224943,44.634636075729524
703740.0,272.3121952277241,44.57276174747899
703800.0,142.06805424674602,44.50792551052001
703860.0,268.9442059083451,44.4740997833184
703920.0,158.8589161660043,44.41006544857832
703980.0,154.0371768937542,44.37224189711023
704040.0,263.19855316183,44.33556637880219
704100.0,184.85667811774076,44.272900056620806
704160.0,251.35329915265177,44.22888656183087
704220.0,260.1682097248296,44.16904053822309
704280.0,262.9305318087559,44.10709572638385
704340.0,197.78921378023952,44.04449321881033
704400.0,306.0500347410913,43.99740054886266
704460.0,246.87135181560598,43.92453149297192
704520.0,278.79029475922914,43.865752599682494
704580.0,180.64371559996664,43.799373958073154
704640.0,241.83896862260272,43.75636354959697
704700.0,318.4891561016982,43.698782842782066
704760.0,310.9794938153978,43.62295209132928
704820.0,205.0532596277553,43.548909354706566
704880.0,220.2841059064142,43.500087150033295
704940.0,193.8281224922986,43.44763855338891
705000.0,213.90139662969068,43.40148900041456
705060.0,169.4842495715149,43.350560096455105
705120.0,245.28533737825018,43.31020670369998
705180.0,291.717415523996,43.25180543289564
705240.0,206.78497696032014,43.18234890538992
705300.0,248.61680957538138,43.13311438706604
705360.0,240.99451010135869,43.073919908595705
705420.0,317.709150817831,43.016540263333475
705480.0,217.89071188259078,42.94089522742447
705540.0,220.2642365103261,42.88901648650004
705600.0,204.21390922481626,42.83657262066425
705660.0,186.92978459390253,42.78795026132501
705720.0,287.1440554367342,42.74344316975503
705780.0,247.50655046654413,42.67507553750819
705840.0,259.12989967735047,42.61614540644473
705900.0,332.55598478378084,42.55444781128345
705960.0,336.24689825259566,42.47526781490636
706020.0,157.8011064906131,42.395209029608125
706080.0,295.7071701417582,42.35763733758655
706140.0,270.646892702578,42.28723086850518
706200.0,229.6929198100285,42.22279113214743
706260.0,277.3392758502082,42.16810234171647
706320.0,154.39496919601697,42.10206918079975
706380.0,346.0463123413588,42.06530847384832
706440.0,289.50459622071753,41.982916494719426
706500.0,207.0269092112241,41.91398682895259
706560.0,224.15590801491504,41.86469470771182
706620.0,157.4446874213405,41.811324253422555
706680.0,241.16049028441765,41.77383742308414
706740.0,231.41024226151958,41.716418258730705
706800.0,181.25585525598007,41.66132058200177
706860.0,307.7653116993415,41.61816442598844
706920.0,338.18439338545755,41.54488697082193
706980.0,260.361309383841,41.464366877158724
707040.0,244.10380606939148,41.40237608921019
707100.0,288.9949934928735,41.34425613538415
707160.0,262.18481408048507,41.27544780360013
707220.0,198.9138908769218,41.21302284786668
707280.0,225.18003886093476,41.16566239765789
707340.0,247.06554174613245,41.112048102691
707400.0,280.26912243679436,41.053222973703825
707460.0,266.4799283860591,40.98649223026649
707520.0,279.0995966012348,40.923044628269814
707580.0,175.56171168947685,40.85659234336476
707640.0,307.55500132205935,40.81479193581965
707700.0,268.45436759234667,40.74156455455249
707760.0,422.036712209727,40.677646847982885
707820.0,246.25848400771562,40.57716191650438
707880.0,289.58440379620373,40.51852894412159
707940.0,440.6087112992055,40.44958027655107
708000.0,283.1983964062302,40.344673440527444
708060.0,268.2114236812471,40.277245250906915
708120.0,213.78967133074607,40.213385388125666
708180.0,365.4564190912313,40.162483085427866
708240.0,204.98986846204937,40.07546965231091
708300.0,300.9591709157208,40.02666254077232
708360.0,247.7353251799464,39.955005595316194
708420.0,265.62632324421463,39.896020994082875
708480.0,192.4098919347768,39.83277663140568
708540.0,359.31461195395076,39.78696475237359
708600.0,262.9624576627894,39.70141365428932
708660.0,207.65074370661625,39.638803545321984
708720.0,356.66623674964717,39.5893628920585
708780.0,252.2284580884536,39.504442359499066
708840.0,303.54849319523214,39.4443879647161
708900.0,334.97628140745945,39.37211451395533
708960.0,313.9767822609422,39.292358256477364
709020.0,154.80451742120766,39.21760187974857
709080.0,329.4168028751786,39.18074366131495
709140.0,282.77646098125933,39.10231108920181
709200.0,270.2148941951905,39.03498336039675
709260.0,284.58119360032396,38.97064648082647
709320.0,195.71883839563537,38.90288905377877
709380.0,305.0725063820977,38.85628933035124
709440.0,212.92682646107602,38.783653019307884
709500.0,278.9148700259898,38.73295615586477
709560.0,306.7432150251066,38.66654785347763
709620.0,363.13908187145796,38.593513754662126
709680.0,250.87723468071664,38.507052068502254
709740.0,388.53433452272157,38.447319393578276
709800.0,359.6634859593362,38.354811218691914
709860.0,278.5292555193133,38.26917705536826
709920.0,239.23899377456814,38.2028605659589
709980.0,220.6338474161036,38.145898900774476
710040.0,325.0958639571239,38.09336703234207
710100.0,266.11051939036463,38.01596325520942
710160.0,383.89519579796314,37.952603607735526
710220.0,272.77801019188104,37.861199989688394
710280.0,261.1544034910781,37.79625284440461
710340.0,330.8871581371345,37.73407322452579
710400.0,277.4114812614307,37.65529056782647
710460.0,320.8219024969745,37.589240215145175
710520.0,381.2328460554816,37.51285404788399
710580.0,330.9018656590079,37.422084322632685
710640.0,332.95067603262464,37.343298164142446
710700.0,339.85642719880934,37.264024193658486
710760.0,227.84662879331262,37.18310599670639
710820.0,354.85790034266296,37.128856799374645
710880.0,342.88869926510677,37.044366823102585
710940.0,388.84187622099887,36.96272665661089
711000.0,373.6219211402808,36.87014525751065
711060.0,327.1915191414083,36.78118765723915
711120.0,403.31700563261205,36.70328491458643
711180.0,325.91030047245835,36.607257056102476
711240.0,360.42185772528427,36.529659365513794
711300.0,329.0771772315227,36.44384463748396
711360.0,377.6345680688036,36.36549292861932
711420.0,329.5517162787065,36.27557993622198
711480.0,453.23503019999055,36.19711524186991
711540.0,477.6931137923023,36.08920213944134
711600.0,411.38538268509905,35.975465683776505
711660.0,453.7526604977595,35.877516783137196
711720.0,271.2754947238779,35.769480435399636
711780.0,280.72659792008824,35.70489103189395
711840.0,349.12357032571714,35.638051365722504
711900.0,373.3256696855344,35.554926706121144
711960.0,361.4202391624459,35.4660396419103
712020.0,277.271282624087,35.379987204014476
712080.0,447.40700635520636,35.31397023196112
712140.0,510.1004256886427,35.2074447542575
712200.0,460.2692458689061,35.08599227195068
712260.0,451.1267407565148,34.97640435626761
712320.0,402.1712427998888,34.86899322751606
712380.0,340.6557406007391,34.77323816970656
712440.0,398.24098483567457,34.69212966003972
712500.0,522.8998890403475,34.59731037793598
712560.0,378.14157126706806,34.472810404354945
712620.0,374.67995601395637,34.382776696910405
712680.0,471.15173661809837,34.29356718357375
712740.0,477.88968737236576,34.18138819866468
712800.0,359.3675682735768,34.0676049397665
712860.0,397.34313749844785,33.98204123303469
712920.0,385.725024484291,33.88743572410649
712980.0,422.84365284404726,33.79559643256261
713040.0,487.7213927565772,33.694919372361646
713100.0,376.11055801976795,33.57879523122913
713160.0,492.5973545610504,33.48924509836728
713220.0,436.1941402327036,33.37196001394798
713280.0,572.5556172081167,33.268104266273525
713340.0,455.01344992462424,33.13178150027159
713400.0,432.9775133554117,33.023444964575255
713460.0,476.19308271451786,32.92035508044302
713520.0,424.40653504738845,32.8069757750348
713580.0,339.8505488417504,32.70592660002352
713640.0,436.07276811650434,32.625009802680246
713700.0,438.06793971154156,32.5211829531287
713760.0,360.8513633756187,32.41688106272119
713820.0,454.9553955030277,32.33096407144128
713880.0,338.25911742285984,32.22264135822627
713940.0,444.37274348232734,32.14210347312559
714000.0,482.79678925234697,32.03630043896313
714060.0,476.94556957970684,31.921348822474478
714120.0,449.4029180916199,31.80779035352693
714180.0,471.87187964859896,31.70078965874321
714240.0,432.89058312857514,31.58843921120783
714300.0,483.5071007805909,31.485370024748647
714360.0,489.2586437661613,31.370249286467555
714420.0,434.6642642425293,31.2537591331899
714480.0,507.6362267651641,31.150267641703582
714540.0,510.144399665429,31.029401873426163
714600.0,487.3543024353364,30.90793892112487
714660.0,645.4447978393177,30.79190218244979
714720.0,494.5790563578965,30.638224849630905
714780.0,489.0892328023866,30.520467931450455
714840.0,483.3033671456435,30.404018114116553
714900.0,453.1745553354973,30.28894588384378
714960.0,555.3477022867559,30.181047180192472
715020.0,475.7596980897591,30.048821536790864
715080.0,485.57469229491517,29.935545418198064
715140.0,490.0492683491269,29.819932396223084
715200.0,465.91315546443536,29.703253998997102
715260.0,422.5833049151356,29.592322295315093
715320.0,502.4816989913294,29.49170722271625
715380.0,585.237961880405,29.37206872295641
715440.0,547.2050732661199,29.232726351080125
715500.0,631.5366630508202,29.102439428873904
715560.0,585.4415450982026,28.952073556718947
715620.0,574.2689800750828,28.812682712647945
715680.0,658.2006185316468,28.675952003106257
715740.0,541.7859553501795,28.51923757012253
715800.0,553.7334524126462,28.390240914086775
715860.0,551.5552664795525,28.25839961589329
715920.0,647.123359879812,28.127076933398158
715980.0,556.8577242151202,27.972999942950583
716040.0,519.9772734599829,27.84041477051841
716100.0,596.2568737361503,27.716610657789843
716160.0,514.0973646007786,27.57464473547171
716220.0,597.1109324081299,27.452240601042956
716280.0,591.9147729368389,27.310071331421973
716340.0,557.6527500877035,27.169139242627487
716400.0,604.84806883142,27.03636477832089
716460.0,483.0385298066033,26.89235333336103
716520.0,583.0861848794971,26.777344159597554
716580.0,546.2629146499764,26.638514115578626
716640.0,746.2457974066696,26.508451516852443
716700.0,584.125851172671,26.33077394604133
716760.0,539.0606568040308,26.19169636242879
716820.0,492.0271167061831,26.063348586999258
716880.0,652.7527907688151,25.946199273497786
716940.0,552.9588942974481,25.790781942362354
717000.0,525.8471799968909,25.659125062767725
717060.0,592.7135132910852,25.533923353244656
717120.0,610.569827723631,25.39280108817535
717180.0,608.5223971176499,25.247427319669725
717240.0,570.4192137185263,25.102541034641714
717300.0,577.3877076177818,24.966726936137302
717360.0,580.2161884527997,24.829253672418783
717420.0,584.7931297138412,24.6911069608824
717480.0,588.2775567254064,24.551870501426723
717540.0,626.4882161244042,24.411804416492103
717600.0,562.1057421347557,24.262640555510103
717660.0,507.47721287801863,24.12880585500183
717720.0,545.4586959062142,24.00797794717373
717780.0,596.8414608888244,23.87810682910082
717840.0,441.79030095225255,23.736001719365383
717900.0,439.3744414445108,23.630813552471988
717960.0,598.425194306982,23.526200590223294
718020.0,631.5177046787354,23.383718401102584
718080.0,461.25386444031375,23.233357042845743
718140.0,539.9239214778945,23.12353469416948
718200.0,506.53025421882563,22.994981379531886
718260.0,511.3369649153228,22.874378938051212
718320.0,541.6807683467271,22.7526320416428
718380.0,442.01826296922144,22.623660430131675
718440.0,449.2795353792393,22.518417986567574
718500.0,493.6412734534945,22.411446668620137
718560.0,498.880331405009,22.29391303208359
718620.0,435.81597239955636,22.175132000796683
718680.0,546.4075713602517,22.0713662930825
718740.0,469.51664938200037,21.941269252282442
718800.0,464.69017013110465,21.829479573858155
718860.0,502.27616584815456,21.718839057160274
718920.0,472.7892338802583,21.599249493863095
718980.0,525.8703146299438,21.48668062865351
719040.0,414.60643305081487,21.361473410884475
719100.0,381.6520116907228,21.262757593491425
719160.0,441.6859759085949,21.171888066898397
719220.0,458.5612987352929,21.06672473930111
719280.0,375.0728425509801,20.95754347769747
719340.0,360.7225440611522,20.868240419947238
719400.0,449.29500637847434,20.78235409993268
719460.0,387.16086550993225,20.675379098413995
719520.0,339.6501103486332,20.58319793995925
719580.0,478.7983535840227,20.502328866066716
719640.0,376.9526220753528,20.38832925807052
719700.0,477.73822320929395,20.298578633766866
719760.0,404.2552507273366,20.184831437764654
719820.0,413.9397355775392,20.08858018759148
719880.0,377.182635078939,19.990023107692064
719940.0,224.09402574795496,19.900217718387555
720000.0,308.6419629287128,19.846861997971377
720060.0,362.6677720832955,19.773375816321682
720120.0,385.372630923252,19.68702634677804
720180.0,249.30591647894806,19.59527095846298
720240.0,346.5882542698502,19.535912406920374
720300.0,275.5086404977991,19.45339139399898
720360.0,349.88557490267806,19.387794098642363
720420.0,327.53358079758584,19.30448800937982
720480.0,366.12401653641626,19.226503823475632
720540.0,378.2682756505595,19.13933143858601
720600.0,334.4736285856575,19.049267563431112
720660.0,351.1652184765163,18.96963098519643
720720.0,271.0621443853538,18.8860202188925
720780.0,453.94624462963765,18.821481613086466
720840.0,203.84368177925046,18.713399173888934
720900.0,237.65993910026543,18.664864963941493
720960.0,315.69980523053283,18.608279264155716
721020.0,299.0168398361906,18.533112643862733
721080.0,275.2761651663889,18.461918158187448
721140.0,278.6769245657821,18.39637621410021
721200.0,105.21680495418946,18.330024565394073
721260.0,317.60976376935974,18.304972945166885
721320.0,201.99090204922067,18.229351572840848
721380.0,280.90316784906895,18.18125850092437
721440.0,76.01744800558885,18.114376794293637
721500.0,205.25877344772334,18.096277401911355
721560.0,147.84796442440586,18.047406265376182
721620.0,207.7382841285924,18.012204369084657
721680.0,184.14952527914664,17.962742872863565
721740.0,178.7653455677845,17.9188977477971
721800.0,84.90781282498506,17.87633457028096
721860.0,136.63435262236334,17.856118424370248
721920.0,120.81869600276451,17.823586435650636
721980.0,152.89324807708965,17.7948200794595
722040.0,174.0497638329383,17.758416925155434
722100.0,115.21082285123418,17.71697650519521
722160.0,21.0769197184797,17.689545356897295
722220.0,95.54326967949908,17.68452704267861
722280.0,237.17230860845615,17.661778645135872
722340.0,170.66675902084415,17.605309047848145
722400.0,-115.17773303452157,17.564674105224135
722460.0,58.44929869926972,17.59209737499426
722520.0,101.92257152193355,17.578180875303957
722580.0,26.388229056168427,17.553913596370162
722640.0,1.0421236689280704,17.547630684690123
722700.0,3.938236181578077,17.547382560007044
722760.0,44.38623274570591,17.546444884725716
722820.0,-66.36283206063507,17.535876734071977
722880.0,65.15036066040739,17.55167740837213
722940.0,-18.252266573593715,17.536165417738697
723000.0,-79.71987292546038,17.540511195494314
723060.0,35.114244792089664,17.559492117619424
723120.0,-133.78422655169817,17.551131583145118
723180.0,-83.11850640565763,17.582984970419332
723240.0,-92.83453837959695,17.602775090992107
723300.0,61.37703500498907,17.62487855251106
723360.0,-117.08221779930813,17.610264972747967
723420.0,-213.99517299662818,17.63814169127161
723480.0,-128.31603039166544,17.689092922937473
723540.0,-74.77634395063063,17.71964435874501
723600.0,-2313.1732149890977,17.73744825016183
723660.0,-2232.3094060808817,18.288203777540186
723720.0,-2293.160363498958,18.819706017083252
723780.0,-2374.9591226916355,19.365696579821098
723840.0,-2448.3664227623804,19.93116303760482
723900.0,-2306.072571431607,20.514107423976814
723960.0,-2434.245434751154,21.06317232193672
724020.0,-2460.2221429728197,21.642754568306042
724080.0,-2454.3409327630466,22.228521745204333
724140.0,-2513.0193549801315,22.81288863395744
724200.0,-2474.3296590099953,23.411226575619374
724260.0,-2468.941285073969,24.00035268490747
724320.0,-2419.6207866720383,24.58819584802032
724380.0,-245.81362141041558,25.164296035323186
724440.0,-307.03688752038823,25.222823088039952
724500.0,-335.65327194182777,25.29592710887814
724560.0,-235.2661923499506,25.375844554578574
724620.0,-251.87133720624178,25.431860314661897
724680.0,-297.8505150754988,25.491829680663383
724740.0,-300.97565719774747,25.562746469967074
724800.0,-257.9285483994462,25.634407340728444
724860.0,-206.08680986203564,25.69581889987117
724920.0,-344.5817786305191,25.74488718793356
724980.0,-300.66354487759315,25.826930468559876
725040.0,-256.69661348303146,25.898517026864067
725100.0,-368.9247700019716,25.95963526816955
725160.0,-331.43032996561845,26.047474499122398
725220.0,-340.87553098754466,26.126386482447543
725280.0,-425.3453092001166,26.207547323158863
725340.0,-344.5974051263761,26.308820015825557
725400.0,-360.8218771695959,26.390867017046123
725460.0,-337.3837860202725,26.47677698780079
725520.0,-449.8429616634472,26.55710646066276
725580.0,-385.93874235236035,26.664211927725486
725640.0,-311.50600463193666,26.75610210447605
725700.0,-277.5986820028534,26.830270200816987
725760.0,-333.24474828413975,26.89636512510338
725820.0,-488.44552321504233,26.975709112790078
725880.0,-398.49140119743583,27.092005665936515
725940.0,-462.2410089966654,27.186884570983523
726000.0,-423.8798938384246,27.296941954077965
726060.0,-494.87246529242805,27.39786573832521
726120.0,-558.9369938016055,27.515692515775786
726180.0,-484.3521247583148,27.648772752395217
726240.0,-427.8406138584115,27.764094686861483
726300.0,-461.3954757354173,27.865961499684914
726360.0,-461.94010757950895,27.975817565336204
726420.0,-480.54015706134766,28.085803305236087
726480.0,-476.6162643132079,28.200217628345932
726540.0,-476.4463557003395,28.31369769127765
726600.0,-531.9893930668434,28.42713729977773
726660.0,-517.7887150698009,28.55380144098412
726720.0,-425.3823924139167,28.677084468381693
726780.0,-528.633804665576,28.778365990385005
726840.0,-541.7415848833082,28.904231181972047
726900.0,-545.2239510369936,29.03321727361093
726960.0,-571.5350095896523,29.16303250004831
727020.0,-591.6071447201434,29.29911226423632
727080.0,-559.9521454448756,29.439971108217307
727140.0,-609.7645994819065,29.573293047608946
727200.0,-595.0631610885821,29.718475095104637
727260.0,-640.6354680071647,29.86015680012573
727320.0,-593.5579422038352,30.012689054413148
727380.0,-571.7827724544998,30.154012373985488
727440.0,-626.3069488846197,30.290151129331797
727500.0,-740.8141432233558,30.439271831447183
727560.0,-591.5703434101962,30.615656151262268
727620.0,-626.4246570759966,30.7565062330266
727680.0,-699.8345170594667,30.905654960901835
727740.0,-600.4112917517665,31.072282226868374
727800.0,-737.2418757163362,31.21523729633308
727860.0,-597.1027966220463,31.39077107626554
727920.0,-669.7222280743307,31.5329384087946
727980.0,-808.8272585918991,31.69239608214563
728040.0,-668.3729091732537,31.884974000857987
728100.0,-709.7838280458495,32.044110407804
728160.0,-725.1251826728115,32.213106557338726
728220.0,-742.2421162442854,32.38575541035606
728280.0,-711.838339942613,32.56247972374756
728340.0,-739.5060837187104,32.73196504278151
728400.0,-827.9481693672521,32.90803791985739
728460.0,-646.3373692203755,33.105168436373404
728520.0,-743.4003600399192,33.25905828618778
728580.0,-778.6953059175087,33.43605837191157
728640.0,-808.4878518994478,33.621462016177645
728700.0,-700.5047303057964,33.813959123772754
728760.0,-830.5838688848787,33.980745964321756
728820.0,-750.5311571717085,34.17850402834196
728880.0,-799.4450026993087,34.357201922906654
728940.0,-801.7702061185439,34.5475459711684
729000.0,-842.2409317212636,34.73844363929186
729060.0,-818.9923004355162,34.93897719446359
729120.0,-786.9536773354962,35.13397536123395
729180.0,-779.0365543399205,35.32134528440907
729240.0,-845.9273520873007,35.50683017829952
729300.0,-809.8480965499266,35.708241452606025
729360.0,-756.6487734880859,35.901062427975056
729420.0,-915.2415993124184,36.081216897853174
729480.0,-821.3517702193681,36.29913156435613
729540.0,-883.4783713350309,36.49469150964646
729600.0,-895.0120998684781,36.70504350282147
729660.0,-821.5741386322425,36.91814162183777
729720.0,-875.2978126642881,37.113754511988304
729780.0,-920.9029702586711,37.32215875309885
729840.0,-773.7140574082508,37.5414213650652
729900.0,-803.206194813981,37.725638997781445
729960.0,-979.5547299036444,37.91687856797525
730020.0,-957.2511939446373,38.15010588461898
730080.0,-838.3115765369982,38.37802283555818
730140.0,-896.1093171609027,38.57762082997175
730200.0,-794.0447147446156,38.79098019120054
730260.0,-852.1257606621368,38.98003845661592
730320.0,-876.1292313296212,39.18292554248786
730380.0,-960.3646285316067,39.391527740423484
730440.0,-874.4866556920839,39.62018598531196
730500.0,-985.4036321175015,39.828397093810075
730560.0,-835.3923693062834,40.063017006219006
730620.0,-893.1925043800686,40.26191995129193
730680.0,-972.7889685355412,40.47458483328718
730740.0,-879.7613390915906,40.70620125436707
730800.0,-798.2578767528132,40.91566823986507
730860.0,-950.4783107225475,41.10572963909193
730920.0,-909.0329291667692,41.33203399878778
730980.0,-972.5684256511329,41.548470410494154
731040.0,-946.1029754524088,41.78003432136347
731100.0,-1046.1881033989189,42.00529693456643
731160.0,-960.2801814255424,42.2543893401376
731220.0,-962.0925886495147,42.483027478572254
731280.0,-861.1905913680342,42.71209714253642
731340.0,-1081.2182579827313,42.917142521433576
731400.0,-994.7230450230903,43.17457544000089
731460.0,-904.8992903626124,43.411414260244484
731520.0,-1000.9731829462362,43.626866472235584
731580.0,-1000.9922003415008,43.86519342055612
731640.0,-1044.9162695390703,44.103524896827906
731700.0,-1055.050231776791,44.3523144848134
731760.0,-1112.7824314171626,44.60351692095073
731820.0,-1045.0854844920577,44.868465118907196
731880.0,-1070.7592546054757,45.11729499616721
731940.0,-1008.3449681156421,45.37223767583518
732000.0,-1066.6806478564336,45.61231981110081
732060.0,-1052.1531266597312,45.866291393923774
732120.0,-1054.4308988136438,46.116804043128475
732180.0,-1034.0731293201836,46.36785901903649
732240.0,-1066.7428702118186,46.61406690696987
732300.0,-1102.550626002827,46.868053304639346
732360.0,-1037.4729434227756,47.130565358449545
732420.0,-982.3088829167372,47.377582725931155
732480.0,-1042.3522574993985,47.61146579329228
732540.0,-1090.315146062634,47.85964490222071
732600.0,-1064.7436599827347,48.119243746521335
732660.0,-1183.9849900582694,48.372754141755316
732720.0,-1072.8664547965718,48.654655329864426
732780.0,-1092.0418601436609,48.91009972386361
732840.0,-1127.5094930497944,49.17010969056448
732900.0,1429.7577863110214,49.43856433176681
732960.0,1446.8626476107315,49.09814581121657
733020.0,1527.6545156896425,48.753654704642585
733080.0,1530.2982974333106,48.38992743900219
733140.0,1405.7922494058525,48.02557070151807
733200.0,1427.1377189980574,47.690858261183344
733260.0,1425.4471647883463,47.351063566183804
733320.0,-1049.436544060734,47.01167138409134
733380.0,-1092.4232327969262,47.261537227915326
733440.0,-1098.6927344684009,47.52163799762888
733500.0,-1075.1529340384473,47.783231505835644
733560.0,-1146.144038990971,48.039220299654325
733620.0,-1031.5184770833894,48.31211173750932
733680.0,-1116.4105956240671,48.55771137491013
733740.0,-1170.576629151106,48.82352342148729
733800.0,-1135.877898655168,49.10223214271374
733860.0,-1051.0229354982198,49.37267926144116
733920.0,-1153.2477771433505,49.62292281751216
733980.0,-1073.5277720824165,49.897505621593915
734040.0,-1170.745269654251,50.15310747208973
734100.0,-1181.8488311670317,50.43185634581693
734160.0,-1098.9787716205108,50.713248924666225
734220.0,-1193.5996111066192,50.97491053695682
734280.0,-1094.3764330088698,51.259100920553635
734340.0,-1125.1597433709185,51.5196667379367
734400.0,-1201.1621752518233,51.78756191492978
734460.0,-1155.4830365862886,52.07355290903736
734520.0,-1186.5334758747374,52.34866791774838
734580.0,-1135.0395026804904,52.63117588819475
734640.0,-1045.0417281993246,52.90142338883296
734700.0,-1182.8437937568115,53.150242847928034
734760.0,-1130.827123110253,53.43187232263204
734820.0,-1163.5996504199043,53.70111687575353
734880.0,-1165.795144472618,53.97816441156779
734940.0,-1179.28348176309,54.25573468406127
735000.0,-1222.9087619264724,54.53651646543343
735060.0,-1153.407755122258,54.82768521827307
735120.0,-1192.8529148044502,55.102306112349794
735180.0,-1231.7884188291287,55.38631871111276
735240.0,-1118.5816948157837,55.67960166797683
735300.0,-1175.3827902196858,55.94593064293297
735360.0,-1196.860110956958,56.22578368822337
735420.0,-1104.5810412031558,56.51075038130836
735480.0,-1296.9189843090255,56.77374586730912
735540.0,-1112.1138196177208,57.08253610166841
735600.0,-1242.9825752938975,57.3473251063393
735660.0,-1179.1267658247334,57.64327333855213
735720.0,-1228.7090883833805,57.92401780660563
735780.0,-1250.3709326649173,58.21656758955406
735840.0,-1117.6822863047937,58.51427495447428
735900.0,-1086.6260316768785,58.78038978454685
735960.0,-1212.7149939239634,59.03911026827944
736020.0,-1180.7142256865081,59.32785193349943
736080.0,-1198.7832532938928,59.60897436818669
736140.0,-1099.6910516760204,59.894398952304286
736200.0,-1331.5878819954733,60.15623015508429
736260.0,-1183.4074498438308,60.47327488889273
736320.0,-1250.85699400753,60.75503856742698
736380.0,-1349.7403241912555,61.052861661238296
736440.0,-1231.1258181659719,61.374228405093355
736500.0,-1099.6810302707918,61.667353599894774
736560.0,-1250.9552264208644,61.92918241662591
736620.0,-1165.1329911980154,62.22702889910707
736680.0,-1141.6035247384852,62.504441516058975
736740.0,-1215.1888487256203,62.776251879091944
736800.0,-1208.0610987885907,63.065582557359946
736860.0,-1319.0858808476955,63.353216152309614
736920.0,-1259.855549611241,63.667284219178114
736980.0,-1163.201079756911,63.96724982622841
737040.0,-1214.6746877181429,64.24420246426577
737100.0,-1196.9268908847082,64.53341072324628
737160.0,-1211.5878861999668,64.81839331631406
737220.0,-1088.6250616841553,65.10686662255215
737280.0,-1246.5024150086078,65.36606306581028
737340.0,-1124.8304961894373,65.66284935509805
737400.0,-1213.5867050315726,65.93066613990506
737460.0,-1120.3446663103027,66.21961535538877
737520.0,-1295.8528859898772,66.48636408546265
737580.0,-1211.5905378027885,66.79490048688882
737640.0,-1246.5642068006969,67.08337442446091
737700.0,-1214.805836856368,67.38017542608013
737760.0,-1150.0206158483497,67.66941491104593
737820.0,-1200.781458634733,67.94322934339078
737880.0,-1150.3917388079424,68.22912969068477
737940.0,-1263.8904478970578,68.50303248563904
738000.0,-1273.0675453896795,68.80395878275739
738060.0,-1222.709281222094,69.10707010308826
738120.0,-1225.9306362891382,69.39819136052209
738180.0,-1234.6568020450557,69.6900796072576
738240.0,-1280.8746959752577,69.98404551250643
738300.0,-1151.2470733719283,70.28901567821482
738360.0,-1244.7036083413,70.56312212425576
738420.0,-1137.0937369109179,70.85948012624178
738480.0,-1221.5767216436004,71.13021673026819
738540.0,-1183.0763511453124,71.42106833065952
738600.0,-1188.1181505165032,71.7027531761703
738660.0,-1270.5937505926681,71.98563845010281
738720.0,-1198.6195410255302,72.2881607716725
738780.0,-1104.424122734936,72.57354637667858
738840.0,-1204.4577018777568,72.83650450113927
738900.0,-1164.8661483353794,73.1232801444435
738960.0,-1176.6927608356239,73.40062922738049
739020.0,-1199.1704409018373,73.6807941704366
739080.0,-1205.6671050128543,73.9663109420799
739140.0,-1183.23739142276,74.25337453851154
739200.0,-1169.4579904836041,74.53509772694552
739260.0,-1295.5215603337006,74.8135401056321
739320.0,-1198.6485082024683,75.12199761999727
739380.0,-1223.5845474210355,75.40739012195024
739440.0,-1235.042945726564,75.6987197760981
739500.0,-1132.7632412281505,75.99277762031872
739560.0,-1253.437998582486,76.26248315394447
739620.0,-1292.0218821474061,76.56092077265458
739680.0,-1159.4377208637802,76.86854503030872
739740.0,-1291.2077702760994,77.14460163051439
739800.0,-1320.4227059783852,77.45203205200869
739860.0,-1148.9706311911139,77.76641841057497
739920.0,-1192.6225703234154,78.03998284657285
739980.0,-1172.4206362100483,78.32394060141176
740040.0,-1225.9261284494585,78.60308837193797
740100.0,-1281.0003110976013,78.89497554537832
740160.0,-1267.597513511118,79.19997561944918
740220.0,-1211.2548811374077,79.50178455123753
740280.0,-1269.6999764299612,79.79017857055597
740340.0,-1173.3239435223525,80.09248808875357
740400.0,-1217.8450278925466,80.37185093244936
740460.0,-1177.3050101321137,80.66181403432854
740520.0,-1177.367162906854,80.94212475102667
740580.0,-1161.6962813172872,81.22245026600449
740640.0,-1153.1229048914129,81.49904461869907
740700.0,-1201.8729649936022,81.77359769129227
740760.0,-1168.3073922337499,82.05975792105265
740820.0,-1163.2513009446648,82.33792634777497
740880.0,-1321.1711468695792,82.61489094323798
740940.0,-1134.6319014664923,82.92945550201645
741000.0,-1162.3724909482453,83.19960595474657
741060.0,-1135.431607718182,83.47636130973424
741120.0,-1244.3506958703506,83.74670216871476
741180.0,-1183.912119330883,84.04297614392199
741240.0,-1228.2433389860544,84.32485998185791
741300.0,-1115.8216131516347,84.61729887209269
741360.0,-1242.5111823337384,84.88297068474785
741420.0,-1211.5904306603275,85.1788066805416
741480.0,-1121.4398010184505,85.46728059260359
741540.0,-1188.8492691082095,85.73429006903655
741600.0,-1204.339122224509,86.01734941882421
741660.0,-1091.7422348106277,86.30409682887766
741720.0,-1086.7533412151274,86.56403545621353
741780.0,-1097.7234466787884,86.82278625174094
741840.0,-1087.517933509179,87.08414897714064
741900.0,-1149.6892901393855,87.34308181845235
741960.0,-1145.385455859058,87.61681736372363
742020.0,-1169.2715244742817,87.88952818654721
742080.0,-1117.5611974524309,88.16792616856489
742140.0,-1156.4987803105535,88.43401216795833
742200.0,-1147.9705246559874,88.70936902041322
742260.0,-1083.1160424537034,88.9826953358075
742320.0,-1045.123181601411,89.24058010782029
742380.0,-1089.3474486193288,89.48941896058254
742440.0,-1002.5938082129974,89.74878740073
742500.0,-1149.5556693404383,89.98750021220928
742560.0,-1214.4375777322268,90.26120394300463
742620.0,-1058.1782915442288,90.55035574722659
742680.0,-1144.2254573582354,90.80230295949903
742740.0,-1111.1591851150054,91.07473759220338
742800.0,-1197.710488946649,91.33929930294505
742860.0,-1142.2233172038161,91.62446846697996
742920.0,-1175.1154233982793,91.89642639964754
742980.0,-1107.7142387176286,92.17621578617094
743040.0,-1101.966702676373,92.4399572715799
743100.0,-1069.4969819335493,92.70233029602666
743160.0,-997.0757642805086,92.95697243458227
743220.0,-1027.3729628002054,93.19437142607762
743280.0,-1161.809494158396,93.43898403626815
743340.0,-1024.4542681544112,93.7156053444011
743400.0,-1050.6498125833548,93.959523027295
743460.0,-1059.6087236621768,94.20967774457675
743520.0,-1051.4494178482992,94.46196553592489
743580.0,-1034.1269959766298,94.71231063541258
743640.0,-1084.1905547645852,94.95853134874035
743700.0,-1049.8602375759285,95.21667195701764
743760.0,-964.0894342220514,95.46663868025
743820.0,-1073.5316048527845,95.6961837836362
743880.0,-1089.2270173119236,95.95178654669638
743940.0,-1027.2377899173894,96.21112631272302
744000.0,-1087.4362009085917,96.45570673889384
744060.0,-1119.001444460608,96.71462012006255
744120.0,-1032.300235962488,96.98104903541031
744180.0,-920.6782704050447,97.22683480587757
744240.0,-1005.8409630032934,97.44604391787877
744300.0,-988.7051067881218,97.68552986145099
744360.0,-1123.0896565037356,97.92093583925768
744420.0,-964.8203814015326,98.0
744480.0,-981.2993746649367,98.0
744540.0,-1022.5560170173512,98.0
744600.0,-967.5844117922891,98.0
744660.0,-963.8730936883367,98.0
744720.0,-1033.3093810823214,98.0
744780.0,-945.4554865284865,98.0
744840.0,-889.132205623897,98.0
744900.0,-970.1975823261861,98.0
744960.0,-1004.1047765237212,98.0
745020.0,-958.19935253562,98.0
745080.0,-891.7306994726605,98.0
745140.0,-1012.0172085060648,98.0
745200.0,-899.1229388139161,98.0
745260.0,-969.8835521193039,98.0
745320.0,-910.0131686760153,98.0
745380.0,-953.6992420426275,98.0
745440.0,-949.1310619229083,98.0
745500.0,-818.9634195886347,98.0
745560.0,-990.1018942624942,98.0
745620.0,-871.6109498964074,98.0
745680.0,-791.9984378483696,98.0
745740.0,-849.8604515339885,98.0
745800.0,-965.9404576067924,98.0
745860.0,-958.0214627430416,98.0
745920.0,-921.2453982388031,98.0
745980.0,-861.6640129542598,98.0
746040.0,-852.5420270545224,98.0
746100.0,-937.330092119269,98.0
746160.0,-908.2931852708545,98.0
746220.0,-899.4859738323371,98.0
746280.0,-856.4810866692321,98.0
746340.0,-721.3638893700431,98.0
746400.0,-891.2163823265643,98.0
746460.0,-888.5924903786257,98.0
746520.0,-892.6837375476181,98.0
746580.0,-781.2534990548018,98.0
746640.0,-816.5281928087336,98.0
746700.0,-862.4535995663658,98.0
746760.0,-825.0509526292964,98.0
746820.0,-845.3480627841875,98.0
746880.0,-774.6493257004895,98.0
746940.0,-625.8568088688228,98.0
747000.0,-748.3555022670911,98.0
747060.0,-781.4461108864252,98.0
747120.0,-810.1963477135942,98.0
747180.0,-845.304539728842,98.0
747240.0,-715.0536776055362,98.0
747300.0,-712.6602599635278,98.0
747360.0,-775.7060540722904,98.0
747420.0,-669.230585031688,98.0
747480.0,-735.0270950503985,98.0
747540.0,-684.0431236122635,98.0
747600.0,-706.9646841490719,98.0
747660.0,-729.5449848872355,98.0
747720.0,-770.3629389278664,98.0
747780.0,-715.9279012958146,98.0
747840.0,-650.7714335097539,98.0
747900.0,-725.8543837258561,98.0
747960.0,-663.0267433220641,98.0
748020.0,-748.3935880547249,98.0
748080.0,-630.6175126213602,98.0
748140.0,-652.6095916421277,98.0
748200.0,-737.4513699035256,98.0
748260.0,-672.6779543028869,98.0
748320.0,-597.2368057267996,98.0
748380.0,-722.5253223788886,98.0
748440.0,-705.0745401010637,98.0
748500.0,-638.7956596483687,98.0
748560.0,-500.40859107141875,98.0
748620.0,-662.5201044110851,98.0
748680.0,-586.1804726014627,98.0
748740.0,-593.9949077663568,98.0
748800.0,-638.6550910014489,98.0
748860.0,-587.2716254960569,98.0
748920.0,-617.440421678959,98.0
748980.0,-605.644452546324,98.0
749040.0,-677.4335337442503,98.0
749100.0,-572.7798041800398,98.0
749160.0,-510.89991258676366,98.0
749220.0,-554.9074796828817,98.0
749280.0,-486.4058035854391,98.0
749340.0,-510.475736798509,98.0
749400.0,-542.3029807738208,98.0
749460.0,-569.8172941858413,98.0
749520.0,-554.70511966293,98.0
749580.0,-607.1238775953548,98.0
749640.0,-528.2584935394132,98.0
749700.0,-496.7910484546304,98.0
749760.0,-395.9197716450217,98.0
749820.0,-460.41688088137545,98.0
749880.0,-537.2555533648112,98.0
749940.0,-564.9519320751801,98.0
750000.0,-484.1859466953457,98.0
750060.0,-416.2675668785777,98.0
750120.0,-471.36881707553016,98.0
750180.0,-418.74914858304913,98.0
750240.0,-455.250218875664,98.0
750300.0,-394.4554645795475,98.0
750360.0,-526.3822557568725,98.0
750420.0,-327.34579893789237,98.0
750480.0,-483.37453992493454,98.0
750540.0,-362.009446600362,98.0
750600.0,-418.9515215832021,98.0
750660.0,-402.5366938148377,98.0
750720.0,-402.99931926612896,98.0
750780.0,-366.1229717948194,98.0
750840.0,-346.9138877570094,98.0
750900.0,-303.7500742463777,98.0
750960.0,-275.6417526652716,98.0
751020.0,-333.0570598477425,98.0
751080.0,-242.9745475471463,98.0
751140.0,-333.0265223106616,98.0
751200.0,-266.74979723799174,98.0
751260.0,-298.44610716553717,98.0
751320.0,-349.8766179746444,98.0
751380.0,-298.78759316587656,98.0
751440.0,-272.1911541685704,98.0
751500.0,-297.0159800117253,98.0
751560.0,-262.99841290186714,98.0
751620.0,-228.51711736424966,98.0
751680.0,-274.49405308452924,98.0
751740.0,-442.361679858501,98.0
751800.0,-157.6532655613446,98.0
751860.0,-268.81063685573986,98.0
751920.0,-292.9425915810018,98.0
751980.0,-303.5683115077842,98.0
752040.0,-248.86999673155896,98.0
752100.0,-254.99564805000125,98.0
752160.0,-257.9852299952407,98.0
752220.0,-247.21284084348497,98.0
752280.0,-167.00839486668684,98.0
752340.0,-69.4663420673154,98.0
752400.0,-134.5369176865575,98.0
752460.0,-108.88667362096061,98.0
752520.0,-191.34721826128975,98.0
752580.0,-154.8718703640148,98.0
752640.0,-128.00158137716278,98.0
752700.0,-185.59273271999393,98.0
752760.0,-163.98224936866114,98.0
752820.0,-79.57542849509787,98.0
752880.0,-57.832468598429216,98.0
752940.0,-111.59877500863513,98.0
753000.0,-179.73854119881878,98.0
753060.0,-118.14321328499773,98.0
753120.0,-179.2595243974339,98.0
753180.0,-80.63337577062839,98.0
753240.0,-62.18163430942843,98.0
753300.0,-86.10372885841139,98.0
753360.0,-47.70925115302521,98.0
753420.0,-29.544776659941874,98.0
753480.0,-31.490738986511133,98.0
753540.0,-111.33516335765142,98.0
753600.0,-46.777964282712105,98.0
753660.0,0.6712279606271068,98.0
753720.0,78.46699863249785,97.9998401838189
753780.0,-24.907355958365144,97.98115756509688
753840.0,32.122104268232476,97.98708788794411
753900.0,59.42325774835149,97.97943976788025
753960.0,2.597208825401651,97.96529137317826
754020.0,90.95765757275274,97.9646729901246
754080.0,101.83884433392706,97.94301640498823
754140.0,120.18291333584352,97.9187690610992
754200.0,72.51264868458645,97.89015408173353
754260.0,194.25658631494173,97.87288916538006
754320.0,23.366997804143125,97.82663759720984
754380.0,195.35751805286782,97.82107402630409
754440.0,121.63218789797514,97.7745603315296
754500.0,163.57051157174948,97.74560028679198
754560.0,71.54896415389123,97.70665492689395
754620.0,149.01376930871237,97.68961945923826
754680.0,191.5470770601542,97.65413999035523
754740.0,48.25890112183049,97.60853354343615
754800.0,111.26024514433311,97.59704332888333
754860.0,0.13081765952648539,97.57055279432515
754920.0,125.43804397173221,97.57052164726336
754980.0,94.69458078612672,97.54065544631771
755040.0,138.09017384533723,97.5181091175591
755100.0,334.0592062181932,97.4852305047388
755160.0,269.17547293088234,97.40569259849637
755220.0,87.18842461116486,97.34160320017949
755280.0,214.32800129680936,97.32084405146254
755340.0,236.3274496081209,97.26981357496331
755400.0,175.50412495762163,97.21354513458043
755460.0,213.8402735734291,97.17175843816194
755520.0,227.0411223823494,97.12084408731113
755580.0,137.00137631207525,97.0667866772201
755640.0,163.20864017844022,97.0341673019077
755700.0,242.68998595140047,96.99530810186522
755760.0,245.55250614659124,96.9375247718768
755820.0,204.28209165637003,96.87905988946093
755880.0,206.31103978452154,96.83042129620942
755940.0,255.7337718817537,96.78129962007026
756000.0,321.4045659640824,96.72041062676507
756060.0,270.7282922670856,96.64388573010696
756120.0,379.7290368177367,96.5794266129005
756180.0,247.6283783896338,96.48901493746772
756240.0,307.94014257169863,96.43005579975589
756300.0,282.0341199837909,96.3567367181912
756360.0,345.4689565308835,96.28958573724267
756420.0,270.1554438717294,96.20733122378294
756480.0,439.51274770601935,96.14300849905158
756540.0,229.20782313652384,96.03836260674062
756600.0,440.3053410899277,95.98378931551764
756660.0,349.46280854711375,95.87895471049623
756720.0,383.84968714498893,95.79574927988978
756780.0,437.36886393536304,95.7043564972362
756840.0,415.3013533949382,95.60022105344207
756900.0,326.5341542715015,95.50133977882423
756960.0,412.7837103067947,95.42359355161673
757020.0,495.2164476464982,95.3253117158294
757080.0,336.26589983006824,95.20740303781832
757140.0,522.8888257185172,95.12733972833497
757200.0,425.14787340732045,95.00284238887818
757260.0,382.17611965239456,94.90161670473358
757320.0,360.67647016099556,94.81062239053064
757380.0,406.91915067162734,94.7247470404923
757440.0,308.97919558481453,94.62786152842763
757500.0,407.2961830333929,94.55429505328839
757560.0,422.2840362308899,94.45731977161377
757620.0,379.3759337642812,94.35677595346355
757680.0,494.42317417607416,94.26644835018634
757740.0,442.06715384054377,94.14872854681109
757800.0,422.61337933785927,94.04347446256334
757860.0,446.73444198141,93.94285222938765
757920.0,492.97806662011016,93.83648688605875
757980.0,481.4039060564292,93.71911115591111
758040.0,440.21112707295185,93.60449117827862
758100.0,494.98587464148153,93.49967900516602
758160.0,489.4991653556804,93.38182522548948
758220.0,429.1788665601602,93.2652778051667
758280.0,485.15521581828,93.16309236074761
758340.0,542.0541041923113,93.04757921412421
758400.0,546.3576020653325,92.91851871312605
758460.0,502.8716774522228,92.78843356977715
758520.0,561.818287412296,92.66870221800282
758580.0,466.85639917011383,92.53493595909514
758640.0,473.052805255544,92.42377967357844
758700.0,519.1485802859352,92.3111480532795
758760.0,628.1997990756211,92.1875412484495
758820.0,552.1494606957475,92.03796986771721
758880.0,529.7236381040301,91.9065057104087
758940.0,642.6635098657122,91.78038103466965
759000.0,536.4422426978225,91.62736591327305
759060.0,691.2542043140485,91.49964156977357
759120.0,529.8671388680136,91.33505723541309
759180.0,503.0694986832082,91.20889839282546
759240.0,556.8673684178797,91.08911994075802
759300.0,554.816367290338,90.9565324720871
759360.0,524.0339254940208,90.82443333701798
759420.0,731.1570012383079,90.6996633547575
759480.0,596.4774592646652,90.52557835446267
759540.0,607.2716914096426,90.38355991178061
759600.0,553.3730580891526,90.23897141382594
759660.0,547.6336558192747,90.10721592380472
759720.0,644.9985615111575,89.97682695813346
759780.0,484.04861228620007,89.82325587205938
759840.0,517.1237190313572,89.70800620246743
759900.0,571.9155617632576,89.58488150745997
759960.0,668.8370295644464,89.44871113561157
760020.0,566.2845579337453,89.28946422381051
760080.0,614.6669655986786,89.15463456715962
760140.0,592.2644578336036,89.00828528963612
760200.0,669.2393477989041,88.86726994253289
760260.0,497.2034948051977,88.707927240676
760320.0,637.2273278807304,88.58954545619858
760380.0,581.8776007424106,88.43782466384603
760440.0,650.0056588068051,88.29928237795498
760500.0,546.0155644943518,88.14451912585812
760560.0,597.2545298147027,88.01451542002614
760620.0,590.2173417430031,87.87231196054645
760680.0,536.7565468916753,87.73178402203622
760740.0,520.57076032902,87.60398484420487
760800.0,563.0214789524662,87.48003942507891
760860.0,606.0502354571386,87.345986691995
760920.0,553.2052781900974,87.20168901688615
760980.0,579.1385436626491,87.06997347445994
761040.0,486.07524451094804,86.93208334501645
761100.0,577.2212978618114,86.81635114394241
761160.0,661.0696904346544,86.67891750159436
761220.0,642.1164291161052,86.52151995625277
761280.0,594.6982746935122,86.36863509217751
761340.0,614.5975592293836,86.22704026486953
761400.0,550.3043762643506,86.08070751267206
761460.0,697.4447167260178,85.94968266118055
761520.0,723.9793413059751,85.7836243952934
761580.0,609.6950274002586,85.61124836164912
761640.0,755.0956418008434,85.46608287893477
761700.0,558.6493507987146,85.28629820231552
761760.0,524.1583313758251,85.15328645212536
761820.0,556.3655321986711,85.02848684941682
761880.0,585.4505957438674,84.89601886556
761940.0,736.9783607896164,84.75662586657336
762000.0,580.9766130198972,84.58115482829011
762060.0,545.8161923375965,84.44282706328538
762120.0,542.9951435962538,84.31287082701452
762180.0,664.7690711203609,84.18358626901541
762240.0,655.6290505214745,84.02530791874865
762300.0,566.0437996791542,83.86920576386258
762360.0,481.9655602070113,83.73443343060563
762420.0,526.0959238444093,83.61967972579444
762480.0,696.3441659073363,83.49441879154577
762540.0,633.6153489709412,83.32862256156783
762600.0,595.3915255561939,83.17776176419379
762660.0,702.7307274593816,83.0360018771566
762720.0,707.1974485309179,82.86868503728532
762780.0,586.5992001942358,82.700304692397
762840.0,586.7198855944878,82.56063821616027
762900.0,551.8312711729864,82.42094300530444
762960.0,568.6193901496712,82.2895546074061
763020.0,495.4196200935785,82.15416903832285
763080.0,494.04187759705195,82.03621198591962
763140.0,478.9342867696285,81.91858296744414
763200.0,646.1460345325345,81.80455099440375
763260.0,486.157343794067,81.65070670046744
763320.0,695.5589891771539,81.53495495194504
763380.0,533.4229176726934,81.36934566880763
763440.0,680.1359573187233,81.24234021221889
763500.0,552.606583086503,81.08040307952396
763560.0,479.11951498009444,80.94883008355099
763620.0,648.6648278393576,80.83475400855572
763680.0,654.2644079607761,80.6803100019273
763740.0,514.2713086201786,80.52453276193664
763800.0,547.1851808924822,80.40208721226517
763860.0,511.15509606651455,80.27180502633838
763920.0,556.6589192439421,80.15010143203683
763980.0,568.7176264931106,80.01756359412161
764040.0,539.492502051199,79.88215463543277
764100.0,449.7404321811572,79.75370403970629
764160.0,522.2909884820104,79.64662298442506
764220.0,597.5966920364488,79.52226798716744
764280.0,541.0659930584376,79.3799830604921
764340.0,532.1411078021313,79.25115782404961
764400.0,494.10231930050065,79.1244575602872
764460.0,511.48159537844805,79.00681415092994
764520.0,630.7323463954339,78.88503281869697
764580.0,475.89524731040456,78.73485845050759
764640.0,585.5939597950584,78.62155005829082
764700.0,543.2074800530621,78.48212292500628
764760.0,553.0899382128868,78.35278781070794
764820.0,492.4552332833665,78.22109973018107
764880.0,513.2641048968793,78.10384848416122
764940.0,531.9811459591631,77.98164274490006
765000.0,499.0180731443311,77.85498056729074
765060.0,548.0585296121592,77.7361667403516
765120.0,553.5148908079334,77.60567661425347
765180.0,654.3089858018476,77.4738873545373
765240.0,538.4987803060276,77.31809950077495
765300.0,404.9170217836501,77.18988550546399
765360.0,587.2610026603431,77.0934766907536
765420.0,503.06063243151834,76.95365264250114
765480.0,633.8068048050652,76.83387630144601
765540.0,599.1312237403608,76.68296991934957
765600.0,478.3309106754154,76.54031962798283
765660.0,549.7197027502775,76.42643131591726
765720.0,468.5148541109201,76.29554567240528
765780.0,502.04894402784424,76.18399451666458
765840.0,540.1712762856605,76.06445905380082
765900.0,564.1069096129912,75.93584684516138
765960.0,548.7446267043505,75.8015356762059
766020.0,497.2283549737245,75.67088219365725
766080.0,639.4230791149571,75.55249449009207
766140.0,466.1977011632146,75.4002508998266
766200.0,389.3414214686951,75.2892514471687
766260.0,398.55992608790734,75.19655110872377
766320.0,569.5452958833991,75.10165588822665
766380.0,474.1637579557977,74.96604986539727
766440.0,485.960261295768,74.85315373255065
766500.0,441.51565366936876,74.73744890843261
766560.0,444.5522240721208,74.63232613374943
766620.0,422.1335280640914,74.5264803661132
766680.0,495.2714595931361,74.4259723832408
766740.0,458.8015688556077,74.3080506071472
766800.0,488.38605356762577,74.19881213837205
766860.0,480.2934004708148,74.08252974466546
766920.0,432.016318360489,73.9681741731248
766980.0,367.6883008923756,73.86531314494373
767040.0,360.10897523053103,73.77776831139792
767100.0,632.1031340744753,73.69202807920017
767160.0,536.8443589964186,73.54152733299196
767220.0,526.2181899853687,73.41370724751663
767280.0,402.98801713651176,73.28841720228202
767340.0,441.6966333496847,73.19246767439238
767400.0,389.87085999018035,73.08730180930911
767460.0,357.7397465868566,72.99447541407335
767520.0,398.8162762101693,72.90929928393362
767580.0,511.3982661241896,72.8143430276931
767640.0,479.9633237685931,72.69258153575876
767700.0,369.01458572951395,72.57830455390909
767760.0,406.0352667866107,72.4904439382592
767820.0,467.5867442833154,72.39376887473858
767880.0,386.1050058747484,72.28243869752826
767940.0,422.8716534252827,72.19050893422475
768000.0,439.95020106226485,72.08982520721874
768060.0,437.0481726806152,71.98507515934676
768120.0,426.60457443565355,71.88101607061328
768180.0,369.9084559624585,71.77944355289051
768240.0,373.8575721282004,71.69137011099468
768300.0,336.69452598062696,71.60235640334511
768360.0,308.84287549387363,71.5221910400164
768420.0,393.46015087234645,71.44865702204166
768480.0,447.1554628737985,71.35497603373872
768540.0,313.2109056312055,71.2485104473402
768600.0,410.26769632497104,71.17393642218991
768660.0,438.84244258509466,71.07625363735063
768720.0,279.44994417575055,70.97176734149704
768780.0,371.3229440582536,70.90523164050282
768840.0,484.2489980199993,70.81682141572705
768900.0,416.5264461839885,70.7015240352461
768960.0,269.1314556542533,70.60235107186895
769020.0,418.82371946193973,70.53827215385604
769080.0,332.4394362627717,70.43855222065082
769140.0,416.7784246215748,70.35939997392158
769200.0,331.90777825237865,70.26016701567835
769260.0,368.15995163131083,70.18114135418969
769320.0,337.1353032200316,70.0934842228489
769380.0,367.6402694418855,70.01321391255841
769440.0,331.49409720263975,69.92568051507224
769500.0,350.21606908215375,69.84675334907162
769560.0,291.2070534714529,69.76336857071873
769620.0,389.31562520800543,69.69403355798742
769680.0,368.54372395145083,69.60133936150933
769740.0,259.203261424459,69.51359085580661
769800.0,413.95693327561213,69.45187579356269
769860.0,342.00969299934036,69.35331461897326
769920.0,360.51617114825973,69.2718837396877
769980.0,394.92612021428766,69.18604655608097
770040.0,367.00758970021633,69.09201652745851
770100.0,415.50462098827745,69.00463376800607
770160.0,326.2929072229848,68.90570409634219
770220.0,404.27352074991336,68.82801530890815
770280.0,347.91933841409883,68.7317597087296
770340.0,369.3570198591836,68.64892177101196
770400.0,361.4910234399279,68.56097962342643
770460.0,410.11050524212146,68.47491033213122
770520.0,377.36403516992664,68.37726497374024
770580.0,305.9343979759604,68.28741639393787
770640.0,292.48619016147137,68.21457487061026
770700.0,326.44731935474493,68.1449353015242
770760.0,282.31611659285755,68.06720974929688
770820.0,263.2995880371891,67.99999162629858
770880.0,197.2761668781813,67.93730124819449
770940.0,230.55101100676274,67.89033073227111
771000.0,441.1978679186618,67.83543763441236
771060.0,281.2694044931596,67.73039052300315
771120.0,433.4721626685348,67.66342161717145
771180.0,342.07810007365407,67.56021395939322
771240.0,313.5467320021003,67.47876679270902
771300.0,225.1583552849213,67.404112808899
771360.0,314.1562484677046,67.3505036766883
771420.0,426.1075345498912,67.27570456991027
771480.0,404.7539805618063,67.17425039501744
771540.0,326.4881627573753,67.07788039964558
771600.0,239.8705309108351,67.00014512279859
771660.0,250.1361390870555,66.94303309162935
771720.0,255.20452478754504,66.88347686803719
771780.0,381.8617613212127,66.82271388594492
771840.0,401.90647809207405,66.73179441896367
771900.0,314.60586084648395,66.63610240037032
771960.0,283.5346481451217,66.56119624302592
772020.0,393.5273200956648,66.49368799346756
772080.0,240.7934099468816,66.3999910124924
772140.0,301.53814978564947,66.34265924821933
772200.0,325.14530910558227,66.27086445065132
772260.0,244.5554548672427,66.19344890086427
772320.0,257.1421916207431,66.13522141161016
772380.0,251.46362001423827,66.0739970802719
772440.0,378.2994537311846,66.01412478979232
772500.0,407.18284265552506,65.9240534912849
772560.0,298.25017282781715,65.82710519541453
772620.0,274.3280244594251,65.75609324950315
772680.0,253.50574713890998,65.69077705320329
772740.0,288.69246266358925,65.63041854197974
772800.0,254.68209573030435,65.56168224134555
772860.0,280.99739009752915,65.50104364712405
772920.0,310.752904596109,65.43413950662463
772980.0,260.79565377421403,65.36015071981603
773040.0,272.9102420832237,65.29805651653646
773100.0,272.34478658705024,65.23307788746902
773160.0,263.6200460730512,65.16823389066258
773220.0,255.40387327925234,65.10546721302613
773280.0,326.8543622869931,65.04465676700727
773340.0,174.1249788811186,64.96683429979608
773400.0,374.0870875579609,64.92537597149105
773460.0,287.0376255625203,64.83630761731058
773520.0,314.7967048879054,64.76796532550998
773580.0,321.00416423061324,64.69301372910809
773640.0,234.3336716613382,64.61658416619603
773700.0,221.2871310876945,64.5607904348481
773760.0,213.5574312287089,64.50810302268437
773820.0,260.0277920191581,64.45725601524896
773880.0,316.17560306772344,64.39534463619678
773940.0,238.58203041876612,64.32006473070447
774000.0,309.48088342648396,64.26325948536667
774060.0,130.33956772985326,64.18957356074132
774120.0,248.70310737723057,64.15854033032946
774180.0,341.29994308056183,64.09932530476345
774240.0,260.4600683739004,64.01806341355379
774300.0,220.42827591967145,63.956049111560006
774360.0,230.23657366369113,63.90356618872199
774420.0,87.44763189309674,63.8487479568973
774480.0,207.91405365906638,63.82792709216085
774540.0,331.56103025899046,63.778423746051544
774600.0,232.68577066319017,63.69948064360893
774660.0,239.29550009570275,63.6440792696415
774720.0,126.79631649492325,63.58710415057109
774780.0,168.40215201821553,63.55691455140563
774840.0,337.2130543136391,63.51681880092511
774900.0,302.41557160788625,63.43652997846948
774960.0,187.10937531623117,63.36452627094379
775020.0,226.70896056149806,63.31997641967802
775080.0,262.39017702602985,63.26599809573481
775140.0,191.97952537581503,63.203524244061946
775200.0,143.11451881937123,63.15781483325818
775260.0,253.43561588250068,63.123739947824994
775320.0,296.9788001964851,63.06339813451964
775380.0,297.776569650569,62.992688896377615
775440.0,314.43085228963844,62.92178971312748
775500.0,168.3631262969996,62.846925224487094
775560.0,264.7189445407977,62.80683876584495
775620.0,244.8141736028501,62.74381044571619
775680.0,255.37244139377046,62.68552135676313
775740.0,247.59105871539262,62.62471839452652
775800.0,220.37103443814166,62.565768142451425
775860.0,78.63800971755967,62.51329884853758
775920.0,329.1300835397109,62.49457551289054
775980.0,278.9419033773765,62.41621120728585
776040.0,169.8143570253249,62.34979646838647
776100.0,286.99584957596846,62.30936447861854
776160.0,231.512680737695,62.241032133481404
776220.0,232.9623206935184,62.185910066639096
776280.0,211.75200676690818,62.13044284742635
776340.0,289.8353297421777,62.08002570295804
776400.0,209.39896546781307,62.01101729111466
776460.0,191.35330313672245,61.961160394574705
776520.0,324.84907179688946,61.91560008430406
776580.0,245.9983617323721,61.838255067209566
776640.0,247.67466220480327,61.77968402870186
776700.0,297.86990191352334,61.72071387103405
776760.0,216.0705470781716,61.649792465816546
776820.0,227.84561593182218,61.5983470974646
776880.0,274.09202161497996,61.544098141290355
776940.0,163.0858715137478,61.478838136143935
777000.0,268.65889875600885,61.4400081667359
777060.0,209.87958757329176,61.376041762270184
777120.0,306.3847274147248,61.32607043189559
777180.0,287.69493432557977,61.25312168727304
777240.0,279.61135546633005,61.18462289338599
777300.0,158.16870317758267,61.1180487611321
777360.0,248.23460919193317,61.08038954608982
777420.0,183.65868874368584,61.02128606771079
777480.0,251.94333401611811,60.977557808486104
777540.0,115.10290928287614,60.91757130038703
777600.0,157.55006505028538,60.89016584579587
777660.0,321.3420177876311,60.8526539255458
777720.0,272.1431919312272,60.77614392131065
777780.0,228.7710506456462,60.711347923231784
777840.0,195.47540226767416,60.65687862545901
777900.0,184.94476671979183,60.610336863014325
777960.0,262.00934723924274,60.56630239474771
778020.0,229.38206353112506,60.5039192168336
778080.0,342.7988332934227,60.44930443980238
778140.0,238.91417929773073,60.36768566997061
778200.0,253.52323225459673,60.31080134156639
778260.0,166.68979487725508,60.25043866722006
778320.0,228.3580497112724,60.21075062082071
778380.0,260.6194878096935,60.15637965660374
778440.0,227.63286114078417,60.09432739760143
778500.0,220.86229213333604,60.04012909732982
778560.0,269.61458204734373,59.98754283729807
778620.0,340.8894017974766,59.92334888919156
778680.0,258.69816754896254,59.842184745906444
778740.0,318.6511828015638,59.780589944109074
778800.0,287.29614894593124,59.70472061487061
778860.0,315.0612093186206,59.636316769883486
778920.0,213.41681202703234,59.5613021962362
778980.0,237.58435836726997,59.510488669563095
779040.0,237.83359451215446,59.45392096518994
779100.0,282.7766437010534,59.397293918877516
779160.0,297.544779651203,59.32996614656774
779220.0,257.5033826635492,59.25912215141269
779280.0,302.60240679015624,59.197811822207086
779340.0,216.2001245576824,59.12576363011419
779400.0,303.12266746387365,59.07428740998141
779460.0,310.9485820255245,59.00211534629953
779520.0,290.64979755257656,58.928079969626786
779580.0,258.050205214711,58.85887763687617
779640.0,292.7994196732201,58.797437111825055
779700.0,196.3597534609928,58.727722964283814
779760.0,261.90175901621825,58.6809706420312
779820.0,268.03065368668996,58.61861308036067
779880.0,170.22908736506753,58.55479625805431
779940.0,278.47508457385226,58.51426552296739
780000.0,175.07090827908866,58.44796193140219
780060.0,224.3249365609339,58.40627838181193
780120.0,252.38569481537786,58.35286768263075
780180.0,206.15585722783283,58.292775850531854
780240.0,254.95328591079343,58.24369112262046
780300.0,253.9934665666123,58.18298795930837
780360.0,200.78915260452146,58.12251332441156
780420.0,284.0785226209582,58.074706383315245
780480.0,204.15066934101887,58.00706863983407
780540.0,387.27852681806496,57.95846133761002
780600.0,243.43134010142825,57.8662521645581
780660.0,179.7224263696956,57.8082923216768
780720.0,190.93957509451084,57.76550126777926
780780.0,318.8549154098657,57.72003946418533
780840.0,225.45099550214036,57.644121627182976
780900.0,168.1742735060652,57.59044281873008
780960.0,301.2228748667584,57.55040132503816
781020.0,225.06568545029293,57.478681592927025
781080.0,289.20529872167435,57.42509452496267
781140.0,306.13409963920617,57.35623612050512
781200.0,266.46796123296247,57.28334704916246
781260.0,393.75460426454055,57.219902296487945
781320.0,146.51562343964468,57.12615120023448
781380.0,200.9231819277449,57.091266527986946
781440.0,234.6432005997098,57.04342767514701
781500.0,385.67062809969934,56.98756024643279
781560.0,357.88038124878415,56.895733906409056
781620.0,327.32170297993287,56.81052429182601
781680.0,202.35283370699477,56.73259055302127
781740.0,209.34940639630094,56.68441130690056
781800.0,200.28671082002478,56.63456621013953
781860.0,202.99472341360445,56.58687889803953
781920.0,339.5626386355323,56.53854682103629
781980.0,235.3743621547034,56.457698573742114
782040.0,243.31052902514003,56.40165705894338
782100.0,296.4636575881936,56.343725980604056
782160.0,150.18880567038966,56.27313939546401
782220.0,253.15926955544708,56.23738015601867
782280.0,184.18825531988375,56.17710413945785
782340.0,232.33570533956055,56.133249792953116
782400.0,214.81540342945942,56.077931767872265
782460.0,211.72184796182046,56.0267852432462
782520.0,263.5356521600876,55.97637527944577
782580.0,263.27360254099267,55.91362869559813
782640.0,236.81162153190604,55.85094450451694
782700.0,272.2419800612457,55.79456078510458
782760.0,197.8841140087353,55.729741266042375
782820.0,290.8962102552721,55.6826260008022
782880.0,237.62919342210932,55.61336499836047
782940.0,220.98140297812918,55.55678661897425
783000.0,202.31577562643133,55.504171999217554
783060.0,235.51755036330843,55.45600157644936
783120.0,362.23985350158904,55.39992596922
783180.0,246.20277884192257,55.31367838505295
783240.0,181.33750714131423,55.255058675804875
783300.0,305.1309853578246,55.211883078866464
783360.0,221.68626552639577,55.13923284425746
783420.0,267.02765107474556,55.08645040008451
783480.0,213.66262631082265,55.022872387923854
783540.0,326.84881681186357,54.972000334040324
783600.0,214.55700157256018,54.894179187180356
783660.0,333.87424611062954,54.843094186805935
783720.0,187.04732476136186,54.763600318684354
783780.0,232.42878189822068,54.71906524136022
783840.0,334.00313097808123,54.66372505519398
783900.0,260.09407051855914,54.584200500199195
783960.0,386.2918220746194,54.52227334055192
784020.0,233.85570342715715,54.430299097200816
784080.0,265.4269836644524,54.3746191678134
784140.0,364.3136692737121,54.31142226694091
784200.0,159.169639899071,54.22468091711384
784260.0,151.74037154983512,54.18678338380453
784320.0,202.27524549368158,54.150654723911714
784380.0,298.8084833649628,54.10249395117512
784440.0,153.41546156427341,54.03134907418346
784500.0,285.82991271546166,53.994821583334826
784560.0,281.60983551545036,53.926766842212096
784620.0,370.8713417950015,53.859716881375086
784680.0,312.73754848159683,53.7714141809477
784740.0,271.85202539674674,53.69695285988065
784800.0,-0.0016354276702219728,53.63222618716714
784860.0,0.0038950162444118665,53.63222657655468
784920.0,0.003615099909329027,53.63222564916986
784980.0,-0.002767072638218185,53.632224788431785
785040.0,-0.00024962126924605113,53.632225447258605
785100.0,0.001380996430962044,53.632225506692244
785160.0,0.0021232219772034035,53.63222517788357
785220.0,0.008262990453952214,53.632224672354525
785280.0,-0.0001407381567080804,53.632222704975845
785340.0,0.005843724021032593,53.63222273848493
785400.0,-0.005800415388218015,53.63222134712206
785460.0,-0.003188369122753552,53.632222728173346
785520.0,-0.01067912208505681,53.63222348730885
785580.0,0.0007565327000486774,53.63222602995697
785640.0,0.003237619774294165,53.632225849830135
785700.0,-0.012776925548732162,53.63222507896828
785760.0,0.0009414318379542024,53.63222812109341
785820.0,0.003021051736159224,53.63222789694297
785880.0,0.002736187981692198,53.63222717764494
785940.0,-0.005979305600173236,53.632226526171614
786000.0,0.003865599865461239,53.63222794981581
786060.0,4.652248692699372e-05,53.63222702943489
786120.0,0.002955188094582579,53.6322270183581
786180.0,-0.0006292894542351401,53.632226314741885
786240.0,0.0019051868352773084,53.63222646457271
786300.0,0.005546179000203889,53.6322260109568
786360.0,-0.0010201102705120774,53.63222469043799
786420.0,0.001420524044483545,53.63222493332138
786480.0,0.006248843476283954,53.63222459510137
786540.0,-0.0006661508240487907,53.6322231072815
786600.0,-0.005626980827089243,53.63222326588884
786660.0,0.0033802156207799715,53.63222460564618
786720.0,0.007174388053046869,53.63222380083294
786780.0,0.006443917564087805,53.63222209264531
786840.0,0.0035749388316443677,53.63222055837922
786900.0,-0.011720787920458758,53.632219707203305
786960.0,-0.0031791636349815574,53.6322224978671
787020.0,-0.002923002438294014,53.63222325481082
787080.0,0.00022434195914059583,53.63222395076378
787140.0,0.008441324172203356,53.63222389734903
787200.0,-0.00540270816778598,53.63222188750994
787260.0,0.011211010442982153,53.63222317386903
787320.0,-0.0019116398163712106,53.63222050458083
787380.0,-0.0038345065673672254,53.63222095973317
787440.0,0.0042260235615589415,53.63222187271092
787500.0,0.004621521334120629,53.632220866514835
787560.0,0.0032497345551186713,53.632219766152616
787620.0,-0.003847277334030024,53.632218992406294
787680.0,0.0025101406386953636,53.63221990842471
787740.0,-0.005167788719503289,53.63221931077218
787800.0,-0.0039862293199010405,53.632220541198066
787860.0,-0.00047435082052128683,53.63222149030028
787920.0,-0.00409981799950551,53.63222160324095
787980.0,0.005263741239393163,53.63222257938809
788040.0,-0.0028908376595479885,53.632221326116365
788100.0,-0.001102281091405496,53.63222201441105
788160.0,-0.0044009914083700825,53.632222276858926
788220.0,0.005188049057108329,53.632223324714026
788280.0,-0.003330634871748464,53.63222208946425
788340.0,0.005710055513723768,53.632222882472554
788400.0,0.005342717926411259,53.632221522935524
788460.0,-0.0022297047547262445,53.632220250859824
788520.0,0.00014833904130507464,53.63222078174191
788580.0,-0.0023685448828397577,53.63222074642309
788640.0,0.0027286099762848857,53.63222131036235
788700.0,-0.0009723565566445038,53.63222066069331
788760.0,-0.0020874033188638245,53.632220892206774
788820.0,0.00023089581620023322,53.632221389207565
788880.0,-0.007911078817629386,53.63222133423237
788940.0,-0.00037924122402539144,53.63222321782256
789000.0,0.0032480598506969007,53.63222330811809
789060.0,0.000690271901305846,53.632222534770506
789120.0,0.004758282828624329,53.63222237042005
789180.0,-0.0018864904393038784,53.63222123749557
789240.0,-0.0022964535616312697,53.63222168665996
789300.0,-0.005586595019880829,53.63222223343462
789360.0,-0.0020287245177436296,53.63222356357629
789420.0,0.009829463124821849,53.632224046605934
789480.0,0.0013777168259322622,53.632221706257575
789540.0,-0.0029276810789911024,53.63222137822976
789600.0,-0.005030709690335331,53.63222207529668
789660.0,-0.007992653628829612,53.632223273084705
789720.0,-0.004151967847036591,53.63222517609747
789780.0,0.003795967542693205,53.63222616466125
789840.0,-0.0021351588662098142,53.63222526085945
789900.0,-0.004790858740712858,53.63222576923061
789960.0,-0.004240918920171204,53.63222690991126
790020.0,0.0032474039996996606,53.63222791965386
790080.0,-0.0004063153769081392,53.63222714646243
790140.0,-0.003136022071050548,53.632227243204184
790200.0,-0.001541941847772858,53.63222798987611
790260.0,0.011029415627737139,53.63222835700512
790320.0,0.00609811537102822,53.63222573095378
790380.0,0.007343126648349239,53.63222427902155
790440.0,-0.008760519728148572,53.63222253065806
790500.0,-0.0007555113891847051,53.632224616496096
790560.0,-0.003223945495754416,53.63222479637976
790620.0,0.0027192009791692302,53.63222556398583
790680.0,0.005299034392261,53.63222491655702
790740.0,0.001632131064600198,53.63222365488217
790800.0,-0.004362350213297295,53.63222326627953
790860.0,-0.0033050666899861777,53.63222430493435
790920.0,0.0031028543306642732,53.632225091854984
790980.0,0.0036003658660471345,53.63222435308014
791040.0,0.0007047618621870202,53.63222349585017
791100.0,0.0006489545969478543,53.632223328049726
791160.0,0.0002506126788427514,53.63222317353673
791220.0,0.0013454827887361518,53.63222311386704
791280.0,0.0035798048758590617,53.632222793513996
791340.0,0.003150828536182648,53.6322219411795
791400.0,0.00011792716941708434,53.63222119098223
791460.0,-0.00024524708663668077,53.63222116290433
791520.0,-0.00043649154534878437,53.63222122129649
791580.0,-0.0039016532209988197,53.63222132522305
791640.0,-0.0039651407466587425,53.6322222541881
791700.0,0.0027197813740155534,53.63222319826923
791760.0,-0.0035643444319728187,53.63222255070224
791820.0,0.004069669339565119,53.632223399355674
791880.0,-0.0002567135551781348,53.63222243038678
791940.0,0.004097976292175814,53.632222491509054
792000.0,0.0031847940177740348,53.63222151580041
792060.0,0.004214649623860389,53.63222075751612
792120.0,-0.002381828782509359,53.632219754028114
792180.0,0.0020444972523952104,53.632220321130205
792240.0,0.0036894399477418217,53.63221983434514
792300.0,-0.007756633496997161,53.632218955907064
792360.0,0.008508467237744302,53.63222080272456
792420.0,0.01132976523057037,53.63221877689903
792480.0,0.0047364414724890645,53.63221607933588
792540.0,0.004029403810649958,53.63221495161172
792600.0,0.002943792987297592,53.632213992229865
792660.0,-0.0016171667084336286,53.63221329132677
792720.0,-0.0005508510563425905,53.63221367636646
792780.0,0.0048220244768026445,53.632213807521474
792840.0,-0.004866085974332113,53.63221265942041
792900.0,-0.005303584565645626,53.63221381801231
792960.0,-0.001986645943712491,53.63221508077054
793020.0,0.0032812658744775427,53.632215553781485
793080.0,-0.004329680791371,53.6322147725277
793140.0,-0.0011270803345867892,53.63221580340408
793200.0,-0.0005333780202600487,53.63221607175654
793260.0,-0.005059346193172285,53.63221619875131
793320.0,-0.012198839583928598,53.632217403357544
793380.0,-0.005132562697094022,53.632220307843156
793440.0,0.0013044325865834625,53.632221529881896
793500.0,0.0024307173413873674,53.63222121930271
793560.0,0.002471814919307025,53.63222064056048
793620.0,0.003047861974215691,53.63222005203312
793680.0,-0.00313197450268723,53.632219326351695
793740.0,-0.004203045624935937,53.63222007205991
793800.0,0.001875290024254282,53.63222107278506
793860.0,-0.0010587503511847046,53.632220626287435
793920.0,0.004535393112730512,53.63222087837085
793980.0,0.0019068678216877454,53.63221979851535
794040.0,0.006419102814164436,53.632219344499205
794100.0,-0.002327681521627978,53.63221781614139
794160.0,0.005337671250539229,53.632218370351275
794220.0,0.010173379485691593,53.63221709947717
794280.0,0.0002687128080381339,53.63221467724396
794340.0,0.0024965333847038413,53.632214613264715
794400.0,-0.004652641443492437,53.632214018852004
794460.0,0.004470282629411692,53.63221512662378
794520.0,0.005645290847621502,53.63221406227077
794580.0,-0.0024722659203330545,53.6322127181539
794640.0,0.00293079785537419,53.63221330678864
794700.0,0.0014023636942230248,53.63221260897963
794760.0,0.0019539264513792564,53.63221227508351
794820.0,0.004060098703826366,53.63221180986293
794880.0,0.0025944975449974095,53.632210843172764
794940.0,-0.0006949391308642132,53.63221022543525
795000.0,0.004166481777150687,53.63221039089695
795060.0,0.005559280447623069,53.63220939887748
795120.0,-0.0027709721700999866,53.63220807523928
795180.0,-8.995635232877756e-06,53.632208734994556
795240.0,-0.008843464026104505,53.632208737136374
795300.0,0.002917990237656066,53.63221084272305
795360.0,0.006115587881321353,53.63221014796347
795420.0,-0.0012864761374463062,53.632208691871114
795480.0,0.0006671807891734702,53.63220899817495
795540.0,-0.0011009786747196999,53.63220883932238
795600.0,360.430643248219,53.63220910146016
795660.0,273.8211834812471,53.54639228163916
795720.0,260.9185012060259,53.48119676176267
795780.0,121.91588765289555,53.419073309094564
795840.0,358.9119580627165,53.39004571679626
795900.0,343.2615738258764,53.30459048868609
795960.0,264.7376709762244,53.22286154253707
796020.0,212.7943956195735,53.1598287637332
796080.0,230.73797768091595,53.10916343144283
796140.0,328.1029639607276,53.05422581770928
796200.0,297.4918467286765,52.9761060643853
796260.0,345.7893611251824,52.905274672307044
796320.0,310.95053806081535,52.82294387203915
796380.0,365.26834827691795,52.748908029643715
796440.0,330.96514128867034,52.66193937529207
796500.0,360.07529117245434,52.583138151175724
796560.0,186.55278282574398,52.497405938991804
796620.0,239.4887057517297,52.45298860974758
796680.0,-2711.4071018826685,52.3959674893305
796740.0,-2623.0969598271167,53.041540608826374
796800.0,-2573.3345877285465,53.66608750402331
796860.0,-2694.2859080319736,54.27878621538725
796920.0,-2719.3619815649276,54.92028286015677
796980.0,-2798.1706708801908,55.567749998624606
797040.0,-2627.2340297487563,56.23398111073894
797100.0,-2710.2044738309714,56.85951302258388
797160.0,-2497.8080156116816,57.504799802067446
797220.0,-2717.7572638388447,58.099515996260706
797280.0,-2545.1313535104146,58.74660105907948
797340.0,-2624.5705843663654,59.3525847146772
797400.0,-2729.1632548708358,59.97748247285967
797460.0,-2651.5035996272527,60.62728324782891
797520.0,-2617.0844002486087,61.258593628692545
797580.0,-2674.7876532053806,61.88170896208507
797640.0,-2608.8692698698474,62.51856316522921
797700.0,-2608.0370913624038,63.13972251519822
797760.0,-2619.0312541745484,63.76068372742736
797820.0,351.1527011541219,64.38426259746892
797880.0,283.8855283051289,64.30065481147984
797940.0,352.04422703024994,64.23306301902625
798000.0,369.51296725688934,64.14924296497142
798060.0,248.7118092706483,64.06126368705311
798120.0,373.78248253490136,64.00204658960772
798180.0,360.2011866279793,63.91305076043274
798240.0,290.61964007649266,63.827288573140365
798300.0,350.8714283284964,63.7580934207412
798360.0,354.6019034383679,63.67455260447251
798420.0,491.60506961166936,63.590123579844324
798480.0,391.51860474642956,63.47307475374631
798540.0,443.01124676610243,63.379856038330495
798600.0,376.34106684910984,63.27437717005285
798660.0,273.5603536192215,63.1847721541364
798720.0,428.94457742045,63.11963873660801
798780.0,351.7443790691148,63.01750907531743
798840.0,373.7532938782419,62.9337604136343
798900.0,333.3863318829291,62.84477153413948
798960.0,403.62692985277306,62.76539383607212
799020.0,465.88809258074,62.66929218610718
799080.0,460.6778035803411,62.55836644977843
799140.0,502.63989479473986,62.44868125844978
799200.0,513.9192440973117,62.32900509302246
799260.0,290.2797604771998,62.20664336823739
799320.0,344.2221205826292,62.13752913955234
799380.0,310.1707954007886,62.05557149179457
799440.0,459.416017122863,61.98172130241343
799500.0,382.7673022595043,61.8723365364318
799560.0,397.8666459161984,61.781201464465255
799620.0,417.0992193817778,61.686471310675685
799680.0,455.9383303147052,61.58716197272764
799740.0,346.7643339819844,61.47860522741462
799800.0,363.2608197751224,61.39604229075224
799860.0,441.7879714794247,61.30955161937721
799920.0,516.5600654898891,61.204364007120205
799980.0,446.04309204779486,61.0813735153369
800040.0,403.0044561898483,60.97517277913504
800100.0,324.55303543543687,60.87921933718508
800160.0,513.5509461122242,60.80194480493854
800220.0,415.1816079272685,60.67967077014992
800280.0,393.4395159543204,60.58081800635771
800340.0,362.3144400041292,60.48714193113049
800400.0,381.8349810611487,60.40087658827236
800460.0,413.45294572418175,60.309963497543514
800520.0,459.73616229317986,60.21152231999014
800580.0,404.4792014798438,60.10206132896795
800640.0,491.0769316301032,60.00575675718704
800700.0,468.0712452201527,59.888833678227485
800760.0,619.0929967217266,59.77738814365126
800820.0,386.4126759330602,59.62998504919371
800880.0,501.2630405533612,59.5379820311144
800940.0,504.8975397030592,59.41863368812551
801000.0,435.49345301481173,59.29841998819621
801060.0,505.89711950895634,59.19473107081173
801120.0,549.196861543358,59.074279375690544
801180.0,511.6327764782377,58.94351821818022
801240.0,591.7147267872976,58.82170089044731
801300.0,380.76965163436097,58.68081643168843
801360.0,463.6598559279884,58.590156990823104
801420.0,605.4378790047829,58.479761787030725
801480.0,574.3731611106114,58.335609911077206
801540.0,554.7744645974201,58.19885439652706
801600.0,599.0026908065136,58.06676523828958
801660.0,412.65483214571276,57.924145550002315
801720.0,577.9947307842502,57.82589439949143
801780.0,596.7000528628329,57.688276606447566
801840.0,495.8642749676611,57.54620516528975
801900.0,695.6563739130062,57.4281422426784
801960.0,552.165104642575,57.26250977269911
802020.0,411.2649489081277,57.131041890641356
802080.0,568.1179970485091,57.03312166471085
802140.0,504.4230892510082,56.897855474937394
802200.0,619.8486284381202,56.77775473940144
802260.0,585.1197737826386,56.63017173263046
802320.0,518.6208316722276,56.49085750077745
802380.0,646.8539203233486,56.3673763503793
802440.0,615.2409942633678,56.213363512207074
802500.0,511.3211421974531,56.06687756119199
802560.0,553.9502484305494,55.945134432097355
802620.0,596.1176490971392,55.813241515804364
802680.0,545.2285211219714,55.67130874220981
802740.0,548.952945925258,55.54149242765696
802800.0,573.1028762020794,55.41078934529381
802860.0,508.2465482241978,55.274336279531404
802920.0,439.02727862835536,55.153325196620884
802980.0,587.7977761179791,55.04879489218556
803040.0,454.2843506035768,54.9088430407289
803100.0,513.9479800991345,54.800680100109
803160.0,466.91135570875525,54.67831153341873
803220.0,473.7547138128053,54.56714216301188
803280.0,597.4883803299512,54.454343421627875
803340.0,557.6140296492846,54.31208428345408
803400.0,554.3011880207314,54.17931903829948
803460.0,489.5173085022297,54.04734256496121
803520.0,527.6055021171306,53.93079082484164
803580.0,587.8522248198354,53.8051704671947
803640.0,560.275614303673,53.665205651761404
803700.0,610.7282662902016,53.531806695974815
803760.0,617.0745479547223,53.386395204000955
803820.0,541.6741580776679,53.23947269258316
803880.0,443.1504613966042,53.11050265494563
803940.0,506.2069546255505,53.004990640327385
804000.0,542.9089170324945,52.88446517494035
804060.0,499.1921537545912,52.755201147075475
804120.0,479.36345886708364,52.636345872372004
804180.0,543.5358603310982,52.52221171549889
804240.0,681.7307516796492,52.39279841542006
804300.0,503.0368303019646,52.23048156978205
804360.0,528.4306279504208,52.11071089590063
804420.0,446.0045634852864,51.98489407972196
804480.0,595.3168979876081,51.87870251698737
804540.0,569.0433892004135,51.73696039841889
804600.0,560.6101212021232,51.601473877180695
804660.0,589.4237983314802,51.46799527689448
804720.0,477.62965271658743,51.327656277291744
804780.0,480.4246390517409,51.21393493140684
804840.0,596.3288563042319,51.099548112585
804900.0,526.7344939756821,50.95756505156018
804960.0,350.5217511833022,50.832152076804064
805020.0,505.73952248057157,50.74869451699852
805080.0,438.19589828585254,50.62828034497934
805140.0,521.5092920353927,50.52394798824461
805200.0,486.5066685440553,50.399779109188565
805260.0,351.85537234069125,50.283944188106645
805320.0,466.56827875131717,50.2001690994541
805380.0,457.1058987227336,50.08908141403712
805440.0,460.1864030724978,49.98024667624599
805500.0,466.70288536128174,49.870678485038255
805560.0,515.6051372909628,49.759558750428425
805620.0,444.24152807614803,49.63679562250201
805680.0,414.2295628365185,49.531023830102924
805740.0,475.06912244853334,49.432397743713274
805800.0,533.9803804241075,49.31928604789219
805860.0,447.43602687805867,49.19214786207693
805920.0,397.9125104695687,49.08561547472501
805980.0,404.3944104107518,48.99087440080368
806040.0,386.6032845178709,48.89459001737255
806100.0,365.0470828525432,48.802541616296864
806160.0,486.440391461893,48.71562564418912
806220.0,304.0815711108863,48.59980650336486
806280.0,410.71586357915487,48.52740612929084
806340.0,326.1706018273698,48.42961663796247
806400.0,237.10280829294368,48.35195697086071
806460.0,306.74195613809707,48.295503921267155
806520.0,277.2563562955196,48.22247012218666
806580.0,336.64996960869263,48.15645670402105
806640.0,299.3180355282144,48.07630194935232
806700.0,224.27711133499736,48.00503575041703
806760.0,365.5336624473264,47.95163643819441
806820.0,334.27322174640597,47.86460461380219
806880.0,355.53981344243516,47.78501575148162
806940.0,266.0267547079164,47.70036341494771
807000.0,241.02017405438193,47.63702371144583
807060.0,276.6577657230437,47.579637955718596
807120.0,191.00212280781523,47.51376705911787
807180.0,224.5890138432257,47.468290363211246
807240.0,197.3097391553584,47.41481678848667
807300.0,111.18531505737258,47.36783827916396
807360.0,197.42549079019847,47.341365585102686
807420.0,154.18659965709185,47.29435951586692
807480.0,156.89544597540197,47.257648420710474
807540.0,184.01899099920075,47.2202923621449
807600.0,229.22840350135613,47.176478316668906
807660.0,92.5777812486532,47.12190012535906
807720.0,113.88296167361426,47.09985779649033
807780.0,78.69070256088878,47.07274280561566
807840.0,65.2526235100292,47.054006924053546
807900.0,69.80754083167761,47.03847058512259
807960.0,84.06513882510978,47.021849742067424
808020.0,121.32902365125949,47.00183423282335
808080.0,95.68395323195904,46.972946370049236
808140.0,3.2840029989837944,46.95016447642258
808200.0,134.54280072254193,46.94938257094663
808260.0,103.71702259621179,46.9173485707746
808320.0,-16.896614748347247,46.892654041585025
808380.0,100.70833756438964,46.89667704509654
808440.0,36.93183989933448,46.87269886948597
808500.0,-2.0494806061881263,46.86390557427185
808560.0,18.815141565915212,46.86439354584475
808620.0,-14.25147422364023,46.859913750233815
808680.0,9.93758115262824,46.8633069583823
808740.0,-21.6147587848713,46.860940867631676
808800.0,-63.20875531694594,46.86608723877093
808860.0,-174.64357524282093,46.881136942417825
808920.0,-31.61341251596616,46.92271874604707
808980.0,-95.83205424138652,46.93024574902706
809040.0,-36.920668394127915,46.95306290479882
809100.0,-64.89643959751663,46.961853540130754
809160.0,-124.86944049190657,46.97730507336826
809220.0,-52.8545418511718,47.007035892533
809280.0,-112.17763518682875,47.019620307259466
809340.0,-124.89239751719191,47.04632926801823
809400.0,-153.24747189540153,47.076065553141376
809460.0,-54.20289778492747,47.112553046449804
809520.0,-208.27174230757333,47.12545849830336
809580.0,-195.0983602640917,47.175047008376595
809640.0,-260.24138365617796,47.22149899891566
809700.0,-152.66064401988103,47.28346123311952
809760.0,-241.45516237167283,47.319809005505206
809820.0,-244.98720656004122,47.377298329879416
809880.0,-258.05593644381236,47.435628617155615
809940.0,-233.5256128557749,47.49707050678509
810000.0,-322.5769445368023,47.552671843179326
810060.0,-392.3605341141536,47.62947587759285
810120.0,-240.5288113841621,47.722895052381936
810180.0,-405.0193431756685,47.78016381699722
810240.0,-237.16086284563835,47.87659699394381
810300.0,-205.08799151611606,47.93306386604991
810360.0,-318.6297699607297,47.981894340220414
810420.0,-240.9685154499561,48.05775857116345
810480.0,-330.53922549179134,48.11513202722296
810540.0,-243.2580742213417,48.193831842816245
810600.0,-376.6962571512746,48.25175043191656
810660.0,-501.30768464624055,48.34144001695258
810720.0,-374.28105306603703,48.4607989894874
810780.0,-277.05917134791827,48.54991352593169
810840.0,-357.46760656014226,48.61587999530025
810900.0,-430.4910784712666,48.70099133019552
810960.0,-389.81996784248554,48.803489206022014
811020.0,-361.24443476649543,48.89630348407975
811080.0,-434.5815174914906,48.98231406378606
811140.0,-281.76766084928,49.08578585366499
811200.0,-480.2758409601372,49.15287339196244
811260.0,-398.9322387925189,49.267224782667235
811320.0,-423.1904694409702,49.36220864904641
811380.0,-520.6911792150185,49.46296828462759
811440.0,-513.9331174083342,49.58694237491688
811500.0,-437.1156396576228,49.70930740287125
811560.0,-499.2182065929632,49.81338255517068
811620.0,-497.2935588987701,49.93224403293091
811680.0,-625.3761668704831,50.050647261240144
811740.0,-497.465790891455,50.19954634859026
811800.0,-529.162267808337,50.3179905845168
811860.0,-559.7753150667438,50.443981600661644
811920.0,-543.7936081223017,50.577261437582294
811980.0,-599.471883663985,50.706736106182845
812040.0,-619.869511980513,50.84946750705522
812100.0,-608.2694368388899,50.997055486098205
812160.0,-630.9734240612825,51.14188154248842
812220.0,-481.61797452470694,51.29211331012206
812280.0,-567.0292250655566,51.40678425643747
812340.0,-689.1041677845496,51.54179121478641
812400.0,-518.0353332029968,51.70586363568749
812460.0,-675.363719866763,51.829205381688205
812520.0,-656.7660876959244,51.99000626737077
812580.0,-613.7910252241062,52.1463791453936
812640.0,-794.8992968075281,52.29251986568506
812700.0,-699.9464769094659,52.48178160302018
812760.0,-729.1106629972,52.64843552609386
812820.0,-691.3520604222897,52.82203330299796
812880.0,-690.3604221170403,52.98664093643184
812940.0,-726.0655981840491,53.15101246550733
813000.0,-737.6754059774042,53.32388522697972
813060.0,-675.1349320785009,53.49952222840291
813120.0,-729.6994473198008,53.660268640802556
813180.0,-754.0082729430001,53.83400660445013
813240.0,-756.2859405985662,54.01353238372227
813300.0,-663.628331979645,54.193600464817166
813360.0,-772.00369343859,54.3516072105266
813420.0,-821.7723481097291,54.53541761372627
813480.0,-913.9454248007603,54.73107769660954
813540.0,-893.9003988260904,54.948683750133526
813600.0,-844.3029300263215,55.161517178425456
813660.0,-831.1596658312028,55.36254168557458
813720.0,-866.3284041546358,55.560436844105816
813780.0,-820.2148527056911,55.76670551176168
813840.0,-883.6445998528633,55.961994762405894
813900.0,-912.6122945788509,56.17238633379943
813960.0,-829.1512751146978,56.38967497536582
814020.0,-791.8713040454743,56.58709194563122
814080.0,-948.5481615503045,56.775632732308715
814140.0,-875.5363153537387,57.00147753267783
814200.0,-1012.4587089342306,57.20993856014301
814260.0,-994.5878557626662,57.451000157508304
814320.0,-949.3566116799241,57.68780678983275
814380.0,-853.8090687998199,57.91384407832797
814440.0,-976.4570143031913,58.11713195185173
814500.0,-986.4895532171178,58.349621717162016
814560.0,-943.1050665676894,58.58450018221371
814620.0,-950.7499666293512,58.80904900758697
814680.0,-1007.7454492078623,59.03541804726063
814740.0,-849.0847405952852,59.27535743992917
814800.0,-991.7582071564153,59.47752047340423
814860.0,-976.5575737477883,59.713653379870046
814920.0,-1014.9736131780942,59.94616708790523
814980.0,-971.9206190601283,60.187827471995256
815040.0,-931.6314386889691,60.41923714320005
815100.0,-913.2769618828208,60.64105415241171
815160.0,-1066.1585320969134,60.8585010480981
815220.0,-961.6586098018304,61.11234831764498
815280.0,-1001.967125152489,61.34131465331208
815340.0,-983.6753606539146,61.57987825453887
815400.0,-1054.817828627454,61.81408667374218
815460.0,-1067.6429682766588,62.06523377579634
815520.0,-1007.3510288012893,62.31943448252888
815580.0,-1013.2436792821634,62.559279965576806
815640.0,-983.5712534975727,62.80052846064399
815700.0,-1072.5488250343617,63.034712092429125
815760.0,-1097.7816766563483,63.29008086029445
815820.0,-1245.8210586641185,63.551457449974535
815880.0,-1201.726438117814,63.84808151156123
815940.0,-1135.4847722549803,64.13420685397024
816000.0,-1184.6299791289778,64.4045603711738
816060.0,-1076.4132608702132,64.68661512810927
816120.0,-1210.5148731625923,64.94290399974503
816180.0,-1168.6022476608148,65.23112182668851
816240.0,-1172.8137822728393,65.50936045708394
816300.0,-1079.3336227084073,65.78860183381558
816360.0,-1194.5963336550396,66.04558602969853
816420.0,-1137.3988418257586,66.33001372818782
816480.0,-1159.2004913692472,66.60082297624157
816540.0,-1123.1025381122,66.87682309323425
816600.0,-1132.601596058696,67.14422845945144
816660.0,-1191.8931846596975,67.41389550613208
816720.0,-1297.8943145115736,67.69767959771772
816780.0,-1216.2085077650806,68.00670205355381
816840.0,-1209.6463041270379,68.29627550778359
816900.0,-1197.3907749162422,68.58428653257575
816960.0,-1264.8644034632448,68.86937957422246
817020.0,-1158.1741430691904,69.17053776552324
817080.0,-1231.7854546224964,69.44629351387304
817140.0,-1293.7641061787454,69.73957576497364
817200.0,-1271.9167565694988,70.04761483787334
817260.0,-1134.556460002403,70.35045216086608
817320.0,-1216.2093248662618,70.62058465134285
817380.0,-1198.9245621262344,70.91015830012053
817440.0,-1330.0440375729625,71.1956165291982
817500.0,-1314.5522983887429,71.5122936810013
817560.0,-1319.7383104034288,71.82528232347481
817620.0,-1273.3764825049732,72.13950573071372
817680.0,-1300.4239502906785,72.44269060750062
817740.0,-1324.8537548533345,72.75231535756983
817800.0,-1322.7849464404833,73.067756727773
817860.0,-1353.9959064280968,73.38270552454455
817920.0,-1322.5134309138214,73.70508550226552
817980.0,-1250.2555796865054,74.0199696524831
818040.0,-1413.1183857375183,74.31764955240845
818100.0,-1306.7787418476298,74.65410631091738
818160.0,-1249.9553051450257,74.96524410659539
818220.0,-1348.9012280697193,75.2628525125823
818280.0,-1374.7473743641197,75.58401947164651
818340.0,-1292.621306120112,75.91134027506654
818400.0,-1412.1443581443825,76.21910725271418
818460.0,-1359.4237489651068,76.55533209989142
818520.0,-1425.3793684624704,76.87900442107359
818580.0,-1480.0763903305617,77.2183804611837
818640.0,-1381.826031512634,77.5707796017386
818700.0,-1453.3022447807248,77.89978579971779
818760.0,-1382.945145807047,78.2458101437132
818820.0,-1320.0442058401372,78.57508279747678
818880.0,-1280.3463059632957,78.88937903696252
818940.0,-1390.5999825991523,79.19422339552521
819000.0,-1339.6232436685148,79.5253186294774
819060.0,-1381.3571147754967,79.84427654463657
819120.0,-1432.7544777825356,80.1731710957736
819180.0,-1529.6810162938127,80.51430311429324
819240.0,-1320.9855357546162,80.87851288007748
819300.0,-1485.855591923386,81.19303324573335
819360.0,-1344.2312140334793,81.54680838666748
819420.0,-1399.2305196972795,81.86686343762783
819480.0,-1494.1946310891387,82.20001356136528
819540.0,-1421.0621034334904,82.55577418781508
819600.0,-1315.9086138652076,82.89412230768019
819660.0,-1355.7984026977272,83.20743388241
819720.0,-1482.707504767372,83.53024302590946
819780.0,-1498.623490742938,83.88326862228264
819840.0,-1453.8047230194022,84.2400837391262
819900.0,-1473.6131013640297,84.5862277207975
819960.0,-1395.5154955426324,84.93708798302703
820020.0,-1426.894116749278,85.26935357720384
820080.0,-1576.5258292335561,85.60909027166795
820140.0,-1451.1447050406005,85.9844535643426
820200.0,-1493.0364616901406,86.32996420839989
820260.0,-1483.642073854902,86.68544908023087
820320.0,-1474.4611917908219,87.03869719305347
820380.0,-1420.9547745002665,87.38975938157509
820440.0,-1437.6430902052173,87.72808194693229
820500.0,-1544.6786768380625,88.07037792079068
820560.0,-1506.545446873488,88.43815855813307
820620.0,-1533.2256824593974,88.79685985500771
820680.0,-1610.4617632011673,89.16191358892661
820740.0,-1519.3006611168773,89.54535686587927
820800.0,-1405.1912942494507,89.90709511852614
820860.0,-1621.6878816214266,90.24166447429982
820920.0,-1523.448178782661,90.62778063659064
820980.0,-1528.362315415646,90.99050639344365
821040.0,-1510.6697046755667,91.35440218282832
821100.0,-1588.5872770369024,91.71408544584632
821160.0,-1619.170392736191,92.09232051180749
821220.0,-1619.1695174812962,92.47783727198276
821280.0,-1459.3373497450766,92.86335382376403
821340.0,-1600.8439618886232,93.21081509751286
821400.0,-1574.4955701127062,93.59196842177207
821460.0,-1420.8324222906115,93.96684831941795
821520.0,-1593.7036604643606,94.30514175329667
821580.0,-1531.5915916206145,94.68459500578818
821640.0,-1490.7433187823724,95.04925967045976
821700.0,-1496.0143688934893,95.40419855588414
821760.0,-1639.1867361141155,95.76039245323973
821820.0,-1604.3767965987222,96.15067500945737
821880.0,-1545.6661349458693,96.53266948483802
821940.0,-1450.2479885604407,96.9006852312537
822000.0,-1613.8093883771742,97.24598237138714
822060.0,-1599.813804553328,97.63022270195313
822120.0,-1547.049315856757,98.0
822180.0,-1537.019439114871,98.0
822240.0,-1535.3071589157425,98.0
822300.0,-1628.7754529611768,98.0
822360.0,-1611.7368492176608,98.0
822420.0,-1568.6518314340085,98.0
822480.0,-1507.559175957319,98.0
822540.0,-1599.2707881376973,98.0
822600.0,-1587.911613213785,98.0
822660.0,-1649.6887612280966,98.0
822720.0,-1477.846734970518,98.0
822780.0,-1581.8395283632763,98.0
822840.0,-1527.8325875275327,98.0
822900.0,-1592.0541601711905,98.0
822960.0,-1590.0295788664782,98.0
823020.0,-1686.4091827548825,98.0
823080.0,-1726.6287911446175,98.0
823140.0,-1523.608527917993,98.0
823200.0,-1595.126392455962,98.0
823260.0,-1588.4584788042966,98.0
823320.0,-1676.768863715223,98.0
823380.0,-1656.9381107002935,98.0
823440.0,-1539.8918701794341,98.0
823500.0,-1500.0441648976307,98.0
823560.0,-1642.4990676962284,98.0
823620.0,-1565.6504664713543,98.0
823680.0,-1595.2017744914083,98.0
823740.0,-1614.4457541491188,98.0
823800.0,-1496.654137526707,98.0
823860.0,-1635.4683275385605,98.0
823920.0,-1534.284887253992,98.0
823980.0,-1586.2405096912262,98.0
824040.0,-1610.4843599954945,98.0
824100.0,-1527.4418753557568,98.0
824160.0,-1592.593540791618,98.0
824220.0,-1615.972756349025,98.0
824280.0,-1527.5528482495315,98.0
824340.0,-1535.4426913113434,98.0
824400.0,-1538.3064449330495,98.0
824460.0,-1843.6650903445454,98.0
824520.0,-1583.9055864602633,98.0
824580.0,-1597.4552779294845,98.0
824640.0,-1612.087006768828,98.0
824700.0,-1573.168119455052,98.0
824760.0,-1593.8279648413359,98.0
824820.0,-1568.4462176571567,98.0
824880.0,-1624.7924768617966,98.0
824940.0,-1518.3708731756103,98.0
825000.0,-1561.0188579613844,98.0
825060.0,-1574.644589716566,98.0
825120.0,-1576.9614476112806,98.0
825180.0,-1536.4813863845447,98.0
825240.0,-1543.8984557365743,98.0
825300.0,-1611.194489698525,98.0
825360.0,-1544.1850053689234,98.0
825420.0,-1592.283008817179,98.0
825480.0,-1486.7801413486357,98.0
825540.0,-1534.948816035485,98.0
825600.0,-1637.3129518042815,98.0
825660.0,-1458.8448756033215,98.0
825720.0,-1723.6682941084218,98.0
825780.0,-1558.1103178479207,98.0
825840.0,-1636.8795026584212,98.0
825900.0,-1480.8743212793051,98.0
825960.0,-1577.2847217616572,98.0
826020.0,-1638.6762887228274,98.0
826080.0,-1605.581306845265,98.0
826140.0,-1630.9182250824895,98.0
826200.0,-1604.8673840755712,98.0
826260.0,-1604.625830837282,98.0
826320.0,-1628.3103838006011,98.0
826380.0,-1565.3191807611784,98.0
826440.0,-1556.279530274975,98.0
826500.0,-1637.7094020281113,98.0
826560.0,-1675.553327787705,98.0
826620.0,-1555.4742225605578,98.0
826680.0,-1540.2390898923861,98.0
826740.0,-1526.3124195444166,98.0
826800.0,-1534.9745392278119,98.0
826860.0,-1471.550134591785,98.0
826920.0,-1503.905858728507,98.0
826980.0,-1400.7057744465228,98.0
827040.0,-1373.171005893907,98.0
827100.0,-1662.3592973359475,98.0
827160.0,-1686.3137949351515,98.0
827220.0,-1552.4904202135433,98.0
827280.0,-1519.3036937796442,98.0
827340.0,-1551.5707728865896,98.0
827400.0,-1502.2123194261317,98.0
827460.0,-1558.000693064412,98.0
827520.0,-1580.7318945369188,98.0
827580.0,-1568.9267495658655,98.0
827640.0,-1545.5717314824021,98.0
827700.0,-1480.109217090499,98.0
827760.0,-1557.0328416943548,98.0
827820.0,-1542.2251965304222,98.0
827880.0,-1487.6830907939998,98.0
827940.0,-1530.7833870740992,98.0
828000.0,-1448.763070497671,98.0
828060.0,-1567.7969018656347,98.0
828120.0,-1577.6200290467687,98.0
828180.0,-1487.9231176102376,98.0
828240.0,-1478.6573187656484,98.0
828300.0,-1551.4772060845385,98.0
828360.0,-1415.5802992312344,98.0
828420.0,-1377.267713967808,98.0
828480.0,-1526.9547239479696,98.0
828540.0,-1396.516767373025,98.0
828600.0,-1625.106002631213,98.0
828660.0,-1413.9866704760398,98.0
828720.0,-1526.3467195629748,98.0
828780.0,-1412.5964963471597,98.0
828840.0,-1525.0698234798326,98.0
828900.0,-1467.6875738782019,98.0
828960.0,-1508.3231142036848,98.0
829020.0,-1468.639826083561,98.0
829080.0,-1342.0554488691687,98.0
829140.0,-1454.324318059546,98.0
829200.0,-1317.1805197190633,98.0
829260.0,-1462.8515001508295,98.0
829320.0,-1346.0547124561629,98.0
829380.0,-1528.9138757656897,98.0
829440.0,-1444.3286226679868,98.0
829500.0,-1455.0246336436649,98.0
829560.0,-1326.2700099041301,98.0
829620.0,-1403.0462485916366,98.0
829680.0,-1535.0296772904092,98.0
829740.0,-1483.890823519614,98.0
829800.0,-1461.53614730254,98.0
829860.0,-1340.1819399607089,98.0
829920.0,-1343.3283981499171,98.0
829980.0,-1405.0122150498378,98.0
830040.0,-1415.2139198684768,98.0
830100.0,-1334.5909720515538,98.0
830160.0,-1440.5726079988972,98.0
830220.0,-1340.5242328565748,98.0
830280.0,-1340.7728061383468,98.0
830340.0,-1374.6953142409263,98.0
830400.0,-1329.41202542171,98.0
830460.0,-1342.1566931309474,98.0
830520.0,-1313.4038969692242,98.0
830580.0,-1418.2191545100627,98.0
830640.0,-1296.1842597895875,98.0
830700.0,-1266.2972515895963,98.0
830760.0,-1303.4329663791946,98.0
830820.0,-1281.371766242629,98.0
830880.0,-1318.7526658895363,98.0
830940.0,-1253.3486451543254,98.0
831000.0,-1297.5433458112927,98.0
831060.0,-1364.9228866224735,98.0
831120.0,-1241.3805185346753,98.0
831180.0,-1383.1483633066869,98.0
831240.0,-1262.598107753587,98.0
831300.0,-1297.0429518612766,98.0
831360.0,-1295.2613802404258,98.0
831420.0,-1252.39851234237,98.0
831480.0,-1299.5790605204106,98.0
831540.0,-1220.5534518069908,98.0
831600.0,-1242.1023525276514,98.0
831660.0,-1276.7326022232953,98.0
831720.0,-1153.5496651473309,98.0
831780.0,-1215.6597993744676,98.0
831840.0,-1184.1660420516544,98.0
831900.0,-1131.0473248660073,98.0
831960.0,-1126.021878753979,98.0
832020.0,-1169.196980862031,98.0
832080.0,-1216.0568755585168,98.0
832140.0,-1277.554827687518,98.0
832200.0,-1173.2085002154286,98.0
832260.0,-1113.7345333194562,98.0
832320.0,-1151.912844680913,98.0
832380.0,-1373.5715932756507,98.0
832440.0,-1108.3804956020444,98.0
832500.0,-1098.3449916132265,98.0
832560.0,-1165.922213139695,98.0
832620.0,-1082.124529373557,98.0
832680.0,-1097.2892442423567,98.0
832740.0,-1169.6022897285093,98.0
832800.0,-1045.662485128815,98.0
832860.0,-1191.4219771099213,98.0
832920.0,-1112.2051741355613,98.0
832980.0,-1111.5522700646532,98.0
833040.0,-1144.984745810706,98.0
833100.0,-1070.52202057494,98.0
833160.0,-1003.383767747177,98.0
833220.0,-1000.3628741397227,98.0
833280.0,-1024.9944364055505,98.0
833340.0,-1163.3221430849321,98.0
833400.0,-1134.842217064429,98.0
833460.0,-1037.7991835311727,98.0
833520.0,-1042.8738326679857,98.0
833580.0,-1063.7212495623664,98.0
833640.0,-912.500310484422,98.0
833700.0,-1013.4180308223622,98.0
833760.0,-980.141691123881,98.0
833820.0,-946.2966989757247,98.0
833880.0,-995.123944636413,98.0
833940.0,-835.7762679330948,98.0
834000.0,-1040.448492410739,98.0
834060.0,-1013.1443992706222,98.0
834120.0,-1026.0715736979294,98.0
834180.0,-868.4326213098461,98.0
834240.0,-906.7253995082592,98.0
834300.0,-980.1266305457978,98.0
834360.0,-991.9057776673567,98.0
834420.0,-849.5443457703209,98.0
834480.0,-903.4701809746459,98.0
834540.0,-833.0493080920676,98.0
834600.0,-913.7557511918449,98.0
834660.0,-871.8967244306186,98.0
834720.0,-876.9870765981141,98.0
834780.0,-924.8293362187122,98.0
834840.0,-888.3834444947263,98.0
834900.0,-943.115544379808,98.0
834960.0,-834.7040853661158,98.0
835020.0,-810.9395168112821,98.0
835080.0,-789.4397066724008,98.0
835140.0,-801.0628082105438,98.0
835200.0,-840.9256161772846,98.0
835260.0,-732.2638569181662,98.0
835320.0,-763.9644552667841,98.0
835380.0,-726.2830379547987,98.0
835440.0,-714.5836508765985,98.0
835500.0,-801.2342597673547,98.0
835560.0,-762.4355369861539,98.0
835620.0,-731.2172223002865,98.0
835680.0,-838.5954847205954,98.0
835740.0,-829.1944395795879,98.0
835800.0,-831.4372619108111,98.0
835860.0,-751.840741335192,98.0
835920.0,-757.203810602958,98.0
835980.0,-815.1691756116695,98.0
836040.0,-711.8659192363928,98.0
836100.0,-718.337574000637,98.0
836160.0,-633.413835827015,98.0
836220.0,-575.2923220138211,98.0
836280.0,-660.3821165849929,98.0
836340.0,-721.2405270607975,98.0
836400.0,-632.2885227346746,98.0
836460.0,-662.1590761362634,98.0
836520.0,-668.7262587768754,98.0
836580.0,-697.5927816654448,98.0
836640.0,-665.3046232136015,98.0
836700.0,-639.6505843618656,98.0
836760.0,-572.2463041608254,98.0
836820.0,-581.3170470906825,98.0
836880.0,-493.90831117784404,98.0
836940.0,-554.4249746655989,98.0
837000.0,-560.8483069967527,98.0
837060.0,-596.0792191100458,98.0
837120.0,-631.331514369439,98.0
837180.0,-594.6349211092194,98.0
837240.0,-593.7687568769763,98.0
837300.0,-696.7498199479182,98.0
837360.0,-594.9104562196877,98.0
837420.0,-429.537585655002,98.0
837480.0,-494.8125891677033,98.0
837540.0,-530.7596032325234,98.0
837600.0,-475.4804288463375,98.0
837660.0,-607.7963554852679,98.0
837720.0,-464.85125585529073,98.0
837780.0,-396.2951432990716,98.0
837840.0,-471.3620844427127,98.0
837900.0,-561.5482058350531,98.0
837960.0,-471.1826079748124,98.0
838020.0,-360.6918168730843,98.0
838080.0,-413.0155283224758,98.0
838140.0,-504.7024940029542,98.0
838200.0,-268.6019341573391,98.0
838260.0,-476.92962290959804,98.0
838320.0,-407.30406668593156,98.0
838380.0,-445.98571503366844,98.0
838440.0,-436.9035612520828,98.0
838500.0,-392.86076206354744,98.0
838560.0,-318.53876552046097,98.0
838620.0,-270.2402581892145,98.0
838680.0,-361.79536827452034,98.0
838740.0,-390.17627001184616,98.0
838800.0,-291.78141401368185,98.0
838860.0,-280.94431299508454,98.0
838920.0,-287.912651280743,98.0
838980.0,-276.69521541248565,98.0
839040.0,-290.8897627208719,98.0
839100.0,-269.1352351982476,98.0
839160.0,-276.80475334201947,98.0
839220.0,-192.56590980384084,98.0
839280.0,-113.9418301789172,98.0
839340.0,-227.73367770460248,98.0
839400.0,-229.76585944122252,98.0
839460.0,-204.87429363870166,98.0
839520.0,-250.55214084694728,98.0
839580.0,-156.0260178121003,98.0
839640.0,-166.29968788301875,98.0
839700.0,-208.84234849935348,98.0
839760.0,-120.33295920387269,98.0
839820.0,-164.16005225267867,98.0
839880.0,-214.34562482989577,98.0
839940.0,-125.88975826517498,98.0
840000.0,-123.61198745954499,98.0
840060.0,-71.05439154302991,98.0
840120.0,-69.6377636615278,98.0
840180.0,-116.93915837337096,98.0
840240.0,-129.57044206810502,98.0
840300.0,-92.0056619250006,98.0
840360.0,-61.18300545549789,98.0
840420.0,-44.834506136012465,98.0
840480.0,-46.661047654049696,98.0
840540.0,-61.086102980024464,98.0
840600.0,13.264606915486127,98.0
840660.0,-77.91681708396209,97.99684176025822
840720.0,120.38010091314572,98.0
840780.0,26.462734896252073,97.97133807121115
840840.0,-77.92085099080685,97.96503742004538
840900.0,9.878045658143208,97.98359000361462
840960.0,54.1466565426241,97.98123808798174
841020.0,-4.170711770636387,97.96834602690016
841080.0,-63.927920614151844,97.96933905351221
841140.0,-27.59127216622869,97.98455998699177
841200.0,76.2315799455979,97.99112933750754
841260.0,-52.6369202266967,97.97297896133001
841320.0,-25.40689992942754,97.98551156138399
841380.0,102.65620882692627,97.99156082327194
841440.0,65.96315234666639,97.96711886878934
841500.0,46.415869699568816,97.95141335632584
841560.0,67.30091922939539,97.94036195877833
841620.0,17.532688648970122,97.92433793039038
841680.0,143.61884015042682,97.92016348071205
841740.0,74.90150471116442,97.88596851877148
841800.0,99.86274260687236,97.86813482717358
841860.0,161.49890060366783,97.84435798369574
841920.0,133.9470989362058,97.8059058645044
841980.0,115.68641364401373,97.77401369809101
842040.0,47.186918580817974,97.74646931389006
842100.0,197.1519710202444,97.73523433327559
842160.0,188.36359795141158,97.68829338779457
842220.0,161.06157980180149,97.64344491209185
842280.0,138.30368548280603,97.60509691690095
842340.0,209.716956668106,97.57216746797647
842400.0,246.14262052596402,97.52223485924597
842460.0,231.5012293720635,97.46362947340646
842520.0,332.1980122489696,97.40851013307977
842580.0,284.4346511213404,97.3294153682586
842640.0,243.89970741470572,97.26169283227732
842700.0,302.7750220545962,97.20362147336905
842760.0,269.4913929525586,97.13153218240367
842820.0,277.32698345603796,97.06736756503402
842880.0,360.39003979709025,97.00133733087782
842940.0,236.66517671179645,96.91553017854518
843000.0,299.83390316293674,96.85918132694714
843060.0,377.64941199363216,96.78779230238453
843120.0,332.5811017418868,96.69787577571938
843180.0,299.6152509678168,96.61868979911416
843240.0,227.0460277276714,96.54735283459802
843300.0,200.79089773941456,96.49329425656762
843360.0,469.1160769424391,96.445486899963
843420.0,370.5252477955121,96.33379259592908
843480.0,324.37375229182203,96.24557229883492
843540.0,387.72182814236754,96.16834045305114
843600.0,317.16128983473504,96.07602573206486
843660.0,361.34638411116487,96.00051113924707
843720.0,331.8864807170405,95.91447628588726
843780.0,310.5969452639979,95.83545569524034
843840.0,276.06899188406214,95.76150404160606
843900.0,313.4058716134305,95.69577332925272
843960.0,477.3604956807236,95.62115288363047
844020.0,363.60706657103634,95.5074956227541
844080.0,461.56721536691913,95.42092251166576
844140.0,493.44125250199505,95.31102555562602
844200.0,443.518944967494,95.19353954312554
844260.0,431.0028867176656,95.08793979432376
844320.0,463.1999615964544,94.98532005939099
844380.0,436.42979188845266,94.87503435424897
844440.0,539.7745401580889,94.77112249903743
844500.0,586.147239505043,94.64260475138074
844560.0,566.459019692222,94.50304588483192
844620.0,356.18903737563943,94.3681746896671
844680.0,464.76860535176127,94.28336777600623
844740.0,496.83932434092503,94.17270858425582
844800.0,529.8622075685458,94.05441350703178
844860.0,403.81526265775574,93.92825583856308
844920.0,408.10627368351567,93.83210934745408
844980.0,596.2591097637664,93.73494118705324
845040.0,489.3199797457668,93.59297473234759
845100.0,438.5110209994659,93.47646997526526
845160.0,466.29404433411355,93.372062589313
845220.0,560.5625358443342,93.26104019780487
845280.0,492.2624751043191,93.12757292736575
845340.0,560.4486233934849,93.01036757615043
845400.0,491.4118183726476,92.87692742772342
845460.0,449.50986451786184,92.75992461382516
845520.0,643.4855870001724,92.65289845560662
845580.0,585.6007769247403,92.49968760155896
845640.0,545.1861526893379,92.36025884514831
845700.0,537.2336749332214,92.23045261831751
845760.0,659.4995110111814,92.1025398385715
845820.0,609.9512059286019,91.9455161454736
845880.0,645.8533884374712,91.80028966787155
845940.0,544.2836939813324,91.64651505157691
846000.0,584.1258065281426,91.51692369586708
846060.0,606.4257538637745,91.3778461228842
846120.0,550.460913609265,91.23345903863091
846180.0,578.8671921013673,91.102396916343
846240.0,550.6789670057842,90.9645713944141
846300.0,610.697623949844,90.83345735465082
846360.0,508.4905413953529,90.68805315847229
846420.0,623.0737774667372,90.56698398194958
846480.0,608.3406642668015,90.41863308255273
846540.0,578.4022253598788,90.27379006725111
846600.0,618.4348717618205,90.13607525168923
846660.0,570.3904480739943,89.9888288536507
846720.0,552.8616911777266,89.85302160410927
846780.0,626.4351058142871,89.72138786811458
846840.0,629.733447480903,89.5722366524445
846900.0,564.7362765318287,89.42230011733
846960.0,560.2078080883489,89.28783909910813
847020.0,585.3893353721368,89.15445628765852
847080.0,563.782336002059,89.01507787447467
847140.0,688.9026876987739,88.88084398495037
847200.0,616.8347035159071,88.71681953549829
847260.0,599.1303817302716,88.56995412989926
847320.0,542.6565132270252,88.4273040390111
847380.0,643.2823242665165,88.29810010729038
847440.0,562.5267917832973,88.14493764913169
847500.0,560.2954544259728,88.0110026987071
847560.0,646.011371421749,87.87759901908187
847620.0,623.0449728174141,87.72378678779097
847680.0,449.70673436700736,87.57544274664397
847740.0,590.5121499026752,87.46836971465183
847800.0,607.5311772328572,87.32777158372262
847860.0,579.6026263816642,87.18312130342909
847920.0,609.5354108565291,87.04512067810012
847980.0,491.22432938335953,86.89999319932475
848040.0,429.7932556767104,86.78303502566204
848100.0,540.932198788619,86.68070329811997
848160.0,616.1579130859913,86.55190991745602
848220.0,405.4455837330647,86.40520565243554
848280.0,548.0072476139965,86.30867098964195
848340.0,482.88870956547544,86.17819307354338
848400.0,583.2887103123738,86.06321957126589
848460.0,714.8694965831887,85.9243413069058
848520.0,583.8721154910539,85.7541342839098
848580.0,589.9175736779121,85.61511711355479
848640.0,646.1448020702262,85.47466054839339
848700.0,596.4508843290051,85.32081654790048
848760.0,581.6131009602802,85.17880443258404
848820.0,649.4102919756666,85.0403251228316
848880.0,621.3827646880721,84.88570362474216
848940.0,609.6044215919602,84.73775534743548
849000.0,583.1370338686476,84.59261143753264
849060.0,569.8368547866943,84.45376928661153
849120.0,644.7281252761265,84.31809384499566
849180.0,568.5678191191633,84.16458714850134
849240.0,661.6493639877485,84.02921385823487
849300.0,523.925290122354,83.87167829538065
849360.0,671.7226246691259,83.74693417868485
849420.0,612.9215236268908,83.5870002204303
849480.0,525.3529647849751,83.44106652432866
849540.0,612.832536977121,83.31598248509414
849600.0,542.067640218331,83.17006997629007
849660.0,581.8471604296693,83.04100625242856
849720.0,549.3636230260695,82.90247121423101
849780.0,569.270861296673,82.77167035160576
849840.0,632.3808105403632,82.63612967034464
849900.0,605.6205427872327,82.48556281069217
849960.0,505.5687977291783,82.34136744336188
850020.0,507.55230745592314,82.22099392009302
850080.0,586.3990069187026,82.10014813260352
850140.0,589.2255962499459,81.9605293214324
850200.0,526.6176181251034,81.82023751280147
850260.0,660.9817812390955,81.69485236562882
850320.0,612.700217147581,81.53747575104808
850380.0,524.7132957235717,81.39159474696532
850440.0,517.2401666491652,81.26666300988829
850500.0,545.2051230818136,81.14351058925753
850560.0,537.2324827229621,81.01369984566662
850620.0,630.7550158471129,80.8857873497802
850680.0,612.6713439938858,80.73560758410231
850740.0,553.8917162659171,80.58973345457996
850800.0,590.6232456556994,80.45785447451664
850860.0,597.463191110978,80.31722989221765
850920.0,549.6911036965083,80.17497675147695
850980.0,568.4390034806764,80.0440979172635
851040.0,577.9958272394815,79.90875529738715
851100.0,569.6405102177837,79.77113724328251
851160.0,491.6730687170551,79.63550855037352
851220.0,495.73402470347986,79.5184435340123
851280.0,517.0550671585913,79.40041162336863
851340.0,489.92450002666726,79.27730327404515
851400.0,441.87205666274366,79.16065458356262
851460.0,568.7297210269087,79.05544695102387
851520.0,546.8530374526893,78.92003511268413
851580.0,443.5845938070996,78.78983200852873
851640.0,507.35237584063304,78.68421662905085
851700.0,508.5944320796227,78.56341844432689
851760.0,528.3965235206188,78.44232453192697
851820.0,450.37752401083037,78.31651583585064
851880.0,431.8516288691892,78.20928309203853
851940.0,542.059226352077,78.10646127564111
852000.0,416.609232961992,77.97739955508109
852060.0,492.4457261347272,77.87820688056634
852120.0,484.5875318302998,77.76095789815331
852180.0,494.4904353493555,77.64557991438419
852240.0,514.7752446950943,77.52784409644386
852300.0,593.2411343188851,77.40527856199265
852360.0,399.0627449357221,77.2640306728691
852420.0,545.3238720229198,77.16901573359868
852480.0,339.6881707422015,77.03917671645037
852540.0,571.7215944838791,76.95829858055937
852600.0,363.2012989384236,76.82217439139654
852660.0,629.6255620825543,76.7356978916493
852720.0,457.71876230742924,76.5857870435344
852780.0,556.1859167929881,76.47680638584215
852840.0,541.4661728171744,76.34438116755811
852900.0,447.87774098656445,76.21546065022069
852960.0,450.1294197388161,76.10882309284294
853020.0,419.12974193311254,76.00164942147656
853080.0,514.2446207799882,75.9018566257782
853140.0,439.23627765472565,75.77941743035439
853200.0,413.1467192163777,75.67483736424612
853260.0,492.1636580691349,75.57646909776602
853320.0,403.7384558941178,75.45928727441623
853380.0,435.47320090542263,75.36315907063191
853440.0,459.28330288282405,75.25947497517824
853500.0,411.9582692170952,75.15012180782519
853560.0,418.6610314758238,75.05203650563064
853620.0,537.9062280402633,74.9523553076602
853680.0,431.2103135386167,74.82428239622205
853740.0,419.54843173688073,74.72161327395095
853800.0,428.2851192490473,74.62172079020408
853860.0,463.7319716067541,74.51974814276383
853920.0,372.11086647227955,74.40933576857175
853980.0,457.46009234591804,74.3207379432212
854040.0,444.86781315670936,74.21181887361503
854100.0,319.89814278238816,74.10589796572057
854160.0,532.5795660005849,74.02973174124857
854220.0,510.28816761291296,73.902927082677
854280.0,372.32951362129836,73.78142989991201
854340.0,350.7508864734819,73.69278001571647
854400.0,429.5224440598907,73.60926789988945
854460.0,328.04054230009007,73.50700065130376
854520.0,493.21282599637175,73.42889576027993
854580.0,381.02306224426553,73.3114641350427
854640.0,504.22446307785833,73.22074435831787
854700.0,355.24931484868847,73.1006909147279
854760.0,395.79094597000676,73.01610774452584
854820.0,476.3778317684022,72.92187180500918
854880.0,378.78551722023724,72.80844851173099
854940.0,412.3533538709867,72.71826148382141
855000.0,459.4488270157964,72.62008211385212
855060.0,358.401722732041,72.51068953599122
855120.0,313.94962487216986,72.42535579248359
855180.0,300.03517428797204,72.35060588179974
855240.0,420.48235095876936,72.2791689355407
855300.0,406.73668833840327,72.17905409007432
855360.0,445.05867498285596,72.08221202142232
855420.0,362.88066857828767,71.97624567023593
855480.0,291.4594084604389,71.88984551105062
855540.0,234.13487043911462,71.82045041379814
855600.0,545.3904363095271,71.76470401607455
855660.0,402.9572794082789,71.63484915028657
855720.0,377.5953746987462,71.53890694090364
855780.0,384.16919169640414,71.44900328026108
855840.0,279.65057074335425,71.35753442509527
855900.0,315.93604411763965,71.29095095587066
855960.0,466.3431616495681,71.2157280882236
856020.0,399.37688663429907,71.10469400211656
856080.0,312.21075197513915,71.00960426720363
856140.0,282.5862721857137,70.93526837387621
856200.0,323.4402871268225,70.8679859281177
856260.0,333.6611317452374,70.79097633594465
856320.0,473.75918952490736,70.71153320933864
856380.0,337.7563773345792,70.5987334023089
856440.0,275.9399481106366,70.51831521722923
856500.0,342.0762896640184,70.45261522958384
856560.0,359.7509466579895,70.37116849394955
856620.0,265.3749629210487,70.28551350665003
856680.0,364.67379341281645,70.22232899166883
856740.0,411.43397152507634,70.13550189799912
856800.0,345.59355006709944,70.03754142858838
856860.0,287.84277661256914,69.95525725000098
856920.0,302.34706650216,69.88672325556942
856980.0,232.98096819483942,69.8147358587832
857040.0,322.9320987553101,69.75926419968918
857100.0,348.0793656202297,69.68237560474745
857160.0,274.1242479656837,69.59949956531406
857220.0,442.81312917842763,69.534231887227
857280.0,372.49608476313267,69.42880018980355
857340.0,215.94013613957884,69.34011064581233
857400.0,215.73773274151688,69.28869632768387
857460.0,261.6179913087171,69.23733020084065
857520.0,413.6556690848224,69.17504020291
857580.0,371.34412663746104,69.0765507578898
857640.0,413.95494503376386,68.98813548964279
857700.0,315.8072194879606,68.88957478844428
857760.0,301.306755055405,68.81438259332809
857820.0,237.72593936816003,68.74264288974346
857880.0,332.27681141580973,68.68604147560819
857940.0,298.26375358049927,68.60692794908061
858000.0,294.7103014362243,68.53591276965669
858060.0,404.64911026517495,68.46574365026711
858120.0,298.779299219219,68.3693986240135
858180.0,385.03135232231176,68.29826069562797
858240.0,208.7187722569917,68.20658656412266
858300.0,464.13902472020413,68.15689161834719
858360.0,279.3232465711888,68.04638232674714
858420.0,343.0357316924473,67.97987679184924
858480.0,351.48419711556966,67.89820161763674
858540.0,268.58734630710137,67.8145149040378
858600.0,346.5091545363577,67.75056553586944
858660.0,348.58368189270095,67.66806335621793
858720.0,252.50837484147547,67.58506724148157
858780.0,252.20986131458088,67.52494619985265
858840.0,296.01425178098395,67.46489623287299
858900.0,285.3911691709797,67.39441664911561
858960.0,374.9504267645956,67.32646637074157
859020.0,332.58123077869703,67.23719245960714
859080.0,285.2707974707223,67.15800645227888
859140.0,324.9523613790299,67.09008483383347
859200.0,164.89621614871024,67.01271522398132
859260.0,249.90054622093788,66.97345422013639
859320.0,303.22819571500685,66.91395409008379
859380.0,352.03636045518317,66.84175690062784
859440.0,296.27168591941717,66.75793871956708
859500.0,370.9663956900479,66.68739784196721
859560.0,334.7502436381354,66.59907250966006
859620.0,252.59098045594433,66.5193700706986
859680.0,272.7207273535586,66.45922936106624
859740.0,304.87444179401945,66.39429585455348
859800.0,252.71216284650325,66.32170670174537
859860.0,370.7832684453361,66.26153713916287
859920.0,211.67208227117712,66.17325540858064
859980.0,296.4658842671439,66.12285729375418
860040.0,320.9440300794759,66.05227017845247
860100.0,257.34182509078283,65.97585493319545
860160.0,243.1656283489836,65.91458307007859
860220.0,270.28699602187345,65.85668649190026
860280.0,322.94323234177216,65.79233244522838
860340.0,243.61687208034434,65.71544119943272
860400.0,208.86971380122816,65.65743718227073
860460.0,341.4499274811068,65.60770629803234
860520.0,295.7949278718808,65.52640869625112
860580.0,331.7431468532391,65.4559813324721
860640.0,316.27824959192293,65.37699486893563
860700.0,400.97025258655935,65.30169052379469
860760.0,336.5454891283397,65.20622141603599
860820.0,225.68421196470032,65.1260915376721
860880.0,296.8382499176766,65.07235720149002
860940.0,234.6772246456228,65.00168142770009
861000.0,240.39436684669406,64.94580589802256
861060.0,182.41813777885835,64.88856914401144
861120.0,249.5382568051154,64.84513625406409
861180.0,298.95447691705124,64.7857223833962
861240.0,261.84880128962953,64.71454274603501
861300.0,199.4158225732711,64.652197793347
861360.0,173.57455725449816,64.60471783559146
861420.0,391.2540601847253,64.56339056005467
861480.0,283.65016278844683,64.47023483143926
861540.0,214.30303912922722,64.40269907839439
861600.0,291.0701594123599,64.35167454526838
861660.0,394.3394037972321,64.28237212636067
861720.0,299.85002804484435,64.18848179212323
861780.0,95.04105832505982,64.11708892830302
861840.0,421.0541104363262,64.09446010489229
861900.0,150.6217731863664,63.99420912621698
861960.0,248.88411322857144,63.958346799267844
862020.0,192.91699745462637,63.899088677070566
862080.0,216.2055559252092,63.85315605862899
862140.0,277.3625378323991,63.801678545313464
862200.0,135.73651474667605,63.73563984582956
862260.0,254.2907018411206,63.70332162803273
862320.0,328.2608876699521,63.64277622283247
862380.0,208.5480739736181,63.56461886862534
862440.0,175.45464068098602,63.514964565298285
862500.0,250.24964426705864,63.47318965085043
862560.0,238.05047975470066,63.413606402215414
862620.0,222.38699945851405,63.35692771655953
862680.0,186.5561182891933,63.30397843097417
862740.0,288.7705762542092,63.25956030757198
862800.0,293.1041904452888,63.19080540846384
862860.0,193.22458023476923,63.121018696453056
862920.0,201.30916448430415,63.07501284401621
862980.0,264.92076595871913,63.02708209056756
863040.0,198.62554611907572,62.96400571772025
863100.0,267.04177365873073,62.91671392102523
863160.0,344.20854084590593,62.853132546344575
863220.0,252.34544541693649,62.771178131857454
863280.0,182.93212338525532,62.71109588294866
863340.0,279.0947375008787,62.667540615475986
863400.0,244.73367217873903,62.601089487499586
863460.0,246.21285287469496,62.542819565552264
863520.0,283.57574424014325,62.48419745772495
863580.0,296.3573788812848,62.416679423382064
863640.0,256.86858397622655,62.34611814269604
863700.0,250.9454030882991,62.284958956035034
863760.0,378.2508223307658,62.22521005053782
863820.0,326.32792230298037,62.135150330935254
863880.0,304.1679352786498,62.0574532065774
863940.0,261.89204664907226,61.98503226960629
864000.0,189.6554069991015,61.92267702040413
864060.0,317.64318441325946,61.87752097111863
864120.0,258.6576501739149,61.801891641496425
864180.0,215.3698606650382,61.740306486693115
864240.0,235.41157441358584,61.68902794843953
864300.0,192.0290478007285,61.632977573579154
864360.0,313.4397445130829,61.587256371721836
864420.0,290.982227093973,61.512627861123484
864480.0,260.89794998608716,61.44334637848206
864540.0,247.43286808083553,61.38122781896156
864600.0,209.15987008493417,61.322315231323266
864660.0,122.19564433506612,61.272515262255425
864720.0,165.22438942229678,61.243421061223266
864780.0,205.44128313445694,61.204081920884626
864840.0,196.4220208927442,61.155167329662135
864900.0,267.3616416247539,61.108400181830525
864960.0,298.6896290288236,61.04474264811034
865020.0,242.29365176975512,60.97362606977015
865080.0,334.535021437779,60.915937105063065
865140.0,203.0261426179777,60.83628590948264
865200.0,241.8677786899076,60.78794635171646
865260.0,246.9407760818938,60.730358785361716
865320.0,315.5311871578957,60.671563362485074
865380.0,256.3532329912648,60.59643688935224
865440.0,258.0141436315221,60.5354004053067
865500.0,150.70942260673954,60.47396846634682
865560.0,196.00560776584584,60.438085270488074
865620.0,315.7571476186907,60.39141726863906
865680.0,125.4794763317734,60.316236995396515
865740.0,330.57957232240244,60.286360929603234
865800.0,279.97988362718,60.20765150762171
865860.0,205.14873579254714,60.140989630567624
865920.0,200.0770782126595,60.09214469347416
865980.0,363.7573361967367,60.04450729389972
866040.0,334.68436811768737,59.95789840432907
866100.0,242.8335750826923,59.87821165001534
866160.0,258.0755269217485,59.8203941321385
866220.0,211.22914342256627,59.75894757810951
866280.0,258.0870658237229,59.70865492491367
866340.0,209.56580808332328,59.647205623527064
866400.0,245.2874503695468,59.597309002554844
866460.0,358.61979722138426,59.53890722865734
866520.0,244.26319446577438,59.45352156265225
866580.0,187.11872742938363,59.395363659208016
866640.0,168.0177207144759,59.35081158124864
866700.0,257.6271125823079,59.31080736203091
866760.0,204.34634169648447,59.249467573320835
866820.0,264.7962436104506,59.20081368244072
866880.0,152.82987395167999,59.13776695777156
866940.0,291.41507240853616,59.10137889254497
867000.0,186.39017719368422,59.03199435149532
867060.0,252.7779106257379,58.987615737877775
867120.0,229.70188802093887,58.92743052106212
867180.0,353.10342526469987,58.87273959534285
867240.0,260.2894448910193,58.788667351232206
867300.0,366.7284188627389,58.7266936738772
867360.0,283.64465404283754,58.639377383671786
867420.0,335.5244740557266,58.57184294223301
867480.0,237.472235669138,58.491956162695935
867540.0,270.7303210692579,58.435415154203284
867600.0,323.11876424558716,58.3709555539487
867660.0,304.29775743846346,58.2940225148426
867720.0,281.85976970671226,58.22157066783345
867780.0,230.32409647678972,58.15446119885566
867840.0,240.473611247544,58.09962212826594
867900.0,318.25993347941346,58.04236650654034
867960.0,330.7549079665798,57.96659033190238
868020.0,214.4284871795175,57.88783916333891
868080.0,205.3747316904512,57.8367847616295
868140.0,195.75226348631372,57.78788601598892
868200.0,299.78234987226136,57.74127833420646
868260.0,194.23183537229906,57.669901584236875
868320.0,299.0565665602787,57.62365590914823
868380.0,282.7418101457148,57.55245196472912
868440.0,217.29490824182975,57.485132486123
868500.0,343.83200920386366,57.433395603208275
868560.0,162.2649496263545,57.351530839112115
868620.0,349.57247626481234,57.312896327296315
868680.0,269.1337108949888,57.2296647853285
868740.0,125.59261917353817,57.16558533035351
868800.0,345.513423216309,57.13568232578838
868860.0,308.3334429768952,57.05341722502259
868920.0,224.30804275292343,56.980004500504286
868980.0,192.11756448295822,56.926597823658355
869040.0,155.85685225564202,56.88085554640051
869100.0,394.92768919039986,56.84374677205393
869160.0,194.5980740102376,56.749716369865745
869220.0,174.18574439285086,56.703383495101406
869280.0,266.07628221257465,56.661910698817394
869340.0,151.72760870073608,56.598559203052496
869400.0,191.10840042193684,56.56243358193327
869460.0,309.69954964093745,56.51693158183281
869520.0,277.85413377999646,56.44319359382306
869580.0,226.819407463715,56.37703784768497
869640.0,251.10011968580335,56.323033226860275
869700.0,223.45360953872162,56.263247484077944
869760.0,246.28210311175863,56.21004424371158
869820.0,204.2934278600182,56.15140564773259
869880.0,215.1879001647717,56.10276435538496
869940.0,213.36172959054744,56.051529141060016
870000.0,206.45093585997276,56.00072872925274
870060.0,312.63742718096626,55.951573744524175
870120.0,296.21000335387225,55.87713626186204
870180.0,194.0613689376925,55.80661007058731
870240.0,178.3397562711201,55.760404982745
870300.0,240.56701844384185,55.71794313601378
870360.0,379.3211214636542,55.660665274479534
870420.0,188.34181815964533,55.570350721750096
870480.0,240.33094910456956,55.525507431712086
870540.0,255.32793777384273,55.46828577716338
870600.0,243.48650246089812,55.40749341102675
870660.0,222.51278108755807,55.349520434250344
870720.0,319.3105344581593,55.29654120065807
870780.0,277.2736393731705,55.22051488292993
870840.0,300.75485198889425,55.154497349745846
870900.0,285.36976630172035,55.082889051653254
870960.0,303.64433315447593,55.014943869200465
871020.0,345.0722777813279,54.94264759940178
871080.0,329.8710909581546,54.86048753326337
871140.0,389.49724872263505,54.78194679732095
871200.0,323.0500812352998,54.68920935714889
871260.0,209.84342803937344,54.61229267114049
871320.0,300.8496266776814,54.56232995017873
871380.0,292.6377260063595,54.490699086684046
871440.0,365.2300646657959,54.421023437634915
871500.0,191.98366098122338,54.334063898428774
871560.0,283.49108773766375,54.28835350295705
871620.0,209.15070512478383,54.220855624924276
871680.0,280.7685900922156,54.17105783798981
871740.0,237.1321002381933,54.10420817368214
871800.0,278.7861061873697,54.0477481498159
871860.0,165.3988296431507,53.98137050548558
871920.0,297.61392130430147,53.94198983176102
871980.0,262.3851875287872,53.871129374307614
872040.0,259.15455040901895,53.808656710610286
872100.0,367.0381173428584,53.746953246227186
872160.0,227.0769427763711,53.65956321828841
872220.0,270.56348968850926,53.60549727953213
872280.0,256.0455188638857,53.54107740103487
872340.0,261.91343967833626,53.48011418225775
872400.0,383.34124340601215,53.41775383947719
872460.0,253.86346543194404,53.32648211485672
872520.0,216.00040043779782,53.26603843261102
872580.0,362.29362878060596,53.214609765840116
872640.0,231.58053858291564,53.12834937803521
872700.0,153.73371695276234,53.07321115456309
872760.0,205.59646985214707,53.03660788862196
872820.0,175.25468193957218,52.98765634818097
872880.0,142.05500392923187,52.94592904295726
872940.0,228.27520143464807,52.91210642297411
873000.0,245.84649192039055,52.85775518453729
873060.0,320.8946605498609,52.799220305508626
873120.0,287.830815593372,52.72281681490151
873180.0,285.10071822568034,52.65428566833166
873240.0,196.48221863472315,52.58640454494459
873300.0,303.17520341372915,52.539623064317276
873360.0,333.5578078915466,52.467438492075914
873420.0,273.76297473904714,52.38801996638745
873480.0,275.444923318874,52.3228383057353
873540.0,174.21776282632567,52.257256181135574
873600.0,313.37117273194684,52.21577576141502
873660.0,356.9608891309941,52.14116357743122
873720.0,269.49455586257614,52.05617288954289
873780.0,214.46267072508573,51.992007519099424
873840.0,240.4114680885642,51.940944978450595
873900.0,224.91334254116333,51.883704152715225
873960.0,228.5194244476307,51.83015335687209
874020.0,289.03361688015065,51.775743970098844
874080.0,266.93114025728084,51.70692644227024
874140.0,310.40860219996165,51.643371408875645
874200.0,272.4361441968328,51.569464598828034
874260.0,198.34679464301024,51.50459885020974
874320.0,220.16115259952662,51.45737342291378
874380.0,216.4433544525096,51.40495410086628
874440.0,239.0373283400919,51.35341996885378
874500.0,357.9206644157189,51.296506319249
874560.0,367.5447519452032,51.21128711343573
874620.0,300.4604342916583,51.123776458210685
874680.0,257.4044581520406,51.05223825956981
874740.0,168.59447867754994,50.99095148381932
874800.0,263.50983755123224,50.95080994127705
874860.0,202.9254083568446,50.888069503764854
874920.0,348.17448151066657,50.83975393034656
874980.0,153.99499898640028,50.75685524427259
875040.0,273.4494619878782,50.72018976832345
875100.0,197.94602924787824,50.65508275356443
875160.0,249.85043986918154,50.607952746600645
875220.0,290.40741311642466,50.54846454663179
875280.0,311.78446938479345,50.479319924461215
875340.0,246.84906374071502,50.40508552698864
875400.0,296.18874535916825,50.346311940383714
875460.0,210.79402099786952,50.27579081053629
875520.0,265.3022536032776,50.22560175791775
875580.0,310.73142091535385,50.162434554678875
875640.0,270.5553270200459,50.08845088303236
875700.0,218.90053238390033,50.02403294802759
875760.0,233.95188033778035,49.97191377365047
875820.0,311.668587692127,49.91621094499862
875880.0,185.2549448756746,49.84200413840525
875940.0,194.14477349776382,49.79789581819676
876000.0,286.938796025587,49.751670872125864
876060.0,224.53644279804195,49.68335211116739
876120.0,163.7450261273944,49.62989105335833
876180.0,332.0230434885496,49.590904142375614
876240.0,185.0453350939959,49.5118510367831
876300.0,239.10508360390818,49.46779262366548
876360.0,213.95136337738583,49.41086284185503
876420.0,233.315581138363,49.359922041050886
876480.0,198.1557696344747,49.30437071220842
876540.0,294.14848742224376,49.25719076705735
876600.0,258.0024835072302,49.1871554129092
876660.0,310.43626599422964,49.12572625016938
876720.0,214.93367470027874,49.05181285350409
876780.0,379.5346321873733,49.00063816905164
876840.0,137.3469046900798,48.9102727804356
876900.0,156.59329935440638,48.87757113646177
876960.0,356.96521509384013,48.84028701756786
877020.0,280.3046386106207,48.75529529968838
877080.0,272.4307207430923,48.688556100019184
877140.0,277.9130166418463,48.6236916426994
877200.0,286.40152800124633,48.55752187683229
877260.0,270.2115292296078,48.48933103683199
877320.0,194.37148445145309,48.42499495844399
877380.0,301.52154674115394,48.3787160335746
877440.0,292.1793147226559,48.30692518911242
877500.0,338.3573559098808,48.23735868560703
877560.0,358.62330052094563,48.15679741039039
877620.0,272.7193853818147,48.07141091026635
877680.0,179.36465628297393,48.006477723270685
877740.0,359.5007021682559,47.96377185272712
877800.0,192.19717562516712,47.878176447448965
877860.0,273.70615363424946,47.83241521515726
877920.0,238.1718541375073,47.76724708333958
877980.0,227.8915906219378,47.71053949902113
878040.0,299.7461560802759,47.6562795964921
878100.0,268.7207624911299,47.58491146409203
878160.0,285.0189040353279,47.52093033016557
878220.0,205.46084951213564,47.453068686347635
878280.0,244.1417241683764,47.40414943646379
878340.0,208.60510417893516,47.346020454518936
878400.0,243.03088164371005,47.29635257257157
878460.0,248.05462230656724,47.23848807694212
878520.0,366.05120634220384,47.17942745258341
878580.0,240.0498873782484,47.09227240345432
878640.0,128.3054086161136,47.03511766836426
878700.0,339.7830076513042,47.0045687615509
878760.0,283.2776171384848,46.92366804544345
878820.0,248.71453888749798,46.85622099374381
878880.0,230.60416774435842,46.79700324638964
878940.0,200.29253779649352,46.742097492164795
879000.0,373.6712655839742,46.69440879268944
879060.0,260.78894794813385,46.60543944374087
879120.0,153.7128947003756,46.54334683708655
879180.0,277.95217377188936,46.50674852882456
879240.0,330.9782525184935,46.44056943983125
879300.0,268.32485400239347,46.36176509399351
879360.0,205.18491299236766,46.29787822399294
879420.0,200.16901879270748,46.24902467328047
879480.0,204.95878961143876,46.20136538309173
879540.0,351.67364071877165,46.15256567127948
879600.0,256.4626351691962,46.06883385206073
879660.0,160.43971279603704,46.007771319877584
879720.0,284.6245975544569,45.96957138825948
879780.0,270.4651459209228,45.90180362693699
879840.0,235.5088910271737,45.83740716362248
879900.0,201.67151199963723,45.78133361813982
879960.0,199.52945784381512,45.73331659147324
880020.0,329.0426727787733,45.6858095777009
880080.0,279.1914894044763,45.60746608418214
880140.0,293.57032203072134,45.540991920038216
880200.0,280.0634553429998,45.471094224316616
880260.0,285.5810476081803,45.40441244923495
880320.0,238.37375399631338,45.33641696170919
880380.0,254.70162941766557,45.27966130599578
880440.0,337.5366450024662,45.21901806089634
880500.0,353.1248246209826,45.13865219303861
880560.0,195.54864969513275,45.054574853843135
880620.0,257.0210162318334,45.00801565153477
880680.0,320.53401562926126,44.94682017147957
880740.0,383.7803454996392,44.870502548710704
880800.0,378.47047351588446,44.77912627597269
880860.0,224.5237871410181,44.68901425846891
880920.0,349.5077521081347,44.63555621391152
880980.0,277.27861518511315,44.55234008245721
881040.0,337.2009619651879,44.48632136455599
881100.0,322.62863675411063,44.406035421230946
881160.0,200.31080190456348,44.32921907914663
881220.0,309.9849363965265,44.281526031074115
881280.0,338.1876235215376,44.20772009383685
881340.0,277.51766334824714,44.12719923109363
881400.0,264.8513103794887,44.06112359696309
881460.0,186.25628853381295,43.998063761158456
881520.0,322.52185192029776,43.95371702579326
881580.0,295.00156893952646,43.87692610866938
881640.0,228.1410208087837,43.806687639874255
881700.0,264.9408986668135,43.7523683492055
881760.0,294.80491737414934,43.689287182856255
881820.0,253.08450310798955,43.61909553586241
881880.0,287.8560284671048,43.558837320836695
881940.0,183.81732790896007,43.49030017120167
882000.0,370.92191781450776,43.446534140747154
882060.0,292.0802476368144,43.35821939841037
882120.0,226.35959564268165,43.288676482306364
882180.0,145.9597205991286,43.23478134048668
882240.0,356.5384053456382,43.20002902605831
882300.0,329.5507457628062,43.11513892954744
882360.0,310.008491940957,43.03667446627058
882420.0,350.5157366680774,42.96286292057035
882480.0,351.70792805010217,42.87940679279224
882540.0,313.1053764151742,42.79566680992317
882600.0,287.5994377129583,42.7211179107767
882660.0,279.26534415183005,42.65264185417838
882720.0,331.0204711930363,42.5861501055708
882780.0,391.0847008426898,42.5073357076677
882840.0,302.6164425861773,42.414220302705154
882900.0,398.93621271781683,42.34216876875606
882960.0,334.32293588820494,42.247183956204196
883020.0,336.39089809257695,42.167583257183196
883080.0,459.5012303336348,42.087490186208775
883140.0,416.0302700355816,41.978085131367436
883200.0,419.290847354289,41.87903030516849
883260.0,272.45208339283477,41.779199151036515
883320.0,453.6044363813478,41.71432960737155
883380.0,318.935098111687,41.60632855109028
883440.0,312.0433376052508,41.53039162296845
883500.0,197.9927198595099,41.456095590205294
883560.0,349.0100176836656,41.40895446642922
883620.0,266.3463978606752,41.32585684317121
883680.0,357.7880343743725,41.262441034156765
883740.0,265.5741286077321,41.17725340692477
883800.0,445.13526333974187,41.114021471541975
883860.0,372.4028748103429,41.00803688503251
883920.0,478.1657266869452,40.91936953388719
883980.0,282.0867004396708,40.80552055134268
884040.0,438.54318616310053,40.738357051238
884100.0,239.58339803831444,40.63394200691345
884160.0,362.4136283618686,40.57689834071385
884220.0,314.2437160404552,40.49060938158008
884280.0,327.50454154847506,40.4157894491895
884340.0,325.66156448423425,40.33781217739224
884400.0,304.06611631285904,40.260273709657895
884460.0,285.69356313387624,40.18787701529769
884520.0,337.08275515953255,40.11985473836105
884580.0,372.9709663538002,40.039596939513544
884640.0,438.23886572115106,39.950794328476924
884700.0,388.57283556726503,39.84645174140046
884760.0,443.30509632608903,39.75393439959873
884820.0,287.1087852846382,39.64838556714013
884880.0,352.33333963326305,39.58002633254855
884940.0,423.508826835412,39.49613744215968
885000.0,404.0014304660303,39.395302007198865
885060.0,334.32483774977584,39.299111190421236
885120.0,444.64820002110673,39.219510038576054
885180.0,359.35919192721843,39.11364141952341
885240.0,347.2474879938933,39.02807970715979
885300.0,425.7814724596658,38.945401733827914
885360.0,399.6310199375456,38.84402519276609
885420.0,370.6026507816763,38.74887494992382
885480.0,371.30140555703724,38.66063622354723
885540.0,343.2807163392281,38.57223112698603
885600.0,386.4967818565331,38.49049762309574
885660.0,479.0327804219393,38.39847457979657
885720.0,430.51238201766694,38.28441915588658
885780.0,476.17793494702255,38.18191620778714
885840.0,452.4643047599697,38.06854050899023
885900.0,387.6174368691443,37.96081091261881
885960.0,328.26898933977964,37.86852104669759
886020.0,374.48380341519737,37.790361763521446
886080.0,392.7099403634089,37.701198953184495
886140.0,390.9686246448722,37.6076965864313
886200.0,497.65382314475085,37.514608818658715
886260.0,499.9455070985404,37.39611981314806
886320.0,577.3480877372198,37.27708516860079
886380.0,401.7436659713168,37.13962133818717
886440.0,546.3509369366351,37.043968084384474
886500.0,548.9215885955429,36.91388452797099
886560.0,442.4545855262756,36.78318891163872
886620.0,487.7508307071114,36.677842581751506
886680.0,536.7297258478964,36.56171143158315
886740.0,461.69847623192044,36.433918639714605
886800.0,459.9975230967881,36.32399043108796
886860.0,433.48555368436575,36.21446721130301
886920.0,332.4647753450472,36.111256365187685
886980.0,481.23200075479195,36.03209808534363
887040.0,437.3422897300394,35.917519037544864
887100.0,418.3371921982292,35.81338992094247
887160.0,511.10495837931387,35.71378582756194
887220.0,401.600528467354,35.59209417080496
887280.0,539.9390682114553,35.49647499736035
887340.0,523.473199276233,35.367918076357626
887400.0,473.31530454836553,35.24328160033947
887460.0,496.3833604914411,35.13058748020891
887520.0,431.6079339097005,35.01240096580619
887580.0,550.8636037266903,34.909637172018165
887640.0,519.8888081611834,34.77847917113086
887700.0,527.141905995454,34.654696121568676
887760.0,544.3072834765395,34.52918614395071
887820.0,478.3895913374227,34.399589171694394
887880.0,428.5080846195243,34.285686888042626
887940.0,579.7828644162007,34.18366115360941
888000.0,566.3328712320905,34.04561761446269
888060.0,495.5267766715629,33.91077645464553
888120.0,554.8047029686834,33.79279388877135
888180.0,608.3162494407445,33.66069753092167
888240.0,603.7083331232417,33.51586032867387
888300.0,504.0286166536129,33.37212024935881
888360.0,451.0585040727965,33.25211343586985
888420.0,463.7981830828349,33.144718553947754
888480.0,526.5381163951772,33.034290415118505
888540.0,635.3537190476017,32.90892419692918
888600.0,506.242187273867,32.75764950191785
888660.0,516.4634605985995,32.63711564780502
888720.0,517.4814901217,32.514148157186305
888780.0,524.8029574502548,32.3909382785859
888840.0,558.2003052594116,32.2659851934787
888900.0,484.19333098527386,32.133080358893125
888960.0,628.1345506438174,32.01779623246806
889020.0,556.4133769707155,31.86824038707667
889080.0,715.8323913718489,31.735761011607455
889140.0,498.60265024309234,31.56532472794749
889200.0,666.2913448157049,31.446609811222945
889260.0,655.7027137324152,31.287969014838254
889320.0,548.3700142452377,31.13184932109244
889380.0,549.8890744617565,31.00128503198643
889440.0,518.5606755661427,30.87035906187649
889500.0,519.2487382155607,30.74689223436074
889560.0,573.5744294209812,30.623261582404655
889620.0,574.4128227940364,30.486696242066326
889680.0,476.3884226762489,30.349931284258222
889740.0,709.3057738384005,30.236505469335306
889800.0,555.1042609253617,30.067623142230925
889860.0,573.41182764896,29.93545546105822
889920.0,530.5256815445746,29.798928835427514
889980.0,550.53354228877,29.67261319696452
890040.0,543.3687564949789,29.54153378213386
890100.0,562.7894429738021,29.412160268682676
890160.0,560.0531969094845,29.278162782260342
890220.0,607.026102432344,29.14481678299618
890280.0,570.0175223473434,29.000286758607526
890340.0,596.1384525830829,28.864568300905777
890400.0,550.6390049123751,28.722630574100283
890460.0,562.2999828053312,28.591526049121146
890520.0,530.9964911558791,28.457645100834164
890580.0,602.5660999302524,28.33121736484467
890640.0,558.4975150608753,28.187749245813656
890700.0,526.2742378977487,28.054773646989638
890760.0,520.9619840895733,27.929470257013982
890820.0,522.0208643343198,27.805431689373606
890880.0,526.6026876322491,27.681141007389243
890940.0,517.4587995360087,27.55575941509585
891000.0,483.2393296830441,27.432554939015848
891060.0,558.4595182454955,27.31749795575798
891120.0,557.9133191966363,27.184531403794765
891180.0,610.792377829885,27.051694899224138
891240.0,462.9456326099728,26.906268142597973
891300.0,534.4237285022086,26.796042991976552
891360.0,375.03599888780207,26.668799247095073
891420.0,534.347800403521,26.579504961645597
891480.0,392.10672064561015,26.452279294882853
891540.0,415.21497757883117,26.358920551871993
891600.0,488.859645836292,26.26005984292465
891660.0,426.16688290181116,26.143664689154104
891720.0,412.3670717454687,26.04219638370129
891780.0,423.0728909106108,25.944013747571418
891840.0,490.1164620469799,25.843282106878416
891900.0,384.4273916250965,25.726587711152945
891960.0,431.09969657822825,25.635057379813635
892020.0,405.46545800799356,25.532414594914055
892080.0,471.10323160813294,25.435875200150246
892140.0,466.40059130666646,25.323707764053072
892200.0,298.9158935554596,25.21266000421815
892260.0,465.1403780547988,25.141489553371613
892320.0,359.08446542957756,25.030741844310946
892380.0,403.09987079733327,24.94524554301819
892440.0,325.6783801270725,24.849269383304538
892500.0,397.2711449230269,24.77172691184571
892560.0,520.9753380063535,24.677138544006894
892620.0,368.31842069345396,24.553096796862523
892680.0,325.7960675729953,24.465401934792652
892740.0,332.06167720334355,24.387831442513367
892800.0,250.36158724336732,24.308769138417333
892860.0,417.86247929356165,24.249159236692723
892920.0,342.0298964976907,24.149668170194257
892980.0,252.56787504500895,24.06823248055195
893040.0,246.68179784264984,24.0080972722079
893100.0,300.6529986358207,23.94936351081679
893160.0,347.6486760261806,23.877779463522547
893220.0,214.5819234882092,23.795005969230598
893280.0,342.27945764760125,23.74391503506674
893340.0,261.73343177646,23.662419926103023
893400.0,203.0981231368683,23.600102442346724
893460.0,222.4590895925387,23.551745746361757
893520.0,346.96982666299533,23.49877929645877
893580.0,150.22995233568048,23.416167432967583
893640.0,181.0072096766305,23.380398396697185
893700.0,273.4075147689154,23.337301442012272
893760.0,220.50712016356812,23.27220441468634
893820.0,151.24974263648966,23.219702719409298
893880.0,247.75539067084225,23.18369087592442
893940.0,241.69007237460045,23.124701497193268
894000.0,191.8630454841421,23.06715624186598
894060.0,126.2076506603508,23.021474564369758
894120.0,126.37139089454001,22.99142512373634
894180.0,161.8166525913545,22.96133669733288
894240.0,56.83677862911071,22.922808922906366
894300.0,205.98787339624909,22.909276356566103
894360.0,219.05521628446314,22.860231624805092
894420.0,93.56270540366864,22.808075620927838
894480.0,119.7208234508933,22.785798786307918
894540.0,160.09625659065875,22.75729382834342
894600.0,196.8361701562987,22.719175672012312
894660.0,163.43836634293615,22.672309917213195
894720.0,-43.6314519237755,22.633396020464875
894780.0,32.01499236257496,22.643784461399107
894840.0,71.40477075942147,22.636161844169923
894900.0,2.0952806758824636,22.619160708274823
894960.0,129.070468118872,22.618661831923422
895020.0,110.19612906137456,22.587930768085595
895080.0,-46.21832970615429,22.561693594499555
895140.0,-16.726277619037717,22.572697958715306
895200.0,-61.69723035368696,22.57668040576746
895260.0,-38.19369635251081,22.591370222518336
895320.0,-49.79260773313331,22.600463959745124
895380.0,11.191076506141826,22.612319342538726
895440.0,-109.18546718292436,22.609654800513454
895500.0,-222.70963128842686,22.635651340318912
895560.0,-171.81662650521878,22.688677443006632
895620.0,-147.09230373049786,22.729586163603113
895680.0,-134.5951264950046,22.7646081406818
895740.0,-93.89035067976016,22.796654599371088
895800.0,-179.78191366261768,22.81900944477103
895860.0,-197.5386036439266,22.861814662309747
895920.0,-190.52109168452182,22.908847663177347
895980.0,-211.57714220238745,22.954209827864137
896040.0,-187.791769796945,23.004585337912324
896100.0,-200.24285292301442,23.049297664054453
896160.0,-132.9435421984736,23.09697453379803
896220.0,-243.53661515646263,23.128627758131
896280.0,-215.49381420439448,23.186612666501585
896340.0,-236.6065345136035,23.237920717502632
896400.0,-165.23197882404736,23.29425560667254
896460.0,-232.87326251449247,23.3335965540116
896520.0,-170.41645939689909,23.389042568896002
896580.0,-312.4313869615361,23.429617916371456
896640.0,-256.0700969570724,23.504006341838487
896700.0,-297.467374999617,23.56497541254255
896760.0,-346.2682872973942,23.63580097801865
896820.0,-286.5325151664083,23.718245808327556
896880.0,-188.26619776038922,23.78646783574813
896940.0,-353.1590621926373,23.831293120929175
897000.0,-319.35617037028925,23.915378611927423
897060.0,-400.1478047057744,23.99141579534892
897120.0,-418.6523659164542,24.08668908218363
897180.0,-387.9974701634701,24.18636821692564
897240.0,-377.40288861265884,24.278748566964563
897300.0,-384.35754771566843,24.368606397586625
897360.0,-383.1789614657244,24.460120099423687
897420.0,-478.08773522952913,24.551353185486956
897480.0,-426.28949426845355,24.665183598636844
897540.0,-368.1460186445633,24.76668109727219
897600.0,-489.23815395420223,24.85433491123518
897660.0,-438.5165112815312,24.97082018598618
897720.0,-409.07316569256216,25.07522887914845
897780.0,-482.9868577356224,25.172627251932393
897840.0,-424.93681019105566,25.28762412282183
897900.0,-546.0430366482838,25.388799553819698
897960.0,-410.78482242654474,25.518809800640717
898020.0,-451.42865968120054,25.616615710742277
898080.0,-479.289697230113,25.724098724952086
898140.0,-424.36093117289715,25.838215319530683
898200.0,-520.7983050899408,25.93925363647661
898260.0,-547.2625394234074,26.0632532329266
898320.0,-436.9583145753768,26.19355383755122
898380.0,-417.95035587174135,26.29759153149774
898440.0,-579.052997619385,26.397103520991013
898500.0,-553.2864443970692,26.534973282328963
898560.0,-492.7386999521717,26.666708150042552
898620.0,-569.0732648406893,26.7840268881264
898680.0,-537.6161166845864,26.91952052261228
898740.0,-535.3372823241386,27.047524359918135
898800.0,-624.7327276300917,27.174985617614357
898860.0,-574.6335044836401,27.323731505145332
898920.0,-608.9193621222964,27.460549006212865
898980.0,-690.2797418495677,27.605529806718174
899040.0,-685.3283606174567,27.769882126206166
899100.0,-673.7372978893231,27.933055545400798
899160.0,-587.4854467997201,28.0934691877554
899220.0,-594.0805623330764,28.233346675088665
899280.0,-615.2935476719614,28.374794428025112
899340.0,-642.3686186724977,28.52129289175653
899400.0,-652.4531116541375,28.674237800964267
899460.0,-668.9768195110485,28.82958377992954
899520.0,-669.5425547129928,28.988863975051217
899580.0,-673.804589146378,29.148278869030502
899640.0,-794.8795452427638,29.308708533112974
899700.0,-766.2767011942069,29.497965567694585
899760.0,-788.8045041838745,29.680412401312253
899820.0,-668.8074185052243,29.86822299754651
899880.0,-644.1165130753203,30.027462859095372
899940.0,-881.5912018684627,30.180823933637114
900000.0,-665.6045916914891,30.390726600748653
900060.0,-762.2945975519358,30.549203884484722
900120.0,-714.6983151738626,30.730702598187563
900180.0,-752.996262411147,30.90086886370515
900240.0,-704.8424958486049,31.080153688088757
900300.0,-786.5226438885932,31.24797332995747
900360.0,-888.7145011598576,31.435240626121423
900420.0,-821.0067984444045,31.64683931687377
900480.0,-791.4450229084176,31.8423171260272
900540.0,-843.0191258509305,32.030756417195875
900600.0,-798.2336142788076,32.23147525668419
900660.0,-849.2343967140829,32.421530879131524
900720.0,-888.5771243411276,32.62372954501583
900780.0,-925.5182576449199,32.83529552700181
900840.0,-891.3404495959522,33.055657016917266
900900.0,-862.9881900357195,33.26788093348773
900960.0,-1000.2159604878582,33.47335431206766
901020.0,-936.8060137359557,33.71150096932668
901080.0,-1017.1109571446123,33.93455002021619
901140.0,-941.600976201815,34.17671929572681
901200.0,-839.9637146943853,34.400910004346294
901260.0,-990.1547781195205,34.60090136498781
901320.0,-883.9425099940922,34.83665250263532
901380.0,-762.3060108489358,35.04711500501487
901440.0,-853.085800235266,35.228616436169375
901500.0,-939.3090227594664,35.431732102892056
901560.0,-902.794685608308,35.65537710831098
901620.0,-1043.4218603051486,35.870328223932006
901680.0,-1062.545144004219,36.11876200019514
901740.0,-973.2770054315465,36.371748939243766
901800.0,-957.9001602890648,36.60348155958461
901860.0,-922.9297336530201,36.8315530263201
901920.0,-1029.4562288129189,37.05129820099939
901980.0,-990.4226112373926,37.29640682690723
902040.0,-999.1348332371385,37.5322217343447
902100.0,-1023.1797202023279,37.77011098035354
902160.0,-1026.2184875274825,38.01372519944933
902220.0,-1079.6855712920546,38.25806293457492
902280.0,-1018.1135572807073,38.5151309277397
902340.0,-1029.6451055492942,38.75753891756844
902400.0,-1074.1603202317144,39.002692514127794
902460.0,-1014.1840788370611,39.25844497132582
902520.0,-998.790971682203,39.49991737104893
902580.0,-1026.1080318416375,39.73772474525898
902640.0,-1135.546358225657,39.98203618141175
902700.0,-1073.2295631955967,40.25240436194167
902760.0,-1140.0621453896044,40.50793521032158
902820.0,-1085.7102903937296,40.77937857827148
902880.0,-1152.0424680197598,41.03788102836523
902940.0,-1027.006508158388,41.312176854084214
903000.0,-1062.6417946737515,41.556702213169544
903060.0,-1046.427009474507,41.809712164282345
903120.0,-1058.4270135676982,42.058861452252465
903180.0,-1143.6495519738153,42.310867884054296
903240.0,-1158.7926134783131,42.58316539642902
903300.0,-1034.5542554446997,42.85906839963814
903360.0,-1154.7256818674193,43.10539084141069
903420.0,-1231.8132824185786,43.380325527569596
903480.0,-1095.7694633812275,43.67361440433592
903540.0,-1153.2289898229756,43.93451189561716
903600.0,-1077.0959377433278,44.209090226527394
903660.0,-1158.4304035807781,44.4655416402758
903720.0,-1179.7235647942618,44.74135840303313
903780.0,-1092.4299562996027,45.022244966079384
903840.0,-1281.7376959333951,45.282347336626906
903900.0,-1229.9426856237433,45.58752297851581
903960.0,-1253.4126175275248,45.88036647509289
904020.0,-1337.184113094717,46.17879805069468
904080.0,-1158.3557562470558,46.497175220479136
904140.0,-1249.4169213770524,46.77297421006177
904200.0,-1166.833596028646,47.070454429437255
904260.0,-1202.9526644278592,47.34827195230122
904320.0,-1194.9697184108413,47.63468925335547
904380.0,-1263.7808064402761,47.9192058529771
904440.0,-1287.3283754798624,48.22010604498669
904500.0,-1241.062478953304,48.526612801053325
904560.0,-1196.2305957439326,48.82210386747078
904620.0,-1259.29398630455,49.10692067598124
904680.0,-1303.235359925,49.40675257748233
904740.0,-1337.8660255604261,49.7170467107978
904800.0,-1258.4384713673744,50.03558624069314
904860.0,-1308.6530753659656,50.335214448161565
904920.0,-1284.3915926991604,50.64679851372489
904980.0,-1299.0492846315003,50.952606035796116
905040.0,-1315.9809838198219,51.2619034845179
905100.0,-1276.2365466446906,51.57523229018929
905160.0,-1265.1011160419828,51.87909813462851
905220.0,-1184.9180883017498,52.180312686067076
905280.0,-1261.7769850923894,52.462436040424635
905340.0,-1216.0109851550255,52.7628591321133
905400.0,-1365.0813718826075,53.05238555715021
905460.0,-1416.3119009932316,53.37740493140797
905520.0,-1325.3672275250826,53.71462205069208
905580.0,-1277.2221981759594,54.030185676293286
905640.0,-1290.7926637135495,54.33428619966851
905700.0,-1264.2940091662363,54.64161778626698
905760.0,-1493.2400531961096,54.9426401694018
905820.0,-1269.894925691565,55.29817351540087
905880.0,-1328.9276567038692,55.60052945008934
905940.0,-1445.6336442220195,55.9169407969236
906000.0,-1313.4739830072867,56.261139283643125
906060.0,-1350.5649569976931,56.57387118435915
906120.0,-1341.6635651617503,56.8954342693586
906180.0,-1308.3492851798328,57.214877975349495
906240.0,-1346.192808725017,57.526389709916124
906300.0,-1464.0472046765603,57.846911807231606
906360.0,-1387.8823999970596,58.19549447501174
906420.0,-1479.9373020719286,58.525942665487236
906480.0,-1347.4671759603816,58.878308689790074
906540.0,-1306.0193864167868,59.19913420787588
906600.0,-1467.825732360232,59.51009120464178
906660.0,-1437.0216422533385,59.85957352187041
906720.0,-1453.0252533314851,60.20172153193073
906780.0,-1430.6206507862844,60.547679925581086
906840.0,-1381.8980363633173,60.88830389005401
906900.0,-1436.438404099628,61.21732723204528
906960.0,-1373.8669060083853,61.55933637587852
907020.0,-1352.2139082316717,61.886447543975756
907080.0,-1353.1025257799672,62.20840323641187
907140.0,-1489.323634400611,62.530570504454715
907200.0,-1342.054911461222,62.885171369788196
907260.0,-1340.1772756067555,63.20470825346944
907320.0,-1337.864760296809,63.52379808099486
907380.0,-1443.3312624556352,63.84233730963695
907440.0,-1481.7625081210524,64.18598761022163
907500.0,-1498.448683763754,64.53878820739331
907560.0,-1508.195821958799,64.89556170352753
907620.0,-1444.0348837477743,65.25465594685106
907680.0,-1396.4648391576548,65.59847377631482
907740.0,-1371.4943508312836,65.9309654046857
907800.0,-1481.525357933514,66.25751167869315
907860.0,-1457.169371414159,66.61025581153446
907920.0,-1463.50744898842,66.9572008999664
907980.0,-1497.7330136692542,67.30565505448745
908040.0,-1417.7830202186735,67.66225815298013
908100.0,-1442.4205903340107,67.99982553874648
908160.0,-1457.8971983817398,68.34325901263553
908220.0,-1447.0748892524327,68.69037739320261
908280.0,-1433.7642042561397,69.03491903350081
908340.0,-1436.4344737456809,69.37629146308561
908400.0,-1525.0907772577548,69.71829967112029
908460.0,-1422.9735398255898,70.08141652284833
908520.0,-1463.354266685115,70.42021974661633
908580.0,-1506.6272165247153,70.7686374291604
908640.0,-1468.3214281526652,71.12735819499963
908700.0,-1463.482404959338,71.47695853503598
908760.0,-1420.970683694161,71.82540672669296
908820.0,-1550.3244267353964,72.16373307995347
908880.0,-1409.6840789522885,72.5328579434619
908940.0,-1489.3718083037638,72.86849700987912
909000.0,-1522.6601669683698,73.22310934518954
909060.0,-1525.976109113746,73.585647480182
909120.0,-1555.282746889572,73.94897512520909
909180.0,-1601.035979760704,74.31928054113517
909240.0,-1457.2677882713422,74.70047958393533
909300.0,-1380.3395243057937,75.04744810495232
909360.0,-1597.4807352038315,75.37610037264417
909420.0,-1558.6307216707426,75.75645292864509
909480.0,-1457.6413640864307,76.12755548142384
909540.0,-1506.5559067357651,76.47461294906347
909600.0,-1454.7838563153605,76.8333167363815
909660.0,-1511.9334985574997,77.17969384502803
909720.0,-1541.5990689868624,77.53967801135124
909780.0,-1521.1929529976844,77.90672540872907
909840.0,-1651.398616466369,78.26891420706185
909900.0,-1577.8629181497258,78.66210435383957
909960.0,-1453.0874488882737,79.03778600101808
910020.0,-1439.150290512287,79.38375920313433
910080.0,-1426.9240739151332,79.72641403420869
910140.0,-1485.4212911857246,80.06615786133133
910200.0,-1647.766632455504,80.41982959732793
910260.0,-1550.9815497572615,80.81215498600781
910320.0,-1433.830064246601,81.18143630737859
910380.0,-1416.3039671635313,81.5228244179135
910440.0,-1432.2557264942482,81.86003964819052
910500.0,-1528.4666467828401,82.20105291640344
910560.0,-1592.912484389626,82.56497354658983
910620.0,-1517.1317765746978,82.94423842382545
910680.0,-1513.9309159221148,83.30546027539086
910740.0,-1420.9604046485788,83.66592001727707
910800.0,-1501.2512697993664,84.00424392314578
910860.0,-1513.8918264309284,84.36168470166943
910920.0,-1510.4064335034375,84.72213513653394
910980.0,-1490.697556350822,85.08175571593952
911040.0,-1476.925128058157,85.43668370554686
911100.0,-1557.7557366934034,85.7883325455607
911160.0,-1577.462191290219,86.15922676858294
911220.0,-1431.4424641833011,86.53481300460442
911280.0,-1611.7590054271159,86.87563263893378
911340.0,-1414.601792662751,87.25938478308309
911400.0,-1627.0270525638973,87.59619473371708
911460.0,-1546.9280873454688,87.98358212718468
911520.0,-1452.9632901670534,88.3518983384574
911580.0,-1510.6225688793425,88.69784197897337
911640.0,-1588.9499156499348,89.05751401918273
911700.0,-1483.6435435008889,89.43583542767081
911760.0,-1504.4266285937704,89.78908389040912
911820.0,-1520.577206850841,90.14728070674097
911880.0,-1544.1668667333113,90.50932289884831
911940.0,-1507.8749456552146,90.87698167664196
912000.0,-1539.7308149478833,91.23599952084558
912060.0,-1357.710408426717,91.60260209583318
912120.0,-1517.1002095301255,91.92586647879192
912180.0,-1523.9914169283722,92.28708081439433
912240.0,-1532.8810431135712,92.64993591366299
912300.0,-1392.5328040052598,93.01490759059479
912360.0,-1596.2110051450657,93.34646302011986
912420.0,-1474.9683970471556,93.72651325944011
912480.0,-1509.5093589296391,94.07769621111801
912540.0,-1579.1239119636605,94.43710320133935
912600.0,-1541.382817747851,94.81308508514023
912660.0,-1471.6897807213236,95.18008099412782
912720.0,-1540.9899103144276,95.53048332287099
912780.0,-1471.9223593670922,95.89738568246966
912840.0,-1382.0675290806098,96.24784338708088
912900.0,-1473.8519304102656,96.57690708448102
912960.0,-1569.5207611820638,96.92782421076917
913020.0,-1531.2906974704715,97.30151963009824
913080.0,-1495.7311198894056,97.66611265330549
913140.0,-1497.8157596452731,98.0
913200.0,-1465.5868024482452,98.0
913260.0,-1453.9382235013861,98.0
913320.0,-1366.7815602498517,98.0
913380.0,-1468.716212004287,98.0
913440.0,-1535.45593871386,98.0
913500.0,-1394.8786792815113,98.0
913560.0,-1386.0599750785473,98.0
913620.0,-1445.580987882058,98.0
913680.0,-1471.9491780115613,98.0
913740.0,-1417.4025853752544,98.0
913800.0,-1464.9620273486262,98.0
913860.0,-1573.1337581307707,98.0
913920.0,-1413.4289670558383,98.0
913980.0,-1391.1008594303757,98.0
914040.0,-1355.5216669919062,98.0
914100.0,-1483.1358969929438,98.0
914160.0,-1422.9766076837384,98.0
914220.0,-1418.8874474657487,98.0
914280.0,-1425.7942328624144,98.0
914340.0,-1421.1405756271026,98.0
914400.0,-1422.8716308403652,98.0
914460.0,-1409.4159018541823,98.0
914520.0,-1374.654418012071,98.0
914580.0,-1342.8059037245448,98.0
914640.0,-1458.2845593013735,98.0
914700.0,-1420.0778621035581,98.0
914760.0,-1431.88526834141,98.0
914820.0,-1437.2120836391468,98.0
914880.0,-1496.9306775135817,98.0
914940.0,-1395.1667149905265,98.0
915000.0,-1364.4664607074462,98.0
915060.0,-1399.0917721388475,98.0
915120.0,-1386.8379827311592,98.0
915180.0,-1357.663768477229,98.0
915240.0,-1294.5271677415035,98.0
915300.0,-1400.7596147145164,98.0
915360.0,-1442.2050308437013,98.0
915420.0,-1373.6245819831504,98.0
915480.0,-1251.4298164799272,98.0
915540.0,-1430.2984378277622,98.0
915600.0,-1317.792911688484,98.0
915660.0,-1283.438791100043,98.0
915720.0,-1490.9141981635769,98.0
915780.0,-1320.3935298900155,98.0
915840.0,-1304.7833040593612,98.0
915900.0,-1352.9655895462467,98.0
915960.0,-1371.6059510409136,98.0
916020.0,-1364.1103146721864,98.0
916080.0,-1344.1925480959378,98.0
916140.0,-1338.3691471051825,98.0
916200.0,-1345.4121909166347,98.0
916260.0,-1332.3136580561147,98.0
916320.0,-1235.8347553478832,98.0
916380.0,-1375.742817484896,98.0
916440.0,-1403.3732837310502,98.0
916500.0,-1221.5333793740533,98.0
916560.0,-1300.9304377272174,98.0
916620.0,-1308.1305346500242,98.0
916680.0,-1286.8953483909702,98.0
916740.0,-1263.0101027116434,98.0
916800.0,-1302.312983706107,98.0
916860.0,-1235.7762314559675,98.0
916920.0,-1319.0891890348469,98.0
916980.0,-1274.6436504919484,98.0
917040.0,-1384.5559738430145,98.0
917100.0,-1176.4397268686498,98.0
917160.0,-1252.3987756028655,98.0
917220.0,-1196.6467946711964,98.0
917280.0,-1203.238224497741,98.0
917340.0,-1193.7838309821714,98.0
917400.0,-1222.1396128417093,98.0
917460.0,-1193.2404924710095,98.0
917520.0,-1269.0330540868947,98.0
917580.0,-1276.409521450034,98.0
917640.0,-1206.9491155868634,98.0
917700.0,-1236.374594172052,98.0
917760.0,-1104.7268807041955,98.0
917820.0,-1162.3744209455012,98.0
917880.0,-1222.4621295889708,98.0
917940.0,-1190.317803984212,98.0
918000.0,-1160.559254502754,98.0
918060.0,-1167.0964071162796,98.0
918120.0,-1141.1505250538353,98.0
918180.0,-1147.7377170212508,98.0
918240.0,-1229.6609110724062,98.0
918300.0,-1269.6032789472076,98.0
918360.0,-1157.2561970067195,98.0
918420.0,-1095.4640605005534,98.0
918480.0,-1145.0532207960284,98.0
918540.0,-1043.2983435384976,98.0
918600.0,-1114.4503278314044,98.0
918660.0,-1024.3142895740193,98.0
918720.0,-1030.7049346666067,98.0
918780.0,-1030.7793446421906,98.0
918840.0,-1160.0691658479884,98.0
918900.0,-1080.7966023163208,98.0
918960.0,-1002.390038604661,98.0
919020.0,-1053.3121680436539,98.0
919080.0,-1030.252826326307,98.0
919140.0,-1140.6145605007919,98.0
919200.0,-936.0063272855396,98.0
919260.0,-1092.3742542945015,98.0
919320.0,-1158.2811983239478,98.0
919380.0,-1053.3731328370468,98.0
919440.0,-1172.8106837318223,98.0
919500.0,-1084.6915568276966,98.0
919560.0,-859.6622310363248,98.0
919620.0,-1029.5309437551502,98.0
919680.0,-1085.918112153564,98.0
919740.0,-992.2223883063939,98.0
919800.0,-1041.065025545004,98.0
919860.0,-928.7495134910539,98.0
919920.0,-1027.3847074401713,98.0
919980.0,-951.1270090833957,98.0
920040.0,-1029.5214059190755,98.0
920100.0,-798.0509932080413,98.0
920160.0,-917.038228233182,98.0
920220.0,-949.217285380055,98.0
920280.0,-951.264200484942,98.0
920340.0,-960.0711195257161,98.0
920400.0,-965.6471570351734,98.0
920460.0,-960.4023577798991,98.0
920520.0,-805.4741731888278,98.0
920580.0,-3896.534885388683,98.0
920640.0,-3984.1573187460403,98.0
920700.0,-3919.3340269572423,98.0
920760.0,-3786.6660757284226,98.0
920820.0,-3850.392562740946,98.0
920880.0,-3836.191726731314,98.0
920940.0,-3750.8219882357344,98.0
921000.0,-3860.4753572934687,98.0
921060.0,-3768.7054566666548,98.0
921120.0,-3839.499488524537,98.0
921180.0,-793.4613895109849,98.0
921240.0,-844.2002384073053,98.0
921300.0,-827.9145457325665,98.0
921360.0,-756.8745572213093,98.0
921420.0,-753.8337534889448,98.0
921480.0,-801.2454455483582,98.0
921540.0,-812.1937467703651,98.0
921600.0,-680.4962450004568,98.0
921660.0,-733.6064171926585,98.0
921720.0,-784.9285128562578,98.0
921780.0,-793.1115590042882,98.0
921840.0,-684.872077385607,98.0
921900.0,-731.8544758918583,98.0
921960.0,-740.9775233202465,98.0
922020.0,-716.6251933964932,98.0
922080.0,-695.5889398887582,98.0
922140.0,-711.56503013043,98.0
922200.0,-628.2234731373713,98.0
922260.0,-617.1396520556063,98.0
922320.0,-653.0164195564457,98.0
922380.0,-594.6509853611688,98.0
922440.0,-668.8036127187136,98.0
922500.0,-620.047935029898,98.0
922560.0,-593.3300845574131,98.0
922620.0,-584.5603392867149,98.0
922680.0,-582.8235788534648,98.0
922740.0,-591.9690052409937,98.0
922800.0,-504.4456581952791,98.0
922860.0,-646.2644644786021,98.0
922920.0,-615.1819492162915,98.0
922980.0,-610.7021595384081,98.0
923040.0,-611.8554687317979,98.0
923100.0,-701.014991520376,98.0
923160.0,-491.09157285307214,98.0
923220.0,-627.0184922272302,98.0
923280.0,-547.117836944167,98.0
923340.0,-634.4473887242843,98.0
923400.0,-503.7003417097627,98.0
923460.0,-579.8534618881838,98.0
923520.0,-592.6529466976249,98.0
923580.0,-504.57954789354426,98.0
923640.0,-550.0088288934778,98.0
923700.0,-534.1188580160037,98.0
923760.0,-481.0467449464774,98.0
923820.0,-435.02011279996253,98.0
923880.0,-523.7697188765136,98.0
923940.0,-525.7646078269447,98.0
924000.0,-456.49288418534957,98.0
924060.0,-417.1373902049816,98.0
924120.0,-353.2999977528116,98.0
924180.0,-496.9003066992348,98.0
924240.0,-443.2365762549595,98.0
924300.0,-345.13255325642723,98.0
924360.0,-288.7987067182427,98.0
924420.0,-458.25836398091604,98.0
924480.0,-434.47437410730174,98.0
924540.0,-358.73701408859654,98.0
924600.0,-407.7099588755126,98.0
924660.0,-410.02700745652845,98.0
924720.0,-341.2183783423087,98.0
924780.0,-254.32111822426907,98.0
924840.0,-417.24155776287563,98.0
924900.0,-240.1459061422484,98.0
924960.0,-355.89289879290095,98.0
925020.0,-292.00792522470044,98.0
925080.0,-208.64144385959838,98.0
925140.0,-275.8989290280211,98.0
925200.0,-304.58294383426954,98.0
925260.0,-234.94783626824568,98.0
925320.0,-279.7234815441081,98.0
925380.0,-229.33832160703605,98.0
925440.0,-264.1773650696099,98.0
925500.0,-191.4962131622317,98.0
925560.0,-318.08045736543113,98.0
925620.0,-286.49184498794096,98.0
925680.0,-301.463613776908,98.0
925740.0,-211.55496026784414,98.0
925800.0,-291.1772663327849,98.0
925860.0,-232.1457164409107,98.0
925920.0,-248.31284532023557,98.0
925980.0,-84.30451995835716,98.0
926040.0,-223.7455473070051,98.0
926100.0,-232.71458984921378,98.0
926160.0,-131.83677870654117,98.0
926220.0,-36.74182992017495,98.0
926280.0,-136.12855309542294,98.0
926340.0,-122.70120339217908,98.0
926400.0,-34.14688000050688,98.0
926460.0,-50.11430626861858,98.0
926520.0,-68.5010647036795,98.0
926580.0,-120.1871770603313,98.0
926640.0,-49.11362698681796,98.0
926700.0,-149.3468517289436,98.0
926760.0,-96.35413067230274,98.0
926820.0,35.71451986840958,98.0
926880.0,36.700055531752525,97.99149654288847
926940.0,-6.424102405676763,97.98275843442853
927000.0,-139.6962990137822,97.98428798262036
927060.0,-87.69928404164835,98.0
927120.0,-47.25510537279655,98.0
927180.0,-8.080157637820832,98.0
927240.0,-64.1058806610726,98.0
927300.0,4.824565464608497,98.0
927360.0,134.3124232739774,97.998851293937
927420.0,60.98201150303976,97.96687214553843
927480.0,58.70353348133858,97.95235261899009
927540.0,-6.85330157758915,97.93837558720882
927600.0,-35.52989400697152,97.94000732567967
927660.0,-2.291283280930543,97.94846682425276
927720.0,-20.790353828674142,97.94901236789107
927780.0,93.02781831564994,97.953962452136
927840.0,120.09079067842765,97.93181297158465
927900.0,47.65042150874831,97.90321992618502
927960.0,122.93038238204076,97.89187458773056
928020.0,210.65845836194592,97.86260544906817
928080.0,248.41944483610774,97.81244867326771
928140.0,185.5951174781552,97.75330118640197
928200.0,137.26601153046022,97.70911187271669
928260.0,200.40061707107105,97.67642948901896
928320.0,245.55176570305633,97.62871505638299
928380.0,52.30806048920539,97.57025035026321
928440.0,269.93313111995246,97.55779605014673
928500.0,156.56854376562103,97.49352625702294
928560.0,165.34711568033288,97.45624803231684
928620.0,184.3155678268955,97.41687967144057
928680.0,232.94668385848786,97.37299501243416
928740.0,155.15961409738912,97.31753151627737
928800.0,212.8008989893423,97.28058875101608
928860.0,269.4216617769367,97.22992187030434
928920.0,258.9937727230774,97.16577385559555
928980.0,276.6607652732065,97.10410867161386
929040.0,242.26282926985158,97.03823706083452
929100.0,311.1679846608446,96.98055543481789
929160.0,340.7288691653741,96.90646781942245
929220.0,344.8815383713578,96.82534189819259
929280.0,318.45450288504,96.74322724619941
929340.0,356.7842372246023,96.6674047455125
929400.0,360.315823719441,96.58245611760188
929460.0,476.19150310016073,96.49666663576392
929520.0,396.17982257465746,96.38328770645435
929580.0,325.21042827287795,96.28895917726992
929640.0,283.21666513924345,96.21152812291923
929700.0,329.57296014916835,96.14409558360036
929760.0,332.5983628680409,96.0656258311839
929820.0,390.3935097569017,95.98643574478675
929880.0,324.8325797496947,95.89348490913034
929940.0,445.45393193089205,95.81614381871374
930000.0,297.5588434957043,95.7100833587302
930060.0,289.9228138131423,95.63923601504075
930120.0,386.63980943511035,95.57020677365666
930180.0,350.99476994599416,95.47814967617211
930240.0,332.78323479607906,95.39457949285163
930300.0,376.7077150409551,95.31534538932875
930360.0,375.82135095736623,95.22565307622376
930420.0,428.6193034310536,95.1361718021863
930480.0,397.20406700535005,95.03411958708367
930540.0,408.4237828924929,94.93954719017763
930600.0,446.7359769233265,94.84230343234609
930660.0,514.0530727108604,94.73593772355481
930720.0,547.5265318206423,94.61354413481413
930780.0,474.1415763189373,94.48318067485684
930840.0,484.71018462364765,94.37028982335234
930900.0,465.99460116298883,94.25488263653719
930960.0,511.5728308477867,94.1439315410222
931020.0,511.7246656894064,94.02212848605843
931080.0,573.3749924384396,93.90028927994192
931140.0,385.9109508888606,93.76377142459943
931200.0,490.466245656315,93.67188786486399
931260.0,530.0813498571264,93.55511018732678
931320.0,513.23476342271,93.4289003421227
931380.0,463.428114807187,93.30670158892681
931440.0,446.6647024159372,93.19636156159177
931500.0,577.7321927640269,93.09001282292131
931560.0,488.5375347212673,92.95245753892988
931620.0,433.12922712232813,92.83613907828196
931680.0,594.1531879946596,92.73301307182426
931740.0,574.4937343854643,92.59154802706362
931800.0,544.0530712962633,92.4547638045909
931860.0,500.0317114812074,92.32522735904416
931920.0,551.8389594145885,92.20617218964388
931980.0,635.1543213393253,92.07478196121184
932040.0,468.73373636369433,91.92355474184534
932100.0,474.9844426718637,91.81195147128255
932160.0,534.1597664645712,91.69885993731306
932220.0,573.0038088836977,91.57167904053578
932280.0,547.344948499298,91.43524956223014
932340.0,617.9017757274936,91.30492933639698
932400.0,646.4158507842686,91.15780986598567
932460.0,599.0199453804287,91.00390133008466
932520.0,617.0910007934639,90.86127753356551
932580.0,600.9250917630061,90.71435110480516
932640.0,586.2660728536983,90.57127370200445
932700.0,509.1405501108275,90.43168654180118
932760.0,526.0946887702319,90.31046260129861
932820.0,507.7004676935981,90.18520196111523
932880.0,580.7875844645619,90.06432089737865
932940.0,604.537418945579,89.9260381391728
933000.0,504.5080999358145,89.78210065847148
933060.0,596.6425787240935,89.66197968229629
933120.0,540.5565559617512,89.51992192545723
933180.0,529.6595759147536,89.39121798356157
933240.0,556.9916421779993,89.26510856072473
933300.0,527.943900959668,89.13249150306329
933360.0,632.1904927004884,89.00679057426338
933420.0,586.2874793148295,88.85626902838231
933480.0,645.8155185901553,88.71667677140259
933540.0,570.7857599794615,88.56291117173826
933600.0,573.5049969512328,88.42700980031458
933660.0,710.6573261662467,88.29046099151667
933720.0,501.23638334754656,88.121256866239
933780.0,676.0118320495001,88.00191487020386
933840.0,698.4945280387115,87.84095967209684
933900.0,645.4093428665257,87.67465145113525
933960.0,579.8262634748925,87.52098255997655
934020.0,685.4197338622847,87.38292868772062
934080.0,580.6079093217407,87.21973351299151
934140.0,557.6312605858905,87.08149353458157
934200.0,576.7038993485002,86.94872418682303
934260.0,565.7667713814214,86.8114137345972
934320.0,543.1162034199658,86.67670736045876
934380.0,666.4060796044381,86.5473939786921
934440.0,553.2475904798468,86.38872586450057
934500.0,597.6814737555533,86.25700024771966
934560.0,512.5967724160336,86.11469513492072
934620.0,600.7915983492696,85.99264828434548
934680.0,529.2644489950026,85.8496026656909
934740.0,527.4252183419253,85.72358732069209
934800.0,591.288886058489,85.59800988775353
934860.0,660.8138770166938,85.45722681964438
934920.0,623.3274964352878,85.29989018225945
934980.0,626.9149675657306,85.15147887358438
935040.0,587.9959148241909,85.00221340511635
935100.0,575.0340749513397,84.86221437777726
935160.0,641.9810454812961,84.72530150278885
935220.0,560.020906787717,84.57244887291235
935280.0,643.1355849242256,84.43911056177241
935340.0,666.4436922340166,84.28598304155236
935400.0,540.9806360441505,84.12730597197283
935460.0,548.9340073323242,83.99850105862899
935520.0,556.9561417773506,83.86780248545463
935580.0,500.7378187667089,83.73519388026955
935640.0,559.6100273283581,83.615970590087
935700.0,664.8410563328796,83.48273010738977
935760.0,522.9610548586584,83.32443461778671
935820.0,664.1108851608226,83.1999200809156
935880.0,557.4583926909129,83.0417984415916
935940.0,709.1359571301458,82.90907025285567
936000.0,540.1770301984421,82.74022835830087
936060.0,571.2025601794933,82.61161477968218
936120.0,523.9502673432385,82.47561417011563
936180.0,535.9835447295081,82.35086410646248
936240.0,656.1857129232747,82.22324897676498
936300.0,602.9820447667726,82.06701428321182
936360.0,634.8197879859677,81.92344712969592
936420.0,492.7027358960275,81.77229956112782
936480.0,609.4421774922575,81.65498938591449
936540.0,510.3477696329736,81.5098841055592
936600.0,486.8452061063555,81.38837273183705
936660.0,579.8288205913867,81.27245720657363
936720.0,577.6028209160901,81.13440272548044
936780.0,565.4486248246111,80.99687824430994
936840.0,603.6289903557818,80.8622476193517
936900.0,611.2878949626289,80.71852643117175
936960.0,645.3275077390368,80.5729816942759
937020.0,483.9649863248531,80.41933228767137
937080.0,643.7209403412061,80.30410252902259
937140.0,664.7262348375682,80.15083563846515
937200.0,527.9751110152276,79.99256748731335
937260.0,447.97517654591115,79.86685912754783
937320.0,463.18552521636923,79.76019837122737
937380.0,516.5707998625084,79.64991610331872
937440.0,663.1930694123931,79.52692305573241
937500.0,541.408966811038,79.36901994396756
937560.0,501.3702514204938,79.24011304710778
937620.0,495.2724746428058,79.12073917772196
937680.0,455.0074073594104,79.00281715994986
937740.0,584.7989185503003,78.89448206295953
937800.0,524.7339663377378,78.75524422520945
937860.0,654.1623739557158,78.6303075665576
937920.0,563.7611136261327,78.47455462037767
937980.0,573.7427673480886,78.34032578380003
938040.0,507.2810886997246,78.20372036300286
938100.0,454.18976082437473,78.08293915140769
938160.0,465.06499899026795,77.97479873216379
938220.0,433.138054296345,77.86406897049945
938280.0,567.7149662179394,77.76094086233365
938340.0,487.780845355293,77.62577063228177
938400.0,565.7969860736295,77.5096323357686
938460.0,514.5603998564608,77.37491876765583
938520.0,486.5830616295666,77.25240438673762
938580.0,431.7113243448535,77.13655127682583
938640.0,517.71015140218,77.03376286626752
938700.0,484.20891626339295,76.9104985445051
938760.0,549.1633126485053,76.79521070729953
938820.0,449.8043365064149,76.66445753762132
938880.0,527.3841115199064,76.55736126702455
938940.0,586.5498305281922,76.43179362142457
939000.0,502.12681425024016,76.29213889987024
939060.0,530.5593709649758,76.17258489647732
939120.0,515.4182468467133,76.04626123672375
939180.0,592.6484222176573,75.92354260652215
939240.0,498.7104367141563,75.78243583932746
939300.0,516.0646175689556,75.66369525915742
939360.0,469.5378111191148,75.54082273116481
939420.0,422.89596758008355,75.42902801423169
939480.0,394.5118696524646,75.32833849814119
939540.0,540.6598078460302,75.2344071006049
939600.0,401.78416861886933,75.10567857492727
939660.0,504.67896733877575,75.01001567763706
939720.0,482.5300402014845,74.88985401874687
939780.0,510.2792591042867,74.774965913937
939840.0,421.97422963549934,74.6534708522455
939900.0,403.0602437037827,74.55300079757039
939960.0,470.8562626170014,74.45703407287901
940020.0,428.266735579445,74.34492543892259
940080.0,369.6027253593488,74.24295716854652
940140.0,557.4375818643223,74.15495651965144
940200.0,391.3081375754139,74.02223328587422
940260.0,376.84670957770913,73.9290646816896
940320.0,419.61454134194867,73.83933927464729
940380.0,506.9986824678936,73.73943105051825
940440.0,299.51449916573404,73.61871707850209
940500.0,497.4104827013622,73.54740410251024
940560.0,370.23581970868497,73.4289730352004
940620.0,438.51086837361186,73.34082164955548
940680.0,379.80287188256057,73.23641429994271
940740.0,537.6114899754392,73.14598504473257
940800.0,423.31655943692107,73.01798230902413
940860.0,371.1068465494894,72.91719265201534
940920.0,393.29036946397497,72.82883387902737
940980.0,414.5085108835103,72.73519331486928
941040.0,417.5766438450651,72.63650081227797
941100.0,431.03926608314003,72.53707780183868
941160.0,402.4387946430711,72.43444940515222
941220.0,317.71533037723725,72.33863064452292
941280.0,377.7638257444711,72.26298413729025
941340.0,432.42735177089014,72.17304036925584
941400.0,353.69633329477557,72.07008147597706
941460.0,432.1314465639972,71.98586806328782
941520.0,391.55705828249626,71.88297962362974
941580.0,374.4934006604373,71.7897517526101
941640.0,457.12501954487243,71.70058665721476
941700.0,279.1220984554928,71.59174736684693
941760.0,340.8396307021081,71.52528972435753
941820.0,453.26907429796967,71.44413743133322
941880.0,487.1065937056835,71.33621622316703
941940.0,512.4595578963147,71.22023846276092
942000.0,376.33401606871996,71.09822428230942
942060.0,398.8157410729613,71.0086209451502
942120.0,418.4335389679486,70.9136648163233
942180.0,443.95532240707547,70.8140377832357
942240.0,384.31642371778287,70.70833413504354
942300.0,419.19729898218645,70.61683022463454
942360.0,389.32978199676813,70.5170213439245
942420.0,391.20948599766535,70.42432377678242
942480.0,302.9244572188106,70.33117866106869
942540.0,336.4423687081346,70.2590537903023
942600.0,323.0157817788304,70.17894846441942
942660.0,281.2532433638958,70.10203994494827
942720.0,251.7141139214502,70.03507488700448
942780.0,323.63476997700764,69.97514295511843
942840.0,331.48011557244473,69.89808705750485
942900.0,351.89465604229105,69.81916322046379
942960.0,377.2349090057179,69.73537877854896
943020.0,353.4950921926403,69.64556094307142
943080.0,325.1291906938278,69.56139544493031
943140.0,283.99143544216685,69.48398373286035
943200.0,389.89741892212675,69.41636672442174
943260.0,329.55735268618855,69.32353400563075
943320.0,308.05190505595175,69.24506796927689
943380.0,321.323869849755,69.1717222775969
943440.0,286.99755196017975,69.09521659429934
943500.0,297.59213280577114,69.02688384383264
943560.0,294.1747042601985,68.95602857411697
943620.0,309.19087503674183,68.88598697786455
943680.0,364.3046124451492,68.8123701028558
943740.0,347.9335005889243,68.72563090941647
943800.0,414.877730688815,68.64278959975243
943860.0,393.36316499766673,68.54400918768367
943920.0,436.64985107334064,68.45035129125566
943980.0,351.43833278457146,68.3463870410001
944040.0,349.1185266426761,68.26271124747997
944100.0,285.9497156359672,68.17958778875553
944160.0,363.43700858287383,68.11150452312792
944220.0,273.2094927292099,68.02497190203675
944280.0,223.06844445790728,67.95992202281552
944340.0,401.61324713038584,67.90681048842077
944400.0,233.83973718717786,67.81118828672307
944460.0,333.8971671777384,67.75551215882136
944520.0,253.54015302109093,67.67601283330285
944580.0,372.7725230469607,67.61564613020259
944640.0,379.78025107179224,67.52689076757237
944700.0,334.60295919381804,67.43646689826956
944760.0,376.5013568450829,67.35679952703293
944820.0,301.0449148458731,67.26715634683173
944880.0,433.5583032483438,67.19547898615414
944940.0,343.19866413920016,67.09225081871406
945000.0,243.33425555539287,67.01053685106187
945060.0,300.49989382247674,66.95260012354868
945120.0,286.14692333131575,66.88105252978143
945180.0,279.2624312592348,66.81292230994063
945240.0,193.867488697947,66.74643125487891
945300.0,315.5326786987091,66.70027232899845
945360.0,208.21744227718875,66.62514550073685
945420.0,138.89670285064932,66.57556991924228
945480.0,268.8553931711095,66.54249927570642
945540.0,243.2340646530368,66.47848608685615
945600.0,236.00318005837704,66.42057321431972
945660.0,100.63344761691113,66.36438198097248
945720.0,234.90836265869066,66.34042163630178
945780.0,274.6959184312754,66.284491073764
945840.0,246.23628943430253,66.21908728366132
945900.0,306.7126762665884,66.16045959570077
945960.0,366.2334910651546,66.08743276801825
946020.0,312.8727923155342,66.00023431776464
946080.0,342.7062237569038,65.92574079578475
946140.0,-1381.312596556643,65.84414407584262
946200.0,-1509.7306885613714,66.17302802740373
946260.0,-1422.976599223744,66.53248771515644
946320.0,-1390.3242470246125,66.87129166735257
946380.0,-1476.887469996483,67.20232124997747
946440.0,-1498.8497162938988,67.55396112378617
946500.0,-1420.2563065438205,67.91083010385614
946560.0,-1541.6334825545773,68.24898636731896
946620.0,-1518.6577397303593,68.61604195840339
946680.0,-1494.0113978355982,68.97762713452965
946740.0,-1427.590733835398,69.33334413401433
946800.0,-1442.0896022461295,69.67324668968942
946860.0,-1393.872244920601,70.01660135689087
946920.0,-1511.7044023213157,70.3484757009196
946980.0,-1515.4860158074375,70.7084053205199
947040.0,-1426.0762747143986,71.06923532428358
947100.0,222.25687984322016,71.40877729445367
947160.0,233.43693206228085,71.3558589897291
947220.0,157.72309532208465,71.30027876780952
947280.0,286.0729319685969,71.26272564987569
947340.0,360.6039762172065,71.19461304702602
947400.0,205.8846016989404,71.1087549574505
947460.0,328.47037851898307,71.05973481418884
947520.0,263.14113285771066,70.98152758120813
947580.0,160.32754130036818,70.91887493052772
947640.0,212.12649225996552,70.88070170640859
947700.0,207.98988679996629,70.83019539872764
947760.0,245.96405009416014,70.7806739971086
947820.0,289.71416136269283,70.72211112803855
947880.0,375.07588784044276,70.65313156580933
947940.0,177.87844161011122,70.56382778299017
948000.0,234.27650801498868,70.52147577308301
948060.0,209.2293879542235,70.46569565212707
948120.0,186.5435187767328,70.41587913118559
948180.0,267.9919916633457,70.37146400766733
948240.0,262.0054086283211,70.30765639060462
948300.0,152.74842117881633,70.24527415045502
948360.0,262.3338616279093,70.20890547874578
948420.0,188.59749588192906,70.14644503550103
948480.0,261.3153456717011,70.10154086981485
948540.0,336.4677463258057,70.03932293036921
948600.0,287.7820029391489,69.9592115621964
948660.0,270.35646263492185,69.89069203768707
948720.0,227.69439686126674,69.82632145134542
948780.0,263.1545524995576,69.77210849971179
948840.0,292.6669976123643,69.70945265387856
948900.0,286.4579309649082,69.63977003539942
948960.0,252.3978433289701,69.57156576612206
949020.0,271.14323911491715,69.51147104151993
949080.0,178.8631736537253,69.44691312744494
949140.0,213.55929489637796,69.40432665752739
949200.0,299.84196491154376,69.35347920636158
949260.0,307.6853613846109,69.28208826233502
949320.0,262.5602986108915,69.20882984295774
949380.0,345.46919038028506,69.14631548614562
949440.0,287.00501059201736,69.06406091700747
949500.0,242.33440362513954,68.99572639067604
949560.0,182.94058394650907,68.93802772314625
949620.0,342.25880129236987,68.89447044125423
949680.0,301.96815286088446,68.81298025047033
949740.0,363.46721303740486,68.74108307121774
949800.0,385.40380328015124,68.6545432585898
949860.0,178.00585671720785,68.562780448285
949920.0,177.9963472197848,68.52039810144757
949980.0,83.10313996044118,68.4780180187762
950040.0,309.84018226961393,68.45823155688086
950100.0,293.97518334011176,68.38446008491191
950160.0,260.3050729099132,68.31446599364045
950220.0,180.72668850593843,68.25248859532857
950280.0,248.81314684725368,68.20945843139859
950340.0,265.1020195967226,68.15021720595877
950400.0,296.9635411655501,68.08709767748336
950460.0,266.379216125137,68.01639207244394
950520.0,289.8280790703036,67.95296844955699
950580.0,242.5521492995833,67.88396176406407
950640.0,320.8889152643626,67.82621125232608
950700.0,287.9038064216239,67.74980912964408
950760.0,178.78401769188173,67.68126060430559
950820.0,333.3532241660403,67.63869298104562
950880.0,323.5342936572943,67.55932316576799
950940.0,277.92848672152826,67.48229119108768
951000.0,266.8430650191726,67.41611774186828
951060.0,349.5166970932769,67.35258367876847
951120.0,152.00123124557632,67.26936541755579
951180.0,324.47347494919336,67.2331746482116
951240.0,221.4276018991143,67.15591905893798
951300.0,315.7106509324131,67.10319820134295
951360.0,257.22255534056694,67.02802899874
951420.0,175.42444349932293,66.96678553318272
951480.0,220.20881672835142,66.92501780854002
951540.0,311.3037501831335,66.8725871378904
951600.0,237.38753341561187,66.79846719737061
951660.0,212.71088195546324,66.74194635608119
951720.0,212.30968396012935,66.69130090799655
951780.0,288.5348534003615,66.64075098324413
951840.0,355.0381105664321,66.572052208625
951900.0,121.54700726903792,66.4875193251568
951960.0,418.04107715908833,66.4585795615213
952020.0,262.2247849354036,66.35904597172153
952080.0,284.81346026553405,66.29661149911786
952140.0,223.82430834772038,66.22879877048321
952200.0,249.78910679851654,66.17550726849565
952260.0,261.55079622223894,66.11603367163886
952320.0,187.05425725687462,66.05375967253833
952380.0,201.65913191038646,66.00922294462003
952440.0,321.07407218239734,65.96120886559375
952500.0,156.8592106537489,65.88476265793128
952560.0,276.4623693534182,65.84741522682324
952620.0,227.76901051503154,65.78159085316767
952680.0,192.3575981856221,65.72736013637838
952740.0,368.315940515645,65.68156070823895
952800.0,192.72987814431133,65.5938664366876
952860.0,182.19391445143148,65.54797837046277
952920.0,238.78167504756777,65.50459886702195
952980.0,203.88652225967516,65.44774608724872
953040.0,250.38288301324724,65.3992016771869
953100.0,259.3240049395225,65.33958670504089
953160.0,264.0795349041475,65.277842894341
953220.0,242.56660425688457,65.21496681460192
953280.0,207.87035735385925,65.15721286120743
953340.0,288.6042468947431,65.10771991898032
953400.0,243.2985035110159,65.03900462210062
953460.0,220.26303634579884,64.98107640697894
953520.0,338.7997030131885,64.9286328268966
953580.0,242.7213699044806,64.84796623094108
953640.0,315.5192905750431,64.79017542858287
953700.0,323.6104088024267,64.71505178796977
953760.0,327.26048016463994,64.63800169063586
953820.0,291.4695872036439,64.5600825286919
953880.0,249.96211824196737,64.49068500792912
953940.0,246.15763666077703,64.43117021787151
954000.0,235.35294179545247,64.3725612567618
954060.0,119.98642032263302,64.3165248420486
954120.0,293.1285813605098,64.28795664673368
954180.0,264.66812042715816,64.21816412736213
954240.0,299.5316568484649,64.15514790821281
954300.0,242.9801232948942,64.08383084705841
954360.0,289.889742759863,64.0259784367501
954420.0,167.34982716461124,63.956957069426316
954480.0,179.84433359605518,63.91711187248236
954540.0,101.42759479924382,63.874291793054724
954600.0,241.93936117855446,63.85014236572157
954660.0,203.64880142933418,63.79253775591715
954720.0,195.79744968874869,63.744049946053025
954780.0,270.0795322363725,63.69743150565094
954840.0,224.46998725191884,63.63312685511847
954900.0,164.01498996456795,63.57968162005849
954960.0,402.686490477554,63.540630431971685
955020.0,247.77988305001418,63.444752696143695
955080.0,185.01077586411722,63.38575748589369
955140.0,209.81047291707668,63.34170730116414
955200.0,239.61206692645996,63.291752426660075
955260.0,239.48593498826386,63.234701934534726
955320.0,328.1306001404582,63.177681473823235
955380.0,245.23500093950955,63.09955514045646
955440.0,361.3133471980403,63.04116585451848
955500.0,224.05554284105003,62.955138867090376
955560.0,275.5871488755418,62.90179230927108
955620.0,311.3198697725762,62.83617632144357
955680.0,321.7102730342664,62.762052542926284
955740.0,328.71354975213177,62.68545485887051
955800.0,233.68059987580216,62.60718972797714
955860.0,249.6720423748142,62.551551489911475
955920.0,101.23614409701315,62.49210576553652
955980.0,238.2410027320443,62.4680019217039
956040.0,315.4769699857195,62.411277873434365
956100.0,303.8120301420748,62.33616430915205
956160.0,244.81274441329612,62.26382811149918
956220.0,351.9504773893948,62.20553936282935
956280.0,226.96194227572892,62.12174163011759
956340.0,207.03402840207943,62.06770307243289
956400.0,221.9128828577359,62.01840925614668
956460.0,182.65486590581042,61.96557285546627
956520.0,287.34666173530127,61.92208360167917
956580.0,267.312073737666,61.85366772983743
956640.0,286.6021506060575,61.79002199799513
956700.0,225.1413479158061,61.72178339070798
956760.0,246.51948680592622,61.66817830787088
956820.0,119.29900697690374,61.609483191964706
956880.0,272.5779455654748,61.581078666494015
956940.0,255.93520025436197,61.51617915564509
957000.0,183.97337321399925,61.455242203203575
957060.0,243.72592161553155,61.411439019105
957120.0,234.53477800203603,61.353409037767975
957180.0,355.8648380970128,61.297567423957965
957240.0,186.3389144765215,61.21283770060153
957300.0,269.8925400537426,61.16847129239284
957360.0,184.5613326854151,61.104211163808614
957420.0,216.5355211586679,61.06026798935971
957480.0,266.6175901723883,61.00871191289336
957540.0,237.3272316950935,60.945231534280886
957600.0,249.65015297805488,60.88872505054396
957660.0,269.973561124942,60.829284537930135
957720.0,220.38952989741819,60.765005118614674
957780.0,303.0604073562102,60.71253142102005
957840.0,231.6835857576083,60.640374181173335
957900.0,244.15984428864638,60.58521142265962
957960.0,271.69269932935885,60.52707812640042
958020.0,263.6349378806914,60.46238938846486
958080.0,288.6695593187787,60.39961916515993
958140.0,269.03476420325876,60.33088831770308
958200.0,278.15981762928686,60.26683242146421
958260.0,230.49676995812763,60.200603893457235
958320.0,185.89406652581636,60.14572371013387
958380.0,164.3632824524496,60.101463218103916
958440.0,149.78036864416669,60.06232910323428
958500.0,355.7880224157752,60.02666711069996
958560.0,117.25954201879296,59.941955676791444
958620.0,321.6509741408165,59.91403673821554
958680.0,200.777136243682,59.83745317294392
958740.0,321.2175483910806,59.789649092885895
958800.0,117.8806074525184,59.713168724221354
958860.0,235.92940577412216,59.68510191292314
958920.0,337.2786525886097,59.62892824488168
958980.0,292.8320348623076,59.54862380378915
959040.0,229.80593686780583,59.478901890726696
959100.0,133.46576769359672,59.42418619147246
959160.0,170.6977809088222,59.39240862773589
959220.0,333.3987573757063,59.35176629894808
959280.0,229.15845983287542,59.27238564243005
959340.0,245.7466554919298,59.21782410437461
959400.0,267.07155611895433,59.15931299592415
959460.0,171.89265085687308,59.09572453018154
959520.0,274.5041296600588,59.05479770854895
959580.0,224.89373089781995,58.98943958243942
959640.0,267.6969860811188,58.935893456035174
959700.0,215.39615246366017,58.87215607839681
959760.0,155.69687410395306,58.82087128019118
959820.0,224.44636933755652,58.78380059588071
959880.0,288.54052816747856,58.730360984133675
959940.0,273.74290615294655,58.66166085837951
960000.0,251.96087631571083,58.596483975962144
960060.0,303.9989673859295,58.53649329112507
960120.0,237.9017711671123,58.46411258460461
960180.0,253.50068626804787,58.40746930575529
960240.0,221.34514666621124,58.347111999500996
960300.0,307.5356640471259,58.29441077410428
960360.0,267.63811650055425,58.2211879969502
960420.0,216.7371464481048,58.15746463587864
960480.0,160.82150876539208,58.105860553391
960540.0,316.47008233557915,58.06756971797066
960600.0,205.53808843906114,57.99221969836695
960660.0,254.51593423107406,57.94328205826241
960720.0,391.3586550191643,57.88268302630263
960780.0,298.30439132377956,57.78950239415521
960840.0,346.8945082668185,57.718477539078116
960900.0,217.95035417837465,57.6358836085384
960960.0,314.50936025555797,57.58399066706736
961020.0,251.86450184197662,57.509107486054134
961080.0,272.2396455881384,57.44913974752033
961140.0,371.5441146301873,57.38432078428506
961200.0,233.59058975844488,57.2958578998493
961260.0,251.48111336365994,57.24024109276396
961320.0,196.15028862623367,57.18036463720118
961380.0,303.66945372831424,57.133662187528266
961440.0,216.74278809087298,57.06135993664057
961500.0,311.76301685603306,57.00975451090465
961560.0,151.42655649349882,56.93552522117702
961620.0,283.3616060077777,56.89947127915476
961680.0,211.8447496940843,56.83200423010529
961740.0,294.3215341564225,56.78156500398765
961800.0,249.70220197702287,56.711488448236125
961860.0,218.42189202249818,56.6520355430035
961920.0,227.3763735043247,56.60003033061719
961980.0,199.5756780455635,56.54589309883044
962040.0,300.8966236508982,56.49837508024817
962100.0,187.7429132007738,56.42673302699795
962160.0,234.6697040676184,56.38203233337872
962220.0,271.44359872139916,56.326158594315
962280.0,347.5752934182752,56.261529166048
962340.0,250.24576548470213,56.17877314380555
962400.0,236.29283524457634,56.11919081869014
962460.0,267.30315037751154,56.06293061982239
962520.0,126.52066496790998,55.99928701258965
962580.0,179.0551814245918,55.96916304474014
962640.0,228.49936243408322,55.92653085868667
962700.0,208.29273535912742,55.872126248583314
962760.0,155.07260464400696,55.822532740164476
962820.0,302.64330934083137,55.785610691439715
962880.0,266.81834086699433,55.713552760644276
962940.0,259.7076479975866,55.650024584247376
963000.0,209.71360297955306,55.588189429962235
963060.0,256.18062816139593,55.53825761972901
963120.0,282.35073495924576,55.47726223207153
963180.0,235.6595627562238,55.41003586660504
963240.0,278.30016617473837,55.35392644690118
963300.0,203.93776492023696,55.28766450257386
963360.0,257.62924301023736,55.23910789187857
963420.0,320.41203553940363,55.17776759592375
963480.0,325.8687379742902,55.101479016033416
963540.0,331.6918264997452,55.02389122127763
963600.0,269.26319671819454,54.94491697687293
963660.0,254.12230329503546,54.88080669194003
963720.0,225.39841897939456,54.82030138163169
963780.0,143.98100704574125,54.7666350913985
963840.0,171.84464024633257,54.73235389924475
963900.0,242.56818878757542,54.69143850870991
963960.0,246.27152895916964,54.6336841780462
964020.0,337.62420233160867,54.57504809972259
964080.0,331.9055451034425,54.49466138488174
964140.0,211.96015780693264,54.4156362550952
964200.0,302.38571463068445,54.365169550855455
964260.0,224.80417013947223,54.293172952133865
964320.0,294.5328703029867,54.239648149719706
964380.0,302.0901753194301,54.16952127583804
964440.0,328.4137175172488,54.09759504361913
964500.0,224.49458524809046,54.01940130135312
964560.0,315.08263579009554,53.96595020962739
964620.0,142.03318475466153,53.89093053443927
964680.0,332.3591629831874,53.85711310949768
964740.0,253.27619960026655,53.777979975454066
964800.0,254.7514970432161,53.71767611840638
964860.0,132.9341654571843,53.657021000062755
964920.0,232.07300271507359,53.625370008287234
964980.0,336.9419622231859,53.570114531450315
965040.0,230.2391945857835,53.48989025473051
965100.0,298.8852810705691,53.43507139887675
965160.0,258.39536235977033,53.363908236717094
965220.0,320.3353133366832,53.30238553139334
965280.0,268.3271476682716,53.22611521869413
965340.0,201.19938529402006,53.16222780258264
965400.0,260.7754205497218,53.11432318703645
965460.0,353.7512688506044,53.05223380119128
965520.0,287.83666799143623,52.9680073086078
965580.0,251.30099333715447,52.89947476860984
965640.0,393.95257954440206,52.839641198767666
965700.0,328.4917160548569,52.745842965542806
965760.0,308.2845562479935,52.667630652196415
965820.0,278.67402386885,52.594229567375464
965880.0,303.8143553596593,52.52787860931145
965940.0,306.138085286925,52.45554185803534
966000.0,129.79355775027668,52.38265183772893
966060.0,284.85935044652246,52.351748609693146
966120.0,251.92821044364953,52.283924954824926
966180.0,232.01636239831515,52.223942047576436
966240.0,250.7163822375185,52.16870005652922
966300.0,169.54499615563464,52.109005679805996
966360.0,155.08654582795688,52.06863782357846
966420.0,338.63478889770283,52.031712455524186
966480.0,292.07018723870516,51.95108512483426
966540.0,120.07097451827846,51.88154460406314
966600.0,230.79485428408816,51.85295627679688
966660.0,318.7528293172619,51.79800512101495
966720.0,249.67657137877094,51.722111590225126
966780.0,341.7516879144138,51.662664787515894
966840.0,330.62704463356164,51.58129533801246
966900.0,186.84674199319207,51.5025746130997
966960.0,260.27472302978896,51.45808729357751
967020.0,242.63118072977815,51.396117121427565
967080.0,186.82259642851537,51.33834779268238
967140.0,183.59910207537789,51.29386622210416
967200.0,223.191605861537,51.25015215018145
967260.0,233.81373146704976,51.19701129164299
967320.0,289.9987716503869,51.14134135557941
967380.0,336.41324545155607,51.072294028995984
967440.0,305.35466098138716,50.992195637221805
967500.0,320.3542503216829,50.91949214651195
967560.0,260.1515751702258,50.84321732500678
967620.0,313.16651079567083,50.781276473775776
967680.0,268.94332915596465,50.70671301882442
967740.0,252.23863565475008,50.64267889283491
967800.0,393.45635295162197,50.58262207482187
967860.0,140.72756584734992,50.48894199078577
967920.0,169.10654308880007,50.45543542748878
967980.0,305.4386521187081,50.41517196484859
968040.0,267.5731147794401,50.3424484762489
968100.0,198.2722374693839,50.278740591777606
968160.0,222.25806535665689,50.23153291618966
968220.0,231.13830263944288,50.178614329199974
968280.0,341.2355930443643,50.123581400000106
968340.0,361.5579126050353,50.04233483022764
968400.0,388.3303699172275,49.956249612940724
968460.0,195.78501720627503,49.86379000105567
968520.0,210.2933940814104,49.81717452076846
968580.0,207.4046630323582,49.76710466503479
968640.0,372.1217292298352,49.71772260240804
968700.0,321.09871986455727,49.62912219068665
968760.0,302.1793021209995,49.552670114528425
968820.0,312.47457822304796,49.480722661642474
968880.0,296.6473276439749,49.40632395254175
968940.0,234.17056936756956,49.33569363643604
969000.0,333.6426581355241,49.27993873896757
969060.0,293.1255297295243,49.20050001084007
969120.0,233.74465894996672,49.130708218047324
969180.0,341.71994507140977,49.07505472782114
969240.0,283.24337468878286,48.99369283613747
969300.0,323.9965775732961,48.926253937402045
969360.0,304.435037803176,48.84911189512269
969420.0,367.0321663150686,48.77662736231241
969480.0,328.4044407479329,48.68923875128501
969540.0,263.8475665710673,48.611047217773596
969600.0,337.89448610330516,48.54822636859001
969660.0,341.59022636323294,48.46777530047017
969720.0,352.7534646943027,48.38644429419321
969780.0,386.0205610427992,48.3024553740279
969840.0,288.73384127982763,48.21054571663676
969900.0,367.6237646951394,48.14179956395108
969960.0,225.94353393998793,48.054270096166526
970020.0,324.14854642953514,48.000474016657
970080.0,316.8132115730911,47.92329579131663
970140.0,422.13874981281384,47.84786407427542
970200.0,327.8931473334645,47.74735484812951
970260.0,375.78776372803225,47.66928505114535
970320.0,235.66671476962074,47.579811774067245
970380.0,322.36266444790664,47.52370065150305
970440.0,294.81083943460726,47.446947636158306
970500.0,496.2768104580118,47.37675457915007
970560.0,309.92129434613327,47.25859343380292
970620.0,356.5378475966594,47.18480264943479
970680.0,361.9764818000067,47.0999126857213
970740.0,261.2826521025609,47.01372780910225
970800.0,327.38696280135576,46.95151765383974
970860.0,385.56085229187306,46.87356837698227
970920.0,368.7717000898978,46.781768174055635
970980.0,227.98460419610763,46.693965388319945
971040.0,334.39771765331795,46.639683339701826
971100.0,432.1011114568154,46.56006483549866
971160.0,408.60605988719783,46.45718361848513
971220.0,448.88139871158074,46.35989646136913
971280.0,319.1726637303901,46.25301993786638
971340.0,457.70430380397,46.177026446502
971400.0,380.7456222211935,46.068049231310574
971460.0,481.52869468566735,45.9773955117341
971520.0,388.802332536179,45.86274582252323
971580.0,268.3870532815085,45.77017383858605
971640.0,444.8445759559406,45.70627215923331
971700.0,369.9537861513833,45.600356784005704
971760.0,376.6870813353824,45.51227254920776
971820.0,314.7916050192067,45.42258514888981
971880.0,502.04548701222143,45.34763476674238
971940.0,376.2024538994639,45.228100126977566
972000.0,504.7438231148162,45.13852811414436
972060.0,387.1576245971172,45.018351013402736
972120.0,360.1746421094252,44.9261706265939
972180.0,497.83404054217067,44.84041475942499
972240.0,417.1001075594739,44.721882845010185
972300.0,420.5378888461392,44.622573295591266
972360.0,350.3199094098519,44.52244522681838
972420.0,402.6376640156497,44.439035724577934
972480.0,458.70583844712,44.34316961409802
972540.0,357.9327972368357,44.233953938277274
972600.0,406.44736588286366,44.14873184369708
972660.0,416.48341284311084,44.05195866134402
972720.0,448.62175760346094,43.95279594400042
972780.0,536.3405149811507,43.84598123980912
972840.0,432.50685059379634,43.71828111719456
972900.0,412.0155165109413,43.61530329562461
972960.0,621.1726489300827,43.517204363122005
973020.0,433.34638567929653,43.369306113376744
973080.0,450.8462412292719,43.26612840250072
973140.0,443.7631714401941,43.15878405935089
973200.0,451.57488366308394,43.05312616138894
973260.0,475.7910907323756,42.945608331945344
973320.0,529.3148751204254,42.832324738913826
973380.0,501.2429671618876,42.706297387694676
973440.0,544.5601831792252,42.5869538240847
973500.0,545.4998300916898,42.45729663761346
973560.0,498.28658570760757,42.32741572568687
973620.0,511.25798112044646,42.208776062423155
973680.0,558.0984753107307,42.08704797168019
973740.0,427.7846446804577,41.95416738232049
973800.0,647.2195693844988,41.85231389549181
973860.0,469.42686783044746,41.69821399801931
973920.0,481.9633042648212,41.58644569615492
973980.0,433.1292290443418,41.471692528472815
974040.0,437.71790522084353,41.3685665215575
974100.0,569.8729528534608,41.26434797269539
974160.0,650.4054573546914,41.128663936301706
974220.0,482.9001095224253,40.9738054940744
974280.0,540.4905728024314,40.85882927752144
974340.0,535.5537576641681,40.73014104590181
974400.0,585.024440160356,40.60262824645796
974460.0,660.7711727388629,40.46333671308645
974520.0,621.5164960997762,40.306010243386716
974580.0,518.5182862588182,40.15803012526772
974640.0,567.1123430807878,40.034573390444194
974700.0,575.5856174040663,39.89954664209163
974760.0,539.1787289287901,39.76250244747161
974820.0,477.0749234488405,39.634126559631426
974880.0,497.31510405870256,39.52053729214361
974940.0,616.503850106125,39.402128934034394
975000.0,625.0273917516681,39.25534230305674
975060.0,539.7890898888136,39.10652625740158
975120.0,570.1594796524043,38.9780050455233
975180.0,628.5426345073535,38.8422527884632
975240.0,456.61778358260773,38.692599780247164
975300.0,534.2151956080514,38.583881260346544
975360.0,684.145236153159,38.456687166154154
975420.0,583.0611046234934,38.29379544326054
975480.0,499.3313518061194,38.15497137073114
975540.0,576.0538477705193,38.03608295363444
975600.0,632.185510042307,37.89892727559384
975660.0,419.2377247068577,37.748406916059956
975720.0,583.1043364140121,37.64858841017737
975780.0,550.2487135735649,37.509754044364506
975840.0,473.78045551905296,37.37874244589461
975900.0,576.6040492760869,37.26593757553293
975960.0,562.5963850331234,37.12865089713386
976020.0,568.1652217640309,36.99469937688788
976080.0,547.2844047429097,36.85942194313454
976140.0,505.22537745961165,36.729116132481465
976200.0,477.3092579708344,36.60882437594346
976260.0,521.0224488784343,36.495179314521835
976320.0,611.6671937739949,36.37112635050316
976380.0,571.5325394697786,36.22549130436649
976440.0,550.6276801175661,36.08941212830226
976500.0,489.4201090008572,35.95831029970284
976560.0,526.2021354218897,35.84178170232168
976620.0,589.5039741670753,35.71649547960219
976680.0,572.0092855244922,35.57613739051479
976740.0,509.3516191231091,35.439944703485146
976800.0,377.37732208311473,35.31867050845583
976860.0,489.46794759204295,35.22881876510271
976920.0,496.7166097420586,35.11227877758079
976980.0,466.79603434834235,34.99401291811839
977040.0,491.80296928886224,34.88287100517831
977100.0,560.7869336532895,34.76577506010953
977160.0,504.5880032711382,34.63225436162065
977220.0,561.0729597425278,34.512114360841814
977280.0,405.88983546401704,34.378525560903114
977340.0,472.6267921884605,34.281885123887875
977400.0,368.9671971383742,34.16935493527158
977460.0,453.9330306156474,34.081505602619586
977520.0,410.8504843694971,33.97342630961586
977580.0,544.3722307677804,33.87560476571836
977640.0,485.833553575318,33.74599232982127
977700.0,515.742761760754,33.6303176742081
977760.0,422.5443942968862,33.50752177855078
977820.0,380.42627697624994,33.40691597038486
977880.0,371.6732145404676,33.316338285390515
977940.0,443.7062141694125,33.22784466288088
978000.0,529.2593378525729,33.122200326173875
978060.0,438.12099963698984,32.99618619811374
978120.0,383.48073192656364,32.89187167439065
978180.0,387.0912974568826,32.80056673821766
978240.0,388.854006226582,32.70840214358507
978300.0,504.51049255195755,32.61581785638826
978360.0,448.9755199612954,32.495696310542556
978420.0,382.4724951803427,32.38879737721844
978480.0,365.24544108446395,32.29773249741359
978540.0,368.281661535084,32.21076929715539
978600.0,371.51005943436235,32.12308318726608
978660.0,308.4706001473111,32.034628411210285
978720.0,273.9043784312684,31.96118303022283
978780.0,377.6484443024181,31.895967702024908
978840.0,308.0815896609351,31.806051405762428
978900.0,354.6168041214742,31.73269864631935
978960.0,387.27809423050473,31.648266073909475
979020.0,310.44768101444345,31.556057003854594
979080.0,291.3145797462589,31.482140889327347
979140.0,452.2976428479518,31.412780275102048
979200.0,263.0780689733951,31.305090360138248
979260.0,175.49215164015243,31.242452724668393
979320.0,214.215755795765,31.200668879039785
979380.0,314.2527934877851,31.14966512765984
979440.0,133.46417394113968,31.07484303397227
979500.0,155.8311482089399,31.04306584970057
979560.0,257.13279985504164,31.00596319536511
979620.0,164.1243391797168,30.944741100161526
979680.0,163.38910644036514,30.905663876547308
979740.0,223.89836720346904,30.866761708347223
979800.0,105.89072646709866,30.81345257329878
979860.0,50.10169673038615,30.788240495568516
979920.0,44.118379472804406,30.77631152015652
979980.0,151.50991001983232,30.765807144091564
980040.0,121.22241588680276,30.729733355991605
980100.0,53.11378070644349,30.700870876018556
980160.0,14.057446261108282,30.688224737755117
980220.0,56.19363742286407,30.684877726740567
980280.0,128.19007308785467,30.67149828925893
980340.0,-0.2490799706372968,30.64097684328563
980400.0,-1.2281117071721042,30.641036148040545
980460.0,-44.33144144035066,30.641328555589872
980520.0,-6.441989326151258,30.65188366069472
980580.0,24.328478411374363,30.653417467677134
980640.0,119.33487843333512,30.647624972817283
980700.0,-6.185347897823931,30.61921190652363
980760.0,-34.205848414782395,30.620684608404066
980820.0,9.00415097289715,30.628828858026633
980880.0,-12.837966405066823,30.626685012556894
980940.0,-101.15939206189216,30.629741671224767
981000.0,59.68700070883392,30.653827240763313
981060.0,-91.88251875347277,30.639616050118352
981120.0,-88.26401250000089,30.66149284029775
981180.0,-81.43478848630753,30.68250808136918
981240.0,-105.8727609985196,30.701897316723063
981300.0,-47.24895150476527,30.727105116960807
981360.0,-186.3514489749744,30.738354867319085
981420.0,-116.17261622375247,30.782724259932174
981480.0,-165.55270831776602,30.810384406652116
981540.0,-128.7454637905763,30.849801718156346
981600.0,-212.91895480911415,30.880455400011247
981660.0,-233.38282537849915,30.931150389251513
981720.0,-180.796864258327,30.986717728627347
981780.0,-215.628548291119,31.029764601069807
981840.0,-298.7343988228118,31.081104731615312
981900.0,-181.20857245260572,31.152231969430268
981960.0,-230.44155306427223,31.195376867633268
982020.0,-291.3076952019516,31.25024390407714
982080.0,-327.42746704750346,31.319602879125224
982140.0,-289.97705888069345,31.39756179985082
982200.0,-284.698616562054,31.466603956727177
982260.0,-432.4849281170928,31.534389341622905
982320.0,-326.8205324123511,31.637361943555547
982380.0,-322.73575719715126,31.71517635603468
982440.0,-515.5687349060117,31.79201820298638
982500.0,-375.1868111897004,31.91477266367829
982560.0,-357.8200950313854,32.00410285681869
982620.0,-377.18298990709377,32.08929811754045
982680.0,-376.42696379606747,32.17910359132785
982740.0,-456.76372984133735,32.268729058898344
982800.0,-512.0362699442423,32.37748232790819
982860.0,-570.1535863304274,32.49939572551396
982920.0,-409.15610577599443,32.63514657940216
982980.0,-445.01833944601407,32.73256469982502
983040.0,-429.5965867901866,32.83852144731217
983100.0,-555.7076579364951,32.94080634892888
983160.0,-476.4505864612549,33.07311769605662
983220.0,-627.310333447369,33.18655831188073
983280.0,-601.7736969484417,33.33591791508248
983340.0,-554.4847796455077,33.47919736673688
983400.0,-534.6738517290471,33.61121755236676
983460.0,-486.1308987504451,33.738520850397485
983520.0,-613.6621623615563,33.85426630248092
983580.0,-663.5702346057736,34.000376341138434
983640.0,-679.0003259710684,34.15836925413981
983700.0,-677.5664758764668,34.32003599841863
983760.0,-515.3356213552761,34.48136134981779
983820.0,-615.4625338987474,34.60406030728333
983880.0,-606.376017739098,34.75059900583065
983940.0,-699.6943800350898,34.89497424814948
984000.0,-697.6549182674819,35.06156814815783
984060.0,-667.7734409050524,35.22767646203104
984120.0,-752.2222611826214,35.386670138437005
984180.0,-751.4687174585408,35.56577067681382
984240.0,-786.5584924811017,35.74469180001823
984300.0,-784.9810859305736,35.93196763156135
984360.0,-767.2166423576358,36.11886789011625
984420.0,-831.4496128981689,36.30153851924902
984480.0,-776.9470126742265,36.49950271279621
984540.0,-788.9560036075914,36.68449009676626
984600.0,-828.6767273886335,36.87233676429188
984660.0,-879.4253983339531,37.06964074700346
984720.0,-835.3004951399514,37.279027746606786
984780.0,-883.6768916669047,37.477908816878205
984840.0,-862.3345925141211,37.6883080767989
984900.0,-810.952939945249,37.89362583692131
984960.0,-963.6895166721802,38.086709870241606
985020.0,-769.7381017381379,38.316159755163554
985080.0,-916.0940134664731,38.49943073176787
985140.0,-898.5882124689297,38.717548354021794
985200.0,-979.9797291834332,38.931497928419155
985260.0,-877.7579158814976,39.164826435367594
985320.0,-965.2633754959776,39.37381641533938
985380.0,-992.7669373808619,39.60364102855271
985440.0,-1015.00326010428,39.84001410888148
985500.0,-1007.8924800970619,40.08168155176345
985560.0,-977.950424783168,40.32165595178656
985620.0,-1003.9082750582851,40.55450129102065
985680.0,-1027.8511545644967,40.79352707079643
985740.0,-1079.2841802378425,41.03825353616893
985800.0,-1093.8449807205766,41.29522596003508
985860.0,-1086.3987537821165,41.555665241159026
985920.0,-1042.1372333249524,41.81433161110715
985980.0,-1040.9811366338781,42.06245952380357
986040.0,-1043.8122351078346,42.31031217538306
986100.0,-1102.5960046759583,42.55883889802778
986160.0,-1090.3220775663285,42.82136175628396
986220.0,-1134.225100704247,43.08096225094261
986280.0,-1239.3924360792178,43.35101584634838
986340.0,-1158.5006777730018,43.6461092835101
986400.0,-1178.7089879419564,43.92194277821796
986460.0,-1229.1300281508738,44.202587775347
986520.0,-1211.38230466025,44.495237782049585
986580.0,-1179.7377352922008,44.78366214030203
986640.0,-1266.2956434950388,45.06455207727636
986700.0,-1251.3584603169024,45.366051040013275
986760.0,-1126.2004221138777,45.663993530564916
986820.0,-1325.5526910018102,45.93213648821108
986880.0,-1250.6494146853856,46.247744271782935
986940.0,-1319.85747930737,46.54551794194612
987000.0,-1305.149674524282,46.859769722733596
987060.0,-1282.0402299848206,47.170519645239374
987120.0,-1339.5069410348265,47.47576731904528
987180.0,-1255.8446339086863,47.794697543101194
987240.0,-1219.19112604388,48.09370817022231
987300.0,-1259.690641756127,48.38399177166133
987360.0,-1258.5970660746602,48.683918114936596
987420.0,-1412.6917587424628,48.98358408304961
987480.0,-1354.276773552986,49.31993926370257
987540.0,-1321.3831618944491,49.64238611454852
987600.0,-1306.8437963675058,49.95700115309482
987660.0,-1263.5517024748515,50.268154437944226
987720.0,-1314.1988384059403,50.56900008139062
987780.0,-1334.0908262542728,50.88190456672537
987840.0,-1239.353834452506,51.19954523964305
987900.0,-1401.0308446537908,51.49462948594127
987960.0,-1433.5430102447299,51.828208258477886
988020.0,-1414.8983382048655,52.16952802282187
988080.0,-1489.7333805191765,52.506408579537315
988140.0,-1440.0125853490285,52.86110700347045
988200.0,-1556.872036188961,53.20396714283927
988260.0,-1494.1721334935153,53.5746509609795
988320.0,-1478.4108051232492,53.93040623085891
988380.0,-1423.5520287244708,54.2824088035073
988440.0,-1422.8535787564529,54.62134976272741
988500.0,-1556.2742891492564,54.960124424336094
988560.0,-1382.7827980187787,55.33066592175258
988620.0,-1507.2791143323795,55.65989992128086
988680.0,-1510.5646182737446,56.01877590088381
988740.0,-1630.763685450116,56.37843414332994
988800.0,-1579.5891380775238,56.76671121129425
988860.0,-1488.0286322808568,57.14280386321747
988920.0,-1549.412355685126,57.49709639471291
988980.0,-1561.659705045929,57.86600409844747
989040.0,-1562.976191051097,58.23782783774412
989100.0,-1671.625002746216,58.60996502608962
989160.0,-1599.2036524427508,59.00797097912443
989220.0,-1517.2297636151193,59.38873375351556
989280.0,-1544.797501515612,59.749978935328684
989340.0,-1625.7301028259503,60.117787864260976
989400.0,-1532.563870185169,60.50486646017192
989460.0,-1710.0433035950455,60.86976261973982
989520.0,-1700.8600730738303,61.276915787262446
989580.0,-1538.7489751930948,61.68188247132765
989640.0,-1623.8431851352234,62.04825127494505
989700.0,-1683.7570799928467,62.434880604739156
989760.0,-1677.5920944616382,62.835775147594596
989820.0,-1730.466721031552,63.23520183675213
989880.0,-1673.2157614473163,63.64721772271203
989940.0,-1685.656918471261,64.04560242781854
990000.0,-1703.9423475275262,64.44694931316884
990060.0,-1782.3021558702512,64.85264987210397
990120.0,-1704.3587659221407,65.27700752826355
990180.0,-1759.4880118299773,65.68280723443549
990240.0,-1794.2948434531413,66.10173295153787
990300.0,-1666.496072011197,66.5289460095029
990360.0,-1619.6271267221193,66.92573078855318
990420.0,-1640.5081996414876,67.3113562949156
990480.0,-1725.2580909513517,67.70195348530643
990540.0,-1787.3454972008792,68.11272922124724
990600.0,-1782.7213837659738,68.53828767296173
990660.0,-1761.198122842467,68.96274514528696
990720.0,-1817.727718403843,69.38207803167802
990780.0,-1720.3070588223145,69.8148703455837
990840.0,-1928.4461642154172,70.22446726435092
990900.0,-1830.8567699026503,70.68362111297364
990960.0,-1771.803364964778,71.11953939152188
991020.0,-1877.2751713759612,71.54139733556111
991080.0,-1847.6158076290892,71.98836761446016
991140.0,-1804.1727166196436,72.42827614008613
991200.0,-1755.2226096436384,72.85784107261462
991260.0,-1930.4252947633195,73.27575121776786
991320.0,-1941.2863355321601,73.7353762879496
991380.0,-1922.3189911883492,74.19758732021917
991440.0,-1964.106907620962,74.65528231812115
991500.0,-1966.0771207372402,75.12292681993567
991560.0,-1942.6356387705503,75.5910404201112
991620.0,-1816.3896201786893,76.05357271505657
991680.0,-1915.188636526691,76.48604643414674
991740.0,-1900.5876587985485,76.94204372855786
991800.0,-1965.7453164952058,77.39456459970037
991860.0,-1876.2935053071437,77.8625991988659
991920.0,-1807.588944098823,78.30933574774855
991980.0,-1979.1622363515637,78.73971406777208
992040.0,-1828.1296144949936,79.21094317166532
992100.0,-1915.3993575106488,79.64621212749746
992160.0,-1941.8433590828936,80.10225959357143
992220.0,-1924.3779471437783,80.56460325049594
992280.0,-1930.423669666854,81.02278847600635
992340.0,-1847.8383667765668,81.48241315926036
992400.0,-1933.4000658467428,81.92237467515955
992460.0,-1937.4346790503694,82.38270802417067
992520.0,-2000.4178365631863,82.84400199537313
992580.0,-1929.948713082917,83.32029195645961
992640.0,-2042.808227513071,83.77980355481269
992700.0,-1983.8996302789565,84.26618646612532
992760.0,-1822.4235292305716,84.73854352095364
992820.0,-2150.5906435621973,85.17245388505616
992880.0,-1991.206988756745,85.68449927638049
992940.0,-1993.692670262239,86.15859617846543
993000.0,-2028.4071254186902,86.63328490948025
993060.0,-2031.6620009522735,87.1162389869609
993120.0,-2018.5124722662276,87.59996803480668
993180.0,-2043.660446641495,88.08056624248911
993240.0,-2019.7014643882162,88.56715206311804
993300.0,-2066.6935248452887,89.04803336416286
993360.0,-1920.4464153831739,89.54010325103079
993420.0,-2061.2002114932666,89.99735239755059
993480.0,-2016.1282394830619,90.48811435266803
993540.0,-2094.60859750858,90.96814488587829
993600.0,-2002.5751653232405,91.46686121861843
993660.0,-2018.5886428032634,91.94366482940968
993720.0,-2041.4095469794026,92.42428117293427
993780.0,-2132.10906465911,92.91033106507223
993840.0,-2119.4520834234604,93.41797608046726
993900.0,-1976.9115016292862,93.92260752890141
993960.0,-2127.5991535300027,94.39330074357505
994020.0,-2046.980172066052,94.899871970606
994080.0,-2145.692726653387,95.3872482020503
994140.0,-2032.0220251239978,95.89812742268207
994200.0,-2137.1557175921575,96.38194219056874
994260.0,-2157.1441495018503,96.89078878999544
994320.0,-2145.4084291327827,97.40439453987683
994380.0,-2139.144907963528,97.91520607062273
994440.0,-2084.8189552946615,98.0
994500.0,-2108.0525391847405,98.0
994560.0,-2180.9746019273784,98.0
994620.0,-2119.92507660802,98.0
994680.0,-2189.7745767885635,98.0
994740.0,-2085.400382238151,98.0
994800.0,-2077.181956969997,98.0
994860.0,-2130.948135216209,98.0
994920.0,-2115.8599967494565,98.0
994980.0,-2029.6122896849085,98.0
995040.0,-2146.708970563792,98.0
995100.0,-2196.353734559786,98.0
995160.0,-2107.3243169564744,98.0
995220.0,-2212.3452354751726,98.0
995280.0,-2159.262231130118,98.0
995340.0,-2184.7415885285322,98.0
995400.0,-2193.017382780699,98.0
995460.0,-2167.951278869877,98.0
995520.0,-2100.922108718075,98.0
995580.0,-2090.4766752609034,98.0
995640.0,-2103.0772312611703,98.0
995700.0,-2140.232604341582,98.0
995760.0,-2177.572518961476,98.0
995820.0,-2305.206035194411,98.0
995880.0,-2143.235149209715,98.0
995940.0,-2303.5441802109967,98.0
996000.0,-2283.6069101693497,98.0
996060.0,-2179.2565960011952,98.0
996120.0,-2154.9645714891344,98.0
996180.0,-2199.117919526268,98.0
996240.0,-2081.065471269808,98.0
996300.0,-2146.5466005031685,98.0
996360.0,-2190.243331119783,98.0
996420.0,-2093.037168855705,98.0
996480.0,-2083.176583780197,98.0
996540.0,-2147.128153439341,98.0
996600.0,-2225.1260605525963,98.0
996660.0,-2212.2863554460628,98.0
996720.0,-2266.6645539137894,98.0
996780.0,-2182.925891684475,98.0
996840.0,-2243.8345356927994,98.0
996900.0,-2200.9582076088145,98.0
996960.0,-2165.889859923825,98.0
997020.0,-2300.791023203441,98.0
997080.0,-2257.7660658959812,98.0
997140.0,-2212.456008377444,98.0
997200.0,-2185.2307474693143,98.0
997260.0,-2211.6769763813195,98.0
997320.0,-2198.169471044004,98.0
997380.0,-2224.1349414101323,98.0
997440.0,-2268.483469442351,98.0
997500.0,-2213.2907598561965,98.0
997560.0,-2193.612537239948,98.0
997620.0,-2198.9930390958575,98.0
997680.0,-2173.1395989278576,98.0
997740.0,-2154.1219375652518,98.0
997800.0,-2137.690858083694,98.0
997860.0,-2215.8768925815057,98.0
997920.0,-2271.611684050617,98.0
997980.0,-2099.8987846839177,98.0
998040.0,-2152.129197858231,98.0
998100.0,-2231.5278163623457,98.0
998160.0,-2156.5086747666887,98.0
998220.0,-2107.9450244874506,98.0
998280.0,-2067.0587249080577,98.0
998340.0,-2154.4882385993237,98.0
998400.0,-2104.5911427188503,98.0
998460.0,-2239.3250774065336,98.0
998520.0,-2167.4117988881208,98.0
998580.0,-2183.7982474100972,98.0
998640.0,-2141.5143942865852,98.0
998700.0,-2063.6993598075533,98.0
998760.0,-2143.611430768292,98.0
998820.0,-2213.0315025421883,98.0
998880.0,-2230.6731823119903,98.0
998940.0,-2054.1485019287925,98.0
999000.0,-2120.027854197663,98.0
999060.0,-2121.862535618338,98.0
999120.0,-2167.1951536107536,98.0
999180.0,-2128.2554084831904,98.0
999240.0,-2201.232644558133,98.0
999300.0,-2116.4032736949785,98.0
999360.0,-2207.679802045864,98.0
999420.0,-2156.2297199601976,98.0
999480.0,-2170.663331667328,98.0
999540.0,-2324.8817532186686,98.0
999600.0,-2147.5285017591027,98.0
999660.0,-2177.869914738552,98.0
999720.0,-2133.7098438079393,98.0
999780.0,-2118.064704246004,98.0
999840.0,-2009.1070035661025,98.0
999900.0,-2093.848583688578,98.0
999960.0,-2088.9660562922004,98.0
1000020.0,-2076.0912968957828,98.0
1000080.0,-2050.2686883111915,98.0
1000140.0,-2072.003403157036,98.0
1000200.0,-2078.9744022529485,98.0
1000260.0,-2049.7535692599135,98.0
1000320.0,-2234.5119855794815,98.0
1000380.0,-1959.9908471832568,98.0
1000440.0,-1986.3048124349139,98.0
1000500.0,-2064.94991380334,98.0
1000560.0,-2158.982854927154,98.0
1000620.0,-1997.740965000777,98.0
1000680.0,-2108.0893813888197,98.0
1000740.0,-2030.4565742747936,98.0
1000800.0,-2135.4272268878353,98.0
1000860.0,-1920.7701148503184,98.0
1000920.0,-2136.7251282591296,98.0
1000980.0,-2041.8266834398091,98.0
1001040.0,-2169.0071150681165,98.0
1001100.0,-2039.7957536707627,98.0
1001160.0,-2058.422715718674,98.0
1001220.0,-1960.1946542164242,98.0
1001280.0,-2049.405523082494,98.0
1001340.0,-1950.9596760377583,98.0
1001400.0,-2076.0560851978494,98.0
1001460.0,-2026.7959278107437,98.0
1001520.0,-2020.8001545655213,98.0
1001580.0,-1970.4953453763467,98.0
1001640.0,-1973.2116026342337,98.0
1001700.0,-1947.0024045330856,98.0
1001760.0,-1969.2865460511152,98.0
1001820.0,-1940.516790638774,98.0
1001880.0,-2028.9058522927123,98.0
1001940.0,-1946.4836820203416,98.0
1002000.0,-1868.0362937215918,98.0
1002060.0,-2059.9849393062486,98.0
1002120.0,-1924.441513017013,98.0
1002180.0,-1907.7119323289126,98.0
1002240.0,-1855.1245970186646,98.0
1002300.0,-1893.6505784609317,98.0
1002360.0,-1925.5528308023706,98.0
1002420.0,-1900.0667922744383,98.0
1002480.0,-1964.2140820039974,98.0
1002540.0,-1937.5719846067896,98.0
1002600.0,-1988.5598502248001,98.0
1002660.0,-1813.2616122789857,98.0
1002720.0,-1869.4818051107356,98.0
1002780.0,-1945.4082464621167,98.0
1002840.0,-1868.0529663932389,98.0
1002900.0,-1808.6092763307427,98.0
1002960.0,-1812.3814638912427,98.0
1003020.0,-1921.329536112434,98.0
1003080.0,-2047.3673587308754,98.0
1003140.0,-1829.2235142276995,98.0
1003200.0,-1899.7125917683998,98.0
1003260.0,-1802.6588302736868,98.0
1003320.0,-1776.4249048974955,98.0
1003380.0,-1760.0106197148393,98.0
1003440.0,-1715.4767371136127,98.0
1003500.0,-1739.2576450727552,98.0
1003560.0,-1701.6896117971924,98.0
1003620.0,-1717.0882444211265,98.0
1003680.0,-1704.9742319600555,98.0
1003740.0,-1788.4611509105853,98.0
1003800.0,-1856.3770372834474,98.0
1003860.0,-1623.036496684468,98.0
1003920.0,-1761.0979280662536,98.0
1003980.0,-1684.002405228142,98.0
1004040.0,-1783.538818414024,98.0
1004100.0,-1685.4323389514443,98.0
1004160.0,-1882.6590231941734,98.0
1004220.0,-1753.2298112225562,98.0
1004280.0,-1727.098568218093,98.0
1004340.0,-1685.9770502735223,98.0
1004400.0,-1641.901013763195,98.0
1004460.0,-1764.3095003763144,98.0
1004520.0,-1651.451045849265,98.0
1004580.0,-1609.7873814644468,98.0
1004640.0,-1534.921288841395,98.0
1004700.0,-1625.5174801667204,98.0
1004760.0,-1687.6755565691399,98.0
1004820.0,-1728.5522507760886,98.0
1004880.0,-1534.5868150533267,98.0
1004940.0,-1592.1426996011253,98.0
1005000.0,-1629.697971600205,98.0
1005060.0,-1717.5169789817865,98.0
1005120.0,-1668.099870717325,98.0
1005180.0,-1566.2033489874789,98.0
1005240.0,-1574.6593739688792,98.0
1005300.0,-1704.4293711664375,98.0
1005360.0,-1541.406456727102,98.0
1005420.0,-1665.1370174432711,98.0
1005480.0,-1481.4120729698805,98.0
1005540.0,-1541.7154934738876,98.0
1005600.0,-1573.5650904429494,98.0
1005660.0,-1477.8365017837555,98.0
1005720.0,-1507.4770469639748,98.0
1005780.0,-1440.5881539623106,98.0
1005840.0,-1506.6079249343368,98.0
1005900.0,-1494.4160775523355,98.0
1005960.0,-1511.125451767784,98.0
1006020.0,-1469.4542744154892,98.0
1006080.0,-1374.5341011578946,98.0
1006140.0,-1497.713112295496,98.0
1006200.0,-1419.7636023483897,98.0
1006260.0,-1502.519000970753,98.0
1006320.0,-1564.7058981160985,98.0
1006380.0,-1419.2224275348503,98.0
1006440.0,-1400.3722892927017,98.0
1006500.0,-1420.085322029312,98.0
1006560.0,-1494.0862308553162,98.0
1006620.0,-1376.8734982396406,98.0
1006680.0,-1369.9170065566032,98.0
1006740.0,-1429.947045211958,98.0
1006800.0,-1448.5144949978635,98.0
1006860.0,-1373.0937708439085,98.0
1006920.0,-1309.3812271955683,98.0
1006980.0,-1314.1254692903562,98.0
1007040.0,-1382.5043214879786,98.0
1007100.0,-1311.9298158724678,98.0
1007160.0,-1257.3711215508965,98.0
1007220.0,-1371.374494450708,98.0
1007280.0,-1287.6038334881928,98.0
1007340.0,-1201.3563556874929,98.0
1007400.0,-1348.5357566722998,98.0
1007460.0,-1192.976916498982,98.0
1007520.0,-1155.3898681968594,98.0
1007580.0,-1256.070325257358,98.0
1007640.0,-1253.47994991806,98.0
1007700.0,-1161.0400722419638,98.0
1007760.0,-1224.285036463091,98.0
1007820.0,-1344.3617724550193,98.0
1007880.0,-1199.1245918971547,98.0
1007940.0,-1154.961524400309,98.0
1008000.0,-1128.735990871111,98.0
1008060.0,-1215.9007595245437,98.0
1008120.0,-1169.1401088383332,98.0
1008180.0,-1084.1940008045726,98.0
1008240.0,-1136.2324323933817,98.0
1008300.0,-1214.1488793187664,98.0
1008360.0,-1037.9267346580675,98.0
1008420.0,-1114.7607502867554,98.0
1008480.0,-1026.1390237523988,98.0
1008540.0,-1165.0069333795568,98.0
1008600.0,-1078.1757722048642,98.0
1008660.0,-1029.93943350011,98.0
1008720.0,-1055.329646205235,98.0
1008780.0,-1110.6293613543949,98.0
1008840.0,-1172.3762435300987,98.0
1008900.0,-927.2625636841426,98.0
1008960.0,-993.238328571628,98.0
1009020.0,-927.5467854672273,98.0
1009080.0,-931.2413686333759,98.0
1009140.0,-940.5301718850611,98.0
1009200.0,-984.9738571145976,98.0
1009260.0,-925.6337725541837,98.0
1009320.0,-858.3676559307787,98.0
1009380.0,-928.6135924626724,98.0
1009440.0,-808.7412344800821,98.0
1009500.0,-1002.0327199223615,98.0
1009560.0,-997.6814851594777,98.0
1009620.0,-831.1578656972581,98.0
1009680.0,-928.7186141160219,98.0
1009740.0,-746.1221371625354,98.0
1009800.0,-777.5872505604893,98.0
1009860.0,-751.6563049156847,98.0
1009920.0,-782.9051828993306,98.0
1009980.0,-880.3054748441732,98.0
1010040.0,-913.5888123779896,98.0
1010100.0,-713.3076961594293,98.0
1010160.0,-881.9761737637589,98.0
1010220.0,-685.8657406059147,98.0
1010280.0,-729.7193485373684,98.0
1010340.0,-763.3897602883819,98.0
1010400.0,-721.1915908692102,98.0
1010460.0,-708.6788066490328,98.0
1010520.0,-737.6051397624842,98.0
1010580.0,-628.7664686859256,98.0
1010640.0,-619.6542671255934,98.0
1010700.0,-682.6133105668958,98.0
1010760.0,-716.7515274748425,98.0
1010820.0,-591.1785822536838,98.0
1010880.0,-779.6589005626704,98.0
1010940.0,-620.4272014385543,98.0
1011000.0,-591.4283019099848,98.0
1011060.0,-674.2330908915376,98.0
1011120.0,-554.8217056495348,98.0
1011180.0,-603.5370907503095,98.0
1011240.0,-623.3898777683617,98.0
1011300.0,-521.5378146572409,98.0
1011360.0,-633.1456335887043,98.0
1011420.0,-504.5169329787868,98.0
1011480.0,-664.2644973640756,98.0
1011540.0,-516.8284982333664,98.0
1011600.0,-519.9796500469222,98.0
1011660.0,-543.624680243504,98.0
1011720.0,-476.4918659091467,98.0
1011780.0,-493.26442905546156,98.0
1011840.0,-413.8244594068259,98.0
1011900.0,-432.1089091984581,98.0
1011960.0,-427.16457560871294,98.0
1012020.0,-425.4200125378709,98.0
1012080.0,-459.8650368159797,98.0
1012140.0,-438.2452629651012,98.0
1012200.0,-393.84547346373716,98.0
1012260.0,-407.7414891397653,98.0
1012320.0,-319.2551284085834,98.0
1012380.0,-368.939319162139,98.0
1012440.0,-340.594803706614,98.0
1012500.0,-435.92353835392714,98.0
1012560.0,-283.7824277332492,98.0
1012620.0,-363.86526015220016,98.0
1012680.0,-380.1783500092422,98.0
1012740.0,-207.47879875997234,98.0
1012800.0,-253.03088194795214,98.0
1012860.0,-224.90890250056884,98.0
1012920.0,-244.9204866161885,98.0
1012980.0,-266.4449509586739,98.0
1013040.0,-266.30872989100067,98.0
1013100.0,-191.47432500763762,98.0
1013160.0,-158.9710339001744,98.0
1013220.0,-219.72818145015782,98.0
1013280.0,-80.01426426975127,98.0
1013340.0,-204.95130117779388,98.0
1013400.0,-265.5147059637892,98.0
1013460.0,-273.9452340418722,98.0
1013520.0,-260.71873514865445,98.0
1013580.0,-173.0989650921431,98.0
1013640.0,-151.030125961956,98.0
1013700.0,-85.01365205493084,98.0
1013760.0,-116.56956642174987,98.0
1013820.0,-53.158228735500586,98.0
1013880.0,-89.99937836357628,98.0
1013940.0,-80.84028418378222,98.0
1014000.0,-105.28837500781879,98.0
1014060.0,25.70347875018888,98.0
1014120.0,-140.58482331701958,97.9938801241071
1014180.0,-19.691846776169143,98.0
1014240.0,-37.77613933779668,98.0
1014300.0,30.88836634056213,98.0
1014360.0,-6.440838858288544,97.99264562706178
1014420.0,6.117782611802568,97.99417916012327
1014480.0,0.35417064603444715,97.9927225452157
1014540.0,110.66320931591423,97.9926382188714
1014600.0,37.88806564063458,97.96628983570095
1014660.0,166.55798823704686,97.95726886769127
1014720.0,75.30694810341464,97.9176122038253
1014780.0,70.82759892254961,97.89968197808639
1014840.0,71.30761033197388,97.8828182640572
1014900.0,124.34123555352932,97.86584026159721
1014960.0,65.59461030971727,97.83623520551303
1015020.0,120.00575148456568,97.82061744115357
1015080.0,122.06221606261482,97.79204464318106
1015140.0,151.35000926245266,97.7629822107852
1015200.0,163.04503724546197,97.72694649429414
1015260.0,176.31643493116263,97.68812624733093
1015320.0,167.9885228773008,97.6461461437759
1015380.0,266.4708139045987,97.60614887642416
1015440.0,207.66924949850528,97.54270344454211
1015500.0,348.594624026793,97.49325838513771
1015560.0,205.0847076356892,97.41025966513133
1015620.0,269.4228669764989,97.36142997283713
1015680.0,178.05423186873134,97.29728167117605
1015740.0,315.32670041677824,97.2548878064454
1015800.0,198.61587034182915,97.17981002063188
1015860.0,277.74888182767336,97.13252052769334
1015920.0,243.98190396559272,97.0663898415439
1015980.0,296.3456641489854,97.00829891202828
1016040.0,264.4396657473779,96.93774042056424
1016100.0,240.3973253305487,96.87477859538629
1016160.0,280.603040416004,96.81754113697426
1016220.0,398.4586596458047,96.75073088925616
1016280.0,342.9830439095367,96.65585977981668
1016340.0,246.51353693553054,96.5741971503144
1016400.0,398.37910802945936,96.51550345104404
1016460.0,287.88848470247393,96.4206512824656
1016520.0,394.61367386085305,96.35210640515548
1016580.0,391.74236805451994,96.25815076852194
1016640.0,403.9769199587254,96.164878776128
1016700.0,486.5388493434193,96.06869379518545
1016760.0,333.87946318402976,95.95285121200845
1016820.0,428.3950233164472,95.87335610172654
1016880.0,475.3688030937677,95.7713572866512
1016940.0,369.1335397664561,95.65817423829553
1017000.0,370.821399979053,95.5702853002559
1017060.0,406.05749619700896,95.48199449073708
1017120.0,450.38189443174645,95.3853141344997
1017180.0,353.7629181913279,95.27808035011118
1017240.0,478.85091523479184,95.19385108387515
1017300.0,368.51781448905535,95.0798389612002
1017360.0,537.7511101800078,94.99209662441709
1017420.0,497.98050848027987,94.8640606458028
1017480.0,588.8159724630925,94.7454938580694
1017540.0,520.8942301775095,94.60529957891151
1017600.0,469.08428016226503,94.48127714315497
1017660.0,445.9114095467673,94.369590409783
1017720.0,514.4831980138543,94.26342102655758
1017780.0,504.50386057004783,94.14092502703048
1017840.0,583.5034851209698,94.02080506022808
1017900.0,462.476647642833,93.88187565900881
1017960.0,645.1438424874442,93.7717621714748
1018020.0,605.904080327455,93.61815649469207
1018080.0,522.5595379586869,93.47389361842363
1018140.0,647.8127684959405,93.34947468081442
1018200.0,497.9399870719066,93.19523354545825
1018260.0,562.0503705797929,93.07667640567922
1018320.0,477.7074861875154,92.9428548888745
1018380.0,669.4527938428921,92.82911501121082
1018440.0,463.9468972718415,92.66972148886727
1018500.0,480.2469881388442,92.55925794189778
1018560.0,532.204697986977,92.44491342091234
1018620.0,652.9427261485054,92.31819801662972
1018680.0,633.8692881436267,92.16273546278484
1018740.0,586.4635300045674,92.01181420370303
1018800.0,642.2213867874055,91.87218002989242
1018860.0,575.3689954213118,91.71927017589542
1018920.0,608.8107869241774,91.58227755793796
1018980.0,683.7026831809527,91.4373226086703
1019040.0,570.8984550065264,91.27453625553198
1019100.0,540.7717148534068,91.138608051959
1019160.0,615.996494086009,91.0098528817558
1019220.0,633.1720347614067,90.86318704983057
1019280.0,596.3247363909436,90.71243180345881
1019340.0,650.8036158926786,90.57044972336573
1019400.0,579.3882948486864,90.41549648148651
1019460.0,599.9396364729826,90.27754688747493
1019520.0,615.5440286111804,90.13470411688613
1019580.0,611.0531988092118,89.98814601483585
1019640.0,691.3089049289729,89.84265715797652
1019700.0,617.3458658603907,89.67805979966009
1019760.0,577.5568175276502,89.53107268874095
1019820.0,628.0466464872259,89.39355916075817
1019880.0,657.4337255871076,89.24402424492789
1019940.0,643.8496675969654,89.08749240550239
1020000.0,640.9746149340326,88.93419486559834
1020060.0,508.37135910659725,88.78158186204261
1020120.0,449.0692546379473,88.66054106225533
1020180.0,675.4588297615555,88.55361981115107
1020240.0,625.5545325523298,88.39279628025545
1020300.0,598.1656480939195,88.24385472488585
1020360.0,641.3132733039632,88.10143433248254
1020420.0,715.4442056978551,87.9487406959816
1020480.0,684.7254608659254,87.7783968374821
1020540.0,657.7116300966512,87.61536696584736
1020600.0,546.7964620300414,87.45876895868149
1020660.0,554.5709475503412,87.32857932486482
1020720.0,456.7293100330783,87.19653862306711
1020780.0,637.8164179909954,87.08779354924971
1020840.0,666.1721234848238,86.9359324973471
1020900.0,670.8709758623263,86.77732008699357
1020960.0,639.7489140565683,86.61758890226444
1021020.0,589.6989459506793,86.46526773225098
1021080.0,564.7633639337583,86.32486322131034
1021140.0,548.7324799519935,86.19039575370707
1021200.0,588.040669714342,86.05974516324231
1021260.0,538.7259658720509,85.91973547997699
1021320.0,702.2599190714152,85.7914673928646
1021380.0,518.225451213829,85.62426265022856
1021440.0,583.9677490095779,85.50087563803478
1021500.0,478.99938605451837,85.3618356977944
1021560.0,612.3058988495258,85.24778822492428
1021620.0,593.6685139415373,85.10200110615058
1021680.0,571.6621144389914,84.96065145997403
1021740.0,536.3198799361697,84.82454143272665
1021800.0,591.6115531579541,84.69684622321803
1021860.0,557.9330836694623,84.555986329609
1021920.0,581.4857988002267,84.42314511921151
1021980.0,706.2013764269933,84.28469611949717
1022040.0,598.1048241799438,84.1165529346336
1022100.0,618.7261045781512,83.97414702411457
1022160.0,557.8277008579496,83.8268312849293
1022220.0,537.5329880611,83.6940151656774
1022280.0,582.0875973611787,83.56603112090094
1022340.0,732.5293791951141,83.42743883581495
1022400.0,563.8401524237302,83.25302707886374
1022460.0,601.5277453707122,83.11877942352476
1022520.0,528.85734034935,82.97555853176982
1022580.0,411.9292688405527,82.84964011740092
1022640.0,528.5050829958718,82.75156172005794
1022700.0,717.3524152996595,82.62572717648749
1022760.0,608.8141389188066,82.45492898236851
1022820.0,670.0935460186365,82.3099732350069
1022880.0,549.2891362068641,82.1504271526215
1022940.0,427.2245024108022,82.01964402495321
1023000.0,500.5617766805799,81.91792390533159
1023060.0,589.3243379228235,81.79874252993146
1023120.0,578.1473525675923,81.65842721137841
1023180.0,561.6224498519683,81.5207730798147
1023240.0,528.7605448519428,81.38705344889756
1023300.0,615.256857112803,81.26115808107566
1023360.0,527.0629469473571,81.11466835319166
1023420.0,573.8545784329652,80.98917717534705
1023480.0,565.3196555161488,80.85254513286301
1023540.0,529.6773988541009,80.71794521488297
1023600.0,497.07114893997596,80.59183154848914
1023660.0,522.444872326924,80.473481274932
1023720.0,658.6127669623811,80.34908963866368
1023780.0,611.0287545145018,80.19227707510122
1023840.0,603.5678978708665,80.04679403831204
1023900.0,493.1963443923583,79.90308739596183
1023960.0,452.1399420475892,79.78565969491603
1024020.0,602.1862630897608,79.67800732776185
1024080.0,588.6567824867545,79.53462964607381
1024140.0,540.55929537043,79.39447326929125
1024200.0,508.0256977658752,79.26576867515544
1024260.0,440.3359241158679,79.14481017568738
1024320.0,578.1125765032558,79.03996828899312
1024380.0,595.1146952826069,78.90232243744472
1024440.0,481.0618328348136,78.76062846237744
1024500.0,473.89560507040665,78.64608993075011
1024560.0,591.943573310547,78.53325764382858
1024620.0,476.781003156081,78.39231869780225
1024680.0,619.8348955002368,78.27879941133652
1024740.0,504.33265111810357,78.13121967431266
1024800.0,485.45325128610654,78.0111404716655
1024860.0,509.1120157908108,77.89555636421643
1024920.0,480.9542589139522,77.77433921759958
1024980.0,569.4602376238274,77.65982629881054
1025040.0,552.7607957989426,77.52424052794773
1025100.0,562.6132748152505,77.39263081466227
1025160.0,506.10346141282383,77.25867527303959
1025220.0,465.34770716044903,77.13817444889368
1025280.0,489.87380466442016,77.02737737576024
1025340.0,462.55711806062357,76.91074075560205
1025400.0,573.7692501616345,76.80060810844476
1025460.0,543.5783072283789,76.6639963822158
1025520.0,475.6134480646259,76.53457297573286
1025580.0,423.1744357403297,76.42133167857462
1025640.0,568.8671927047556,76.32057586054121
1025700.0,482.26813459748297,76.1851312908496
1025760.0,463.9043252182681,76.07030554451686
1025820.0,562.3384429041866,75.9598521337506
1025880.0,436.4054819906507,75.82596202829723
1025940.0,445.5087498280576,75.7220559611566
1026000.0,448.44019399687585,75.61598244929277
1026060.0,380.93294705325934,75.50921097453161
1026120.0,476.5131643040157,75.41851265380464
1026180.0,409.4714537298358,75.30505713849416
1026240.0,418.6136470518251,75.20756393522515
1026300.0,408.2379098086755,75.10789401926043
1026360.0,412.92974013277933,75.01069451692503
1026420.0,395.47236813094696,74.9123779121315
1026480.0,458.29727621292375,74.81821782448128
1026540.0,431.7904637747586,74.70909942538296
1026600.0,441.6731158256536,74.60629217210325
1026660.0,577.6919568845487,74.50113190643047
1026720.0,424.8090165667595,74.36358620241035
1026780.0,468.1240256526008,74.26244119846588
1026840.0,472.64357771330975,74.15098309712002
1026900.0,423.44606836497877,74.03844891195018
1026960.0,441.35217768876544,73.93762841948234
1027020.0,423.8812453828622,73.83254456765168
1027080.0,432.5167933286773,73.73162046160814
1027140.0,382.90547137443065,73.62864027272036
1027200.0,386.18667566359056,73.5374723033455
1027260.0,414.6076747669481,73.44552309485417
1027320.0,293.0416301431768,73.34680698181442
1027380.0,498.89465377532855,73.27703516511367
1027440.0,536.5675284592808,73.15825072373859
1027500.0,414.93453266734366,73.03049655029591
1027560.0,442.45122173907026,72.93170261394654
1027620.0,465.20853557679,72.82635708496105
1027680.0,318.6997016238746,72.71559314791895
1027740.0,451.7245259975041,72.63971226657993
1027800.0,368.3029140114621,72.5321588080091
1027860.0,529.2080235711052,72.44446763800637
1027920.0,378.35839610510595,72.3184657276323
1027980.0,442.04874345672636,72.22838039522632
1028040.0,374.7716101708889,72.1231306944033
1028100.0,515.2115504983765,72.03389935864833
1028160.0,350.61787157565277,71.911229941863
1028220.0,449.2286789568865,71.82774949624975
1028280.0,414.90431686358824,71.7207902869743
1028340.0,399.55860651586227,71.62200354486393
1028400.0,387.0531283111081,71.52687054331254
1028460.0,331.32114723421694,71.4347150365718
1028520.0,214.22449070776392,71.35582904913508
1028580.0,431.9143325852753,71.30482321801419
1028640.0,336.20056101664017,71.20198647216056
1028700.0,433.8043721963442,71.12193871953755
1028760.0,382.8452200450367,71.01865196425271
1028820.0,431.89145634437,70.92749834043246
1028880.0,406.1401626393838,70.82466704130285
1028940.0,208.31348104195604,70.72796700257918
1029000.0,391.2756706383794,70.67836855471205
1029060.0,331.9664414417381,70.58520768075053
1029120.0,420.7110986101957,70.50616805183583
1029180.0,384.5248696007445,70.40599874264292
1029240.0,383.4911974365568,70.3144452022618
1029300.0,329.2578637381255,70.22313777430071
1029360.0,289.134267028842,70.14474304483925
1029420.0,316.23454003805944,70.07590155268952
1029480.0,232.5503256538055,70.00060761458522
1029540.0,303.4783903159806,69.94523848942956
1029600.0,249.4237270996877,69.87298172983051
1029660.0,249.402237498084,69.81359512814011
1029720.0,341.0680235899389,69.75421364302152
1029780.0,364.5540631647888,69.6730069707382
1029840.0,329.05460399094926,69.58620838427039
1029900.0,299.5051383701334,69.50786204998683
1029960.0,271.0777133232742,69.43655130275584
1030020.0,307.3995405748873,69.37200899005983
1030080.0,275.62593256239904,69.29881862325628
1030140.0,319.7369319492091,69.23319340121762
1030200.0,230.7815798072336,69.15706556027733
1030260.0,362.7384741632899,69.10211756508514
1030320.0,285.24267735472455,69.01575126171292
1030380.0,340.464238021262,68.94783633853322
1030440.0,369.7655330381358,68.86677342471863
1030500.0,334.8669152100553,68.7787340120905
1030560.0,361.8237221090289,68.69900379418334
1030620.0,188.57815276055095,68.61285528891929
1030680.0,281.7243760985688,68.56795572873821
1030740.0,376.2184436028656,68.5008784963338
1030800.0,339.34440516411144,68.41130267642835
1030860.0,418.4738557350903,68.33050638948451
1030920.0,408.62286418911367,68.23086975716663
1030980.0,323.1479937464889,68.13357859902636
1031040.0,288.8845347924621,68.0566386005153
1031100.0,245.3459679644075,67.98785656842186
1031160.0,273.1709603443961,67.92944086176367
1031220.0,276.1098757866438,67.86440015691976
1031280.0,263.9128708558779,67.7986597103039
1031340.0,243.32848526516295,67.73582331248106
1031400.0,321.46194438413715,67.6778879588465
1031460.0,398.12187198636246,67.6013494006598
1031520.0,351.29245099803535,67.50655847875828
1031580.0,274.942671269275,67.42291741899685
1031640.0,354.13757322794197,67.35745487821845
1031700.0,313.11985804243443,67.27313640840227
1031760.0,288.92035995741134,67.1985840612493
1031820.0,284.2337761431481,67.12979349935469
1031880.0,277.4998033592119,67.06211879074918
1031940.0,327.65165122080725,66.99604740899699
1032000.0,296.07560575309554,66.91803511108726
1032060.0,243.113836784223,66.84754091924128
1032120.0,239.34780866985247,66.78965667238789
1032180.0,303.4686692185376,66.73266909889507
1032240.0,310.00459878106466,66.66041465384303
1032300.0,264.68409703238143,66.58660403508564
1032360.0,214.75351479184621,66.52358401198269
1032420.0,356.9486529253316,66.47245222274654
1032480.0,343.4388426824107,66.38746444824051
1032540.0,161.12655056129526,66.30569329522089
1032600.0,360.0052714166982,66.26732983080153
1032660.0,266.36730993035843,66.18161428998803
1032720.0,289.59487513034304,66.11819350190937
1032780.0,345.79288084483835,66.04924234116406
1032840.0,375.9695484609169,65.96691070286766
1032900.0,336.32056156117966,65.8773941437103
1032960.0,289.95541824497207,65.79731781952907
1033020.0,192.31343263069348,65.72828081518503
1033080.0,152.6494121355785,65.68249190265391
1033140.0,326.29728827348475,65.6461468045264
1033200.0,353.5268057604543,65.56845697398509
1033260.0,223.53614921124333,65.48428392499451
1033320.0,255.65034161142077,65.43106103232518
1033380.0,237.8357477207408,65.37019190337007
1033440.0,235.6843413065363,65.31356434438894
1033500.0,334.6745651231602,65.25744902503024
1033560.0,282.74955495716466,65.17776460476283
1033620.0,255.37828699344942,65.11044328215398
1033680.0,428.0733731144039,65.04963892810792
1033740.0,182.06129396778277,64.94771669641402
1033800.0,300.51660156671034,64.90436876927883
1033860.0,204.22946470544457,64.83281719747724
1033920.0,257.25883539745325,64.78419113445213
1033980.0,275.17072267273045,64.72293903078607
1034040.0,316.4858467757587,64.65742219205447
1034100.0,249.70701305853126,64.58206841901261
1034160.0,242.9388313347872,64.5226143682844
1034220.0,247.79819818708012,64.46477178939516
1034280.0,199.3433564278863,64.40577221839824
1034340.0,301.6857774307216,64.35830951448683
1034400.0,280.2432140771025,64.28647956747952
1034460.0,289.09835940776924,64.21975499269925
1034520.0,258.4497063141058,64.15092204998311
1034580.0,250.6924528733662,64.0893864056226
1034640.0,332.45262945096135,64.02969772636705
1034700.0,322.8837502132094,63.950542338402535
1034760.0,346.13286512224465,63.87366525501844
1034820.0,283.27691654634964,63.79125266808457
1034880.0,341.76552820292767,63.72380578319258
1034940.0,235.33299835021543,63.64243303838236
1035000.0,247.94681810611274,63.5864013721085
1035060.0,331.41148219141417,63.527366415416566
1035120.0,310.0256346010843,63.44845891965671
1035180.0,241.71546903397737,63.374643292370735
1035240.0,196.0962501163327,63.31709199021979
1035300.0,246.37009797685525,63.27040240685876
1035360.0,217.25886268116065,63.21174285972141
1035420.0,361.57086862790266,63.16001455908304
1035480.0,303.4593214674352,63.07392625702877
1035540.0,211.6641467398363,63.001674037631766
1035600.0,194.68892211888385,62.95127781221752
1035660.0,210.46458787508516,62.90492330695112
1035720.0,223.41486885254972,62.85481269079038
1035780.0,246.7292226905443,62.80161867439692
1035840.0,323.3966350571886,62.74287362137536
1035900.0,198.33104121574323,62.66587442255222
1035960.0,393.4979838197355,62.618652746072286
1036020.0,199.33679208091573,62.52496274992473
1036080.0,171.20624156593388,62.477501608953084
1036140.0,356.866817180982,62.436738218104054
1036200.0,334.6682919401336,62.351769928299056
1036260.0,244.2813472587964,62.272087001646646
1036320.0,277.9363107748875,62.21392477610884
1036380.0,279.28928186070607,62.14774946401958
1036440.0,262.9411997724421,62.08125201595751
1036500.0,176.79744978262744,62.018646968392645
1036560.0,105.52030194238722,61.976552337492016
1036620.0,203.61111142913745,61.95142845607716
1036680.0,363.1244328769968,61.9029496200226
1036740.0,365.3445000598596,61.81649142171856
1036800.0,234.28978328326141,61.72950463599002
1036860.0,192.52214790579956,61.67372135425591
1036920.0,266.6872745545964,61.62788274761167
1036980.0,276.3388732224478,61.56438577747962
1037040.0,286.04317278649097,61.498590807664755
1037100.0,98.37828080476154,61.43048529033464
1037160.0,439.4653729634409,61.40706189014303
1037220.0,317.94848218928377,61.302427277532686
1037280.0,238.12818007000612,61.22672525796381
1037340.0,206.89134468870054,61.17002807223285
1037400.0,309.238344364701,61.12076822825935
1037460.0,279.7236798626498,61.04714005102966
1037520.0,255.52885250397145,60.980539174871886
1037580.0,277.50008152406303,60.91969897189475
1037640.0,243.2368275600985,60.853627523912834
1037700.0,274.1117400908281,60.79571399354138
1037760.0,293.58177556763457,60.730449293519754
1037820.0,270.59901734873887,60.66054887076555
1037880.0,267.455319229808,60.596120533301566
1037940.0,333.5716137858464,60.53244069538971
1038000.0,154.17357912969692,60.45301888258356
1038060.0,202.1270701250437,60.416310887552676
1038120.0,251.59364858669193,60.36818539466576
1038180.0,206.20795309057962,60.30828214500226
1038240.0,226.23805646339787,60.259185013314024
1038300.0,327.2645164806175,60.205318809394164
1038360.0,241.06175188102762,60.12739868642259
1038420.0,140.2473495339973,60.07000303121282
1038480.0,224.5995083875477,60.0366108051333
1038540.0,253.4868036245971,59.98313473170769
1038600.0,252.38138623730578,59.92278073084469
1038660.0,283.3622619751573,59.86268992459772
1038720.0,278.4633312824252,59.79522271936554
1038780.0,241.67045229427907,59.72892192620306
1038840.0,178.41763423419613,59.671381342323464
1038900.0,223.53166627704843,59.62890095322008
1038960.0,212.63342975729785,59.575679127916025
1039020.0,232.89379691600726,59.525052120830956
1039080.0,291.47013926962984,59.46960121680333
1039140.0,274.24619437130616,59.40020356459628
1039200.0,299.4403746444987,59.334906851650736
1039260.0,226.95504221933214,59.263611524354424
1039320.0,340.501683355884,59.2095746095403
1039380.0,290.3703510616044,59.128502780169846
1039440.0,256.73412450409177,59.05936698229804
1039500.0,286.20084220311725,58.99823980979706
1039560.0,209.45442608819002,58.93009675212966
1039620.0,123.4748021338731,58.880226650680086
1039680.0,213.59827739520608,58.85082788826726
1039740.0,294.8474817685134,58.79997115555412
1039800.0,254.81303188260233,58.72976937418066
1039860.0,241.79000670842515,58.6690996046848
1039920.0,199.1296768206735,58.61153055546851
1039980.0,132.65053797297554,58.56411872765407
1040040.0,335.49083173413504,58.53253526623193
1040100.0,237.52641746716685,58.452656496771425
1040160.0,224.2278311252609,58.39610258785067
1040220.0,209.70134269146558,58.34271500901132
1040280.0,325.271476712111,58.29278611789431
1040340.0,302.88118684260166,58.21534052820095
1040400.0,191.96578105179256,58.14322595990509
1040460.0,319.87273842603264,58.09751982155942
1040520.0,241.29594788036206,58.0213596457437
1040580.0,213.36765516481978,57.96390822958171
1040640.0,232.3834576680942,57.91310640692342
1040700.0,203.00238135231822,57.85777701224054
1040760.0,170.74760687772402,57.80944311191856
1040820.0,296.56810886681325,57.76878891980482
1040880.0,236.7579786098613,57.698177465312725
1040940.0,287.03286280124297,57.641806518024666
1041000.0,267.2331127962248,57.57346536021485
1041060.0,282.9128033772446,57.5098384285967
1041120.0,127.24115387454866,57.44247823731641
1041180.0,197.99477459703297,57.412182724489135
1041240.0,284.16230422788743,57.365041111489845
1041300.0,173.5106087246296,57.297383420007016
1041360.0,272.384389141162,57.25607137031068
1041420.0,166.55824547818423,57.191217944324684
1041480.0,250.98719804994064,57.15156121921083
1041540.0,346.6000242092231,57.09180236253228
1041600.0,296.47665198690964,57.009278547244364
1041660.0,138.95623587725183,56.93868886819986
1041720.0,300.9030280166768,56.905604050133846
1041780.0,359.335092001217,56.83396047203464
1041840.0,417.8218174956495,56.74840449774864
1041900.0,278.5054637298977,56.64892311263063
1041960.0,168.13579102682695,56.58261228793303
1042020.0,276.08173679437215,56.54257995673617
1042080.0,345.7631506520536,56.476846209880364
1042140.0,238.77592592138478,56.394521650201305
1042200.0,312.5878397015637,56.337670239267645
1042260.0,199.62521805864807,56.26324456314823
1042320.0,272.3426932784447,56.21571474932474
1042380.0,100.6268341378703,56.15087125092511
1042440.0,192.9815963997175,56.12691248089228
1042500.0,249.63460251381048,56.08096448174949
1042560.0,228.20056783931486,56.021527671627155
1042620.0,171.96506115705256,55.96719420309398
1042680.0,220.02288745131997,55.92625014091373
1042740.0,269.7817207513532,55.87386373913961
1042800.0,244.8289317447049,55.809629996103574
1042860.0,253.65902158822948,55.75133739330722
1042920.0,293.9210880182334,55.690942388167166
1042980.0,229.41340299715466,55.620961176734255
1043040.0,331.5540568067893,55.56633893792541
1043100.0,190.64735306559405,55.48739749582855
1043160.0,365.68401874985256,55.442005268908176
1043220.0,316.78644821109395,55.354937645396305
1043280.0,228.64454565607863,55.27951230058414
1043340.0,232.6455906969182,55.225073123046975
1043400.0,262.4091684003113,55.16968131573819
1043460.0,285.925629333046,55.10720294230954
1043520.0,315.67863264025345,55.03912541151596
1043580.0,169.57064711565826,54.9639638323159
1043640.0,276.2530898878646,54.92358986871693
1043700.0,123.01611417397757,54.857815323505534
1043760.0,239.36940469598775,54.82852577251173
1043820.0,337.24267803013163,54.77153305710792
1043880.0,164.9519110177446,54.69123718138646
1043940.0,154.05474398498046,54.65196291685843
1044000.0,-0.0019194811193793194,54.61528321590963
1044060.0,0.0011608564342329793,54.61528367292894
1044120.0,-0.003921212695138919,54.61528339653455
1044180.0,-0.0011763846822171618,54.61528433015662
1044240.0,-0.004522754640529402,54.61528461024821
1044300.0,0.002945382929248383,54.615285687094556
1044360.0,0.0011961906013385106,54.615284985812906
1044420.0,-0.002156189586924621,54.61528470100562
1044480.0,0.00018539372811197802,54.615285214384095
1044540.0,-0.0011036262788817431,54.61528517024273
1044600.0,0.0057194758528631715,54.61528543301089
1044660.0,-0.002205061576717145,54.615284071230924
1044720.0,0.003175224827159419,54.61528459624559
1044780.0,-0.0035260364265414655,54.61528384023968
1044840.0,0.0040711920018995,54.61528467977216
1044900.0,0.00518652800001804,54.61528371044073
1044960.0,0.005422531462972709,54.61528247555311
1045020.0,0.007355084455693488,54.61528118447419
1045080.0,0.0014622250003951268,54.61527943326361
1045140.0,0.006189733508316209,54.6152790851148
1045200.0,0.008120899761602123,54.615277611368725
1045260.0,-0.0056102618194225195,54.61527567782116
1045320.0,-0.0030161907088160117,54.61527701359778
1045380.0,2687.766090343742,54.61527773173843
1045440.0,2687.778874567913,53.97533342451373
1045500.0,2687.7660261859523,53.33538607342613
1045560.0,2687.764669635587,52.69544178147709
1045620.0,2687.768081883885,52.055497812516236
1045680.0,2687.7648772872367,51.41555303111531
1045740.0,2687.7749296374386,50.77560901271359
1045800.0,2687.7681461340626,50.13566260089515
1045860.0,2687.7651174327293,49.495717804196566
1045920.0,2687.773359480689,48.85577372861734
1045980.0,2687.773654407432,48.21582769064575
1046040.0,2687.764219931802,47.575881582453505
1046100.0,-0.003568505867352619,46.93593772056498
1046160.0,-0.0003731937598649938,46.93593857020923
1046220.0,-0.0017841163673494361,46.93593865906489
1046280.0,-0.0016474161352636881,46.9359390838545
1046340.0,0.005896434893680559,46.935939476096436
1046400.0,0.01073272396161787,46.93593807218337
1046460.0,-0.0015664924299090108,46.9359355167729
1046520.0,-0.006609407662898771,46.93593588974729
1046580.0,-0.0011729154930690746,46.93593746341578
1046640.0,0.0009714655170976123,46.935937742681375
1046700.0,-0.00026639272384921457,46.93593751138006
1046760.0,0.0030534555911219713,46.9359375748069
1046820.0,0.011059546250981071,46.93593684779366
1046880.0,-0.008565604285401601,46.93593421456836
1046940.0,-0.002535398335169021,46.93593625399795
1047000.0,0.007705715886807532,46.935936857664224
1047060.0,-0.0026102278013291746,46.935935022969964
1047120.0,0.003947467527872116,46.935935644452776
1047180.0,0.0031545034867382945,46.93593470457956
1047240.0,0.006184399284069013,46.9359339535073
1047300.0,0.009566698720797646,46.93593248103128
1047360.0,0.0016653635355026166,46.93593020324587
1047420.0,-0.008729148927099521,46.93592980673074
1047480.0,-0.0035020358813205965,46.935931885099535
1047540.0,0.010930264332968072,46.9359327189176
1047600.0,-0.007070989046924869,46.93593011647371
1047660.0,0.0024840328459528657,46.93593180004253
1047720.0,-0.012572546120340937,46.93593120860614
1047780.0,-0.006756135909447546,46.935934202069504
1047840.0,0.0044346864069995644,46.93593581067329
1047900.0,0.00017980460164877866,46.935934754795575
1047960.0,-0.0018822091269413944,46.935934711984956
1048020.0,-0.004071780121774563,46.935935160129986
1048080.0,-0.009982712698175463,46.935936129601444
1048140.0,0.0034670294311331886,46.9359385064378
1048200.0,-0.001415736848287857,46.9359376809546
1048260.0,-0.00760932587256827,46.935938018034804
1048320.0,0.00015094569755141866,46.93593982977906
1048380.0,0.00290624007705064,46.93593979383961
1048440.0,-0.0010033684506268658,46.935939101877686
1048500.0,0.0005799634165621067,46.93593934077494
1048560.0,0.0001906340774372085,46.93593920268841
1048620.0,-0.0035339740431408802,46.935939157299345
1048680.0,0.00027129806649916094,46.935939998721736
1048740.0,0.0036760846566197126,46.93593993412696
1048800.0,0.005173218366627913,46.935939058868705
1048860.0,0.003953646692946717,46.93593782715005
1048920.0,-0.0033754901561795646,46.935936885805596
1048980.0,0.0031810627578489183,46.93593768949373
1049040.0,0.002327332136682726,46.93593693209783
1049100.0,-0.0035485439622259763,46.93593637797113
1049160.0,-0.0023215636876971835,46.93593722286255
1049220.0,0.003398465513237701,46.935937775615805
1049280.0,0.006884540764032212,46.93593696645735
1049340.0,-0.009058359489902494,46.93593532728097
1049400.0,0.008200306191846474,46.93593748403323
1049460.0,0.005820798379540857,46.935935531579375
1049520.0,0.000995592500830165,46.935934145675
1049580.0,-0.0012035831167899913,46.93593390862917
1049640.0,0.0019521672460957157,46.93593419519657
1049700.0,-0.003202826803294851,46.93593373039485
1049760.0,-0.0008884750997333498,46.93593449297266
1049820.0,-0.007375134757194896,46.93593470451435
1049880.0,-0.008707614785341803,46.935936460498816
1049940.0,0.01166153317352942,46.93593853374043
1050000.0,0.000315376092041439,46.935935757184915
1050060.0,0.001018445105011834,46.93593568209537
1050120.0,-0.00015366396555436995,46.93593543960844
1050180.0,-0.004138870097404455,46.9359354761951
1050240.0,-0.0015353105488163355,46.93593646164036
1050300.0,0.00045594346984175306,46.93593682719049
1050360.0,-0.0009831913877598251,46.93593671863252
1050420.0,-0.0037610136384723966,46.935936952725704
1050480.0,0.0023974439661202237,46.93593784820514
1050540.0,0.0009418234593407169,46.93593727738515
1050600.0,0.0019645388587184675,46.93593705314147
1050660.0,0.003525224060099179,46.935936585394124
1050720.0,-0.000852619561491339,46.935935746055065
1050780.0,-0.0008444397014073903,46.935935949059726
1050840.0,0.007412262811260275,46.935936150116795
1050900.0,-0.004720076044545599,46.93593438529231
1050960.0,-0.009368158741121834,46.93593550911994
1051020.0,0.0027776935102874012,46.93593773963393
1051080.0,-0.0031467504743713476,46.93593707827833
1051140.0,-0.005386754786467243,46.93593782750463
1051200.0,0.004426190085462099,46.93593911006529
1051260.0,-0.0007238419187957902,46.93593805621051
1051320.0,-0.006317820288159213,46.93593822855382
1051380.0,0.009674730595047773,46.93593973279675
1051440.0,-0.008053431321986998,46.93593742928946
1051500.0,-0.0004333919616804985,46.93593934677311
1051560.0,-0.009446383874235948,46.93593944996167
1051620.0,0.0013532911692611357,46.93594169910069
1051680.0,-0.003205543501052107,46.93594137688851
1051740.0,0.0040963740766468484,46.93594214011315
1051800.0,-8.693193153354405e-05,46.93594116478599
1051860.0,0.006753038895034147,46.93594118548407
1051920.0,-0.002148569587019623,46.93593957761767
1051980.0,-0.008022721780729589,46.935940089181855
1052040.0,0.0011875802651343294,46.93594199935371
1052100.0,-0.0012627874022959802,46.9359417165965
1052160.0,-0.009096299406887276,46.93594201726017
1052220.0,-0.005276901380428551,46.93594418304574
1052280.0,-0.0036856622273824463,46.93594543945083
1052340.0,0.007776916952003666,46.93594631698946
1052400.0,0.0035372289978498946,46.935944465342565
1052460.0,-0.0017386758139636734,46.935943623145185
1052520.0,0.002354348649361194,46.93594403711562
1052580.0,-0.010197299399300228,46.93594347655642
1052640.0,-0.002824530555740007,46.935945904484846
1052700.0,0.0020049768950418127,46.93594657699212
1052760.0,0.00082688153197734,46.93594609961667
1052820.0,-0.0026967807295180408,46.935945902740116
1052880.0,-0.00019154066065500035,46.93594654483076
1052940.0,0.0016905425235600904,46.935946590435684
1053000.0,-4.678330084243804e-05,46.93594618792556
1053060.0,0.0043050197846173635,46.93594619906444
1053120.0,0.0015935105494382124,46.935945174059725
1053180.0,0.0025562023521483956,46.93594479465245
1053240.0,0.008567773941150417,46.93594418603284
1053300.0,0.00413753166482533,46.93594214608667
1053360.0,0.008704792231904863,46.93594116096008
1053420.0,-0.0033595718311009,46.9359390883905
1053480.0,-0.007962069364227744,46.93593988828855
1053540.0,-0.0007014039535545346,46.935941784019356
1053600.0,-0.0011279818083869096,46.9359419510203
1053660.0,0.007297070761946779,46.935942219587396
1053720.0,-0.005650222163284195,46.935940482189594
1053780.0,-0.0003943948022997093,46.93594182748058
1053840.0,0.0020258968302144338,46.93594192138411
1053900.0,0.0005005125199217924,46.935941439027715
1053960.0,-0.0008576482361934804,46.93594131985807
1054020.0,0.0017928422660317268,46.93594152406003
1054080.0,0.005395488154559881,46.935941097192824
1054140.0,0.00767872735611331,46.93593981255279
1054200.0,0.00016403603728042197,46.93593798428437
1054260.0,-0.004079228767972822,46.935937945228176
1054320.0,0.007672670470466824,46.93593891647312
1054380.0,-0.005388167233677451,46.93593708964682
1054440.0,0.008952894215575666,46.93593837254378
1054500.0,0.00672067682459365,46.9359362409023
1054560.0,0.00744699395714435,46.93593464074115
1054620.0,0.003426954279865428,46.93593286764735
1054680.0,-0.010562450200689076,46.935932051705855
1054740.0,-0.005195604155377722,46.93593456657495
1054800.0,277.9454129390998,46.93593580362356
1054860.0,351.0989949073474,46.86975832435235
1054920.0,246.4084086359881,46.786163325564885
1054980.0,348.7990380866821,46.72749465684203
1055040.0,305.80685874705534,46.644447266821395
1055100.0,284.5758207481329,46.57163610997686
1055160.0,351.7162722498183,46.50387996217968
1055220.0,339.55874920605686,46.42013799259639
1055280.0,325.2868485441816,46.33929067135685
1055340.0,362.3931043787847,46.26184142170347
1055400.0,315.03818992374465,46.175557349232335
1055460.0,205.61387808940407,46.100548256393346
1055520.0,283.07669737078515,46.051592571133966
1055580.0,198.99867298313436,45.984193357474254
1055640.0,348.2325224376562,45.9368127210497
1055700.0,364.1195587203915,45.8539002157074
1055760.0,368.43592200904,45.767205082678736
1055820.0,342.8951219353683,45.67948224410515
1055880.0,373.2701700575543,45.59784054840625
1055940.0,222.27337676642804,45.50896669839255
1056000.0,312.120277383336,45.456044465829116
1056060.0,235.4139435663563,45.38173011407118
1056120.0,300.573709483617,45.32567917512681
1056180.0,420.84320991484987,45.25411400620214
1056240.0,391.28703933173966,45.1539132419367
1056300.0,367.2847490527728,45.060749661143426
1056360.0,318.5353544943976,44.97330091136896
1056420.0,271.73194828009866,44.897459160298865
1056480.0,344.5144656886154,44.83276107737503
1056540.0,401.90858651133544,44.75073382363965
1056600.0,361.8655624276077,44.65504130304171
1056660.0,244.1669896866619,44.56888283579705
1056720.0,347.65008596892426,44.510747838252605
1056780.0,228.6684508052407,44.42797400826
1056840.0,393.84346146698243,44.37352913902066
1056900.0,306.1656781762774,44.27975688629043
1056960.0,276.5418157822387,44.20686029624846
1057020.0,401.21694300090445,44.141017006776494
1057080.0,387.9446038945357,44.04548916320485
1057140.0,370.59528730361274,43.953121400372815
1057200.0,490.4515642630057,43.86488442720529
1057260.0,399.3748517082751,43.74811024523791
1057320.0,324.9309477797787,43.65302099483118
1057380.0,397.1614945656803,43.57565648345504
1057440.0,351.2525637198075,43.48109422284416
1057500.0,446.8573410838219,43.39746266005373
1057560.0,390.1713166582474,43.291068055033776
1057620.0,398.59479481009544,43.1981701224961
1057680.0,291.7693993640699,43.10326659992227
1057740.0,384.5296288574036,43.033797695311776
1057800.0,380.03403386262886,42.942243021774296
1057860.0,324.5425373166979,42.85175872799748
1057920.0,375.3139773078219,42.774486695303025
1057980.0,417.380729459412,42.68512622451545
1058040.0,393.6283257168712,42.58574986035845
1058100.0,311.8386253348199,42.49202883042586
1058160.0,382.86784802567485,42.41778153867947
1058220.0,373.89590354100045,42.32662252724479
1058280.0,416.32432845372983,42.23759969306836
1058340.0,412.60047804130005,42.13847485296033
1058400.0,385.5448928933542,42.04023664390288
1058460.0,385.99240768728737,41.94844024083304
1058520.0,419.8727095174519,41.85653728662178
1058580.0,476.4408953995756,41.75656759387953
1058640.0,438.2186238619788,41.64312928545106
1058700.0,509.73636880489136,41.53879151786487
1058760.0,495.20892455735253,41.417425715768466
1058820.0,519.8960150699742,41.2995188289691
1058880.0,515.1017481374435,41.17573406347625
1058940.0,529.6605678668102,41.05309079011019
1059000.0,369.60405890489864,40.92698113109428
1059060.0,480.5557757621864,40.83898016468835
1059120.0,517.7345424924548,40.72456212284021
1059180.0,531.508575554252,40.60129199367534
1059240.0,404.2609097919382,40.47474233282909
1059300.0,492.8883877515813,40.37848973525958
1059360.0,460.90259490562755,40.26113535722349
1059420.0,570.161120871159,40.15139664415072
1059480.0,379.04823343575663,40.01564399632426
1059540.0,419.0765787062841,39.92539441693479
1059600.0,359.54300023192087,39.82561427914758
1059660.0,479.8027761734029,39.74000880290188
1059720.0,609.897502621008,39.62577004667012
1059780.0,474.3432066534857,39.48055635556988
1059840.0,485.9964487286952,39.36761749684286
1059900.0,515.872435852636,39.25190405666936
1059960.0,478.79603027021756,39.12907728622826
1060020.0,510.6408240652647,39.015078231402015
1060080.0,515.1069748942822,38.893497082815045
1060140.0,443.723841234995,38.77085256498307
1060200.0,491.68409455722053,38.66520403135569
1060260.0,544.6979512515186,38.54813638979445
1060320.0,558.7357665527455,38.41844640140123
1060380.0,583.7533868964242,38.28541407603153
1060440.0,528.773117705075,38.14642517438952
1060500.0,532.778051394743,38.02052681303117
1060560.0,559.2049526090339,37.89367489603242
1060620.0,481.2483033566477,37.760530859696935
1060680.0,481.50483799543065,37.64594793032631
1060740.0,514.8558904621743,37.53130392127978
1060800.0,448.5087044421042,37.40871918545545
1060860.0,552.0623511698135,37.30193139868352
1060920.0,593.2030131909769,37.170487981738326
1060980.0,490.2352244273618,37.02924916907381
1061040.0,561.4952363313259,36.912526496591106
1061100.0,500.15428378301306,36.77883715460746
1061160.0,479.38963667915164,36.65975280132579
1061220.0,666.1647540842243,36.54561241164028
1061280.0,485.1076890114493,36.38700175590594
1061340.0,470.8555319651014,36.27149992518893
1061400.0,562.8318358256638,36.15939146519724
1061460.0,568.3544204868107,36.025383885238746
1061520.0,594.5300844801955,35.89006140417046
1061580.0,676.7804884381692,35.74850662215137
1061640.0,512.2461269929278,35.58736841061847
1061700.0,526.2901311799488,35.46540504704872
1061760.0,659.6012831026118,35.34009787295825
1061820.0,621.4500675816414,35.183049948410016
1061880.0,615.0891971540294,35.03508564660486
1061940.0,533.6247884256572,34.88863583775866
1062000.0,638.4526677309454,34.76158231670494
1062060.0,620.3185150113908,34.609569776769
1062120.0,584.176166557016,34.46187489224248
1062180.0,538.0063156512083,34.32278532877652
1062240.0,579.4847793167795,34.194688586954804
1062300.0,671.6914410435152,34.05671602045081
1062360.0,506.58491403741533,33.89678948686902
1062420.0,523.4343909000089,33.77617403114582
1062480.0,532.7252083590663,33.65154679521725
1062540.0,544.4971664851635,33.52470745989366
1062600.0,566.7458950359337,33.395065277397194
1062660.0,623.5457299225819,33.260125778579116
1062720.0,591.8614803333938,33.11166250954993
1062780.0,565.781319019693,32.970743109470554
1062840.0,576.5183598210402,32.83603327160872
1062900.0,594.9238699268806,32.69876699546085
1062960.0,453.9891483065503,32.55711845500207
1063020.0,616.4183951364365,32.44902580064337
1063080.0,499.5981722523459,32.30225951608708
1063140.0,519.462473529713,32.18330757031271
1063200.0,563.2224718237109,32.05962602899611
1063260.0,534.8307618444418,31.92552544046665
1063320.0,564.967442779544,31.79818478288464
1063380.0,540.4976586260335,31.663668725079987
1063440.0,510.70628441986145,31.534978806359504
1063500.0,615.7137372147513,31.413382071973825
1063560.0,562.2398296016388,31.26678356311317
1063620.0,533.4979843838589,31.13291693701754
1063680.0,552.3862941108657,31.005893607402335
1063740.0,463.83027211908995,30.874373061185462
1063800.0,631.8036915591808,30.763937282109488
1063860.0,431.08050314280774,30.613507831738254
1063920.0,498.0057744865309,30.51086961670425
1063980.0,468.7641172514727,30.39229681325508
1064040.0,461.07752066849145,30.280686309147587
1064100.0,447.73983600028265,30.17090594708366
1064160.0,423.007178563162,30.06430122422645
1064220.0,534.7880320011863,29.96358522933046
1064280.0,385.24773937759704,29.83625474552065
1064340.0,510.45233718517545,29.74452909328789
1064400.0,484.127057571819,29.622992822529515
1064460.0,416.0068195221768,29.507724475488605
1064520.0,464.33293814355557,29.408675232745228
1064580.0,416.2910174836867,29.298119771282476
1064640.0,352.966812687864,29.199002862357787
1064700.0,346.73872898916943,29.114963145051153
1064760.0,444.5056706826564,29.032406304815638
1064820.0,434.286274454072,28.926571621319766
1064880.0,405.36564006947475,28.82317012740213
1064940.0,360.0084825713701,28.72665449881416
1065000.0,364.6113311599869,28.640938193440025
1065060.0,348.926634159429,28.554125971735267
1065120.0,255.95226664000847,28.471048201697307
1065180.0,356.64134539398503,28.41010718583064
1065240.0,376.4004910952666,28.325192579784453
1065300.0,341.0882740102302,28.235573415237962
1065360.0,435.0524400763219,28.154361921426002
1065420.0,260.3964162058992,28.050778007122116
1065480.0,272.6672178181824,27.988778860406427
1065540.0,311.8762612421313,27.92385809425924
1065600.0,309.9829537484194,27.849601841582544
1065660.0,172.64816639691907,27.775796376404347
1065720.0,314.15000344457434,27.734689670119366
1065780.0,284.06007287729796,27.65989205025161
1065840.0,133.07773566111058,27.59225869956654
1065900.0,244.228139897419,27.560573524409133
1065960.0,193.61855701548387,27.5024239672907
1066020.0,205.74481871608504,27.45632431085844
1066080.0,143.38600317510713,27.407337449259373
1066140.0,239.28774102337093,27.373197924693873
1066200.0,310.5857812014283,27.316224653021642
1066260.0,211.26368053710274,27.242275657497494
1066320.0,56.20446622492477,27.191974781179137
1066380.0,193.23259466124182,27.1785927654113
1066440.0,154.67379980802446,27.13258500477767
1066500.0,90.47455083183894,27.095757909585284
1066560.0,167.86569889085274,27.074216349863416
1066620.0,189.47882234202825,27.034248326317975
1066680.0,86.56161833107262,26.989134320998446
1066740.0,17.96108300512799,26.968524411872
1066800.0,-14.264004986005887,26.964247963537446
1066860.0,56.28587209651039,26.96764415520078
1066920.0,76.62870463878374,26.954242757082564
1066980.0,44.67371500911065,26.935997827406663
1067040.0,24.257371601848718,26.92536122859497
1067100.0,88.89553706688292,26.91958566392786
1067160.0,72.10731949820837,26.898420059864318
1067220.0,45.78037283465403,26.881251650459983
1067280.0,72.2137596691386,26.870351561689827
1067340.0,-26.779628402069648,26.85315780938765
1067400.0,-63.74394871569859,26.85953391138814
1067460.0,-40.121282530449605,26.874711042034736
1067520.0,-55.010098097411856,26.88426372835151
1067580.0,-153.39792372430765,26.897361370755654
1067640.0,-73.8794179494273,26.933884685928106
1067700.0,14.286696071228675,26.951475023535114
1067760.0,-14.844652068005303,26.94807342923244
1067820.0,-42.307032213458854,26.951607870201013
1067880.0,-76.87208811546134,26.96168097310898
1067940.0,-8.813498813282763,26.979983851231708
1068000.0,-170.36110322138717,26.98208230333011
1068060.0,-175.6679186691104,27.022644470763773
1068120.0,-61.369759598284986,27.064470165684988
1068180.0,-138.240587502602,27.07908201320839
1068240.0,-191.255521653554,27.111996438804248
1068300.0,-128.97415898010019,27.15753346776938
1068360.0,-199.51769327202237,27.18824160085988
1068420.0,-234.59484403785598,27.235745813543694
1068480.0,-247.41005614882027,27.291601728790802
1068540.0,-187.3520286386488,27.350508885016712
1068600.0,-205.46095023793157,27.395116510883057
1068660.0,-137.97726942064332,27.444035784749232
1068720.0,-257.56541239332256,27.47688751556367
1068780.0,-269.7712973505321,27.538212613752556
1068840.0,-176.14940900852707,27.60244387502649
1068900.0,-214.57507163865267,27.64438421050471
1068960.0,-276.2063815375557,27.695473513275818
1069020.0,-389.74598400682277,27.761236937451425
1069080.0,-355.9786114160879,27.854033600310192
1069140.0,-381.6909262687733,27.938790412552116
1069200.0,-327.4305278881971,28.02966920452087
1069260.0,-371.28367662558423,28.10762885401806
1069320.0,-255.76639286258148,28.196029729405105
1069380.0,-457.37504498731386,28.256926489610482
1069440.0,-443.90674306250986,28.365825309845558
1069500.0,-370.6744017094615,28.471517391527108
1069560.0,-365.1787798248037,28.559773201457933
1069620.0,-562.7918260474695,28.646720529987647
1069680.0,-522.7717423904305,28.780718583808472
1069740.0,-445.53050800727954,28.905188046282383
1069800.0,-359.4014224741821,29.011266738665068
1069860.0,-338.52969472779023,29.096838505920825
1069920.0,-487.67703710480026,29.177440814189346
1069980.0,-484.03738301384044,29.293554394452393
1070040.0,-534.9804532423609,29.40880139040807
1070100.0,-457.7236893377823,29.536177688799107
1070160.0,-414.9285664459403,29.64515951959382
1070220.0,-442.1791737724564,29.74395203541428
1070280.0,-530.1554701548856,29.84923279107439
1070340.0,-589.5764452450474,29.97546028396841
1070400.0,-549.5951061635456,30.11583562807437
1070460.0,-478.0345856407704,30.24669160573236
1070520.0,-3423.375348052101,30.360509364218256
1070580.0,-3519.0075894079764,31.17559873280209
1070640.0,-3442.3901616067596,32.013457682661134
1070700.0,-3448.20844217422,32.8330743878056
1070760.0,-3551.3909304173044,33.654076397847085
1070820.0,-3438.8051418107043,34.49964566699406
1070880.0,-3432.949006372324,35.31840879599661
1070940.0,-3362.2645852939804,36.13577760703764
1071000.0,-3564.3159768596006,36.9363167940124
1071060.0,-3451.02308293601,37.784963455169446
1071120.0,-3447.2904528532117,38.60663561777326
1071180.0,-3484.5343349863924,39.427419058928784
1071240.0,-3586.4948656231427,40.2570700910684
1071300.0,-3600.3212648996478,41.11099744002629
1071360.0,-3540.8960058236225,41.96821678881192
1071420.0,-723.8861318030904,42.81128726638897
1071480.0,-773.0901362613712,42.983641107294474
1071540.0,-672.2151556545253,43.167710187356704
1071600.0,-783.9092989153462,43.327761414893494
1071660.0,-883.5982545232655,43.51440648606381
1071720.0,-793.4924222926115,43.72478702285507
1071780.0,-761.2659211205366,43.9137137900676
1071840.0,-779.5580816814718,44.09496758081058
1071900.0,-789.9756470040563,44.2805766478776
1071960.0,-730.3024347169247,44.46866608764047
1072020.0,-896.7012188154483,44.64254761971593
1072080.0,-865.0672575471858,44.85604790991008
1072140.0,-756.7311907922015,45.062016304564175
1072200.0,-977.2235611441524,45.24219039760994
1072260.0,-872.1105947595897,45.47486267407283
1072320.0,-804.818025023347,45.6825080537775
1072380.0,-815.3344754576083,45.87413139306877
1072440.0,-858.1482230947654,46.06825864913011
1072500.0,-866.1660113110545,46.27257965462886
1072560.0,-979.2481527517114,46.478809657321975
1072620.0,-843.8476012317092,46.711963979405716
1072680.0,-1007.6502972561123,46.91288007493708
1072740.0,-1013.4365030255121,47.15279681237901
1072800.0,-931.0610204873662,47.39409121786127
1072860.0,-993.1925723062818,47.61577241321541
1072920.0,-960.4444988987551,47.8522468351931
1072980.0,-956.1911222508077,48.08092409683566
1073040.0,-884.4975475795014,48.308588649752515
1073100.0,-974.2636780642781,48.519183303938114
1073160.0,-1046.4581728732228,48.75115084633437
1073220.0,-977.7716484940518,49.000307554161324
1073280.0,-1077.236754607462,49.23311032761229
1073340.0,-981.4684335265185,49.48959526918549
1073400.0,-1041.2619633264123,49.72327822954895
1073460.0,-1029.9444240219295,49.97119774462667
1073520.0,-1169.6091811059953,50.21642260748904
1073580.0,-1206.562980528412,50.49490098394285
1073640.0,-1170.307355322114,50.78217788406866
1073700.0,-984.1346053937837,51.060822492478685
1073760.0,-1166.3843477454602,51.29514025566768
1073820.0,-1062.1258682681287,51.5728508146547
1073880.0,-1153.103471128868,51.82573792614711
1073940.0,-1137.4704592192113,52.100286371653986
1074000.0,-1134.1865781622635,52.37111267146808
1074060.0,-1041.2663840827886,52.641157094840054
1074120.0,-1113.1674611563708,52.88907766247881
1074180.0,-1133.4354442901129,53.15411753418271
1074240.0,-1086.9900638401284,53.42398311615655
1074300.0,-1210.9931774830702,53.68279027421372
1074360.0,-1117.0650036134225,53.97112198313826
1074420.0,-1135.2064257896263,54.237089841141454
1074480.0,-1143.96436364878,54.50737708537708
1074540.0,-1214.687777997654,54.779749552912506
1074600.0,-1239.6087877448338,55.06896092862623
1074660.0,-1273.497059469916,55.36410587808929
1074720.0,-1277.630918064679,55.667319463677366
1074780.0,-1292.067648456232,55.97151730131181
1074840.0,-1222.8373828715771,56.27915245570615
1074900.0,-1266.3042795037172,56.57030421353272
1074960.0,-1234.4303595898284,56.87180523246218
1075020.0,-1238.7060938920326,57.16571722284071
1075080.0,-1339.1833475558872,57.46064724519596
1075140.0,-1348.5573421514782,57.77950042318545
1075200.0,-1304.4183251973122,58.10058550465009
1075260.0,-1344.687591191641,58.41116129636374
1075320.0,-1358.4408409204937,58.731325008552226
1075380.0,-1211.264719618312,59.054763304009484
1075440.0,-1412.3510585063239,59.343159665823364
1075500.0,-1206.2636824625881,59.67943372737249
1075560.0,-1317.566622160015,59.96663936605406
1075620.0,-1282.930381455639,60.28034570466359
1075680.0,-1297.1639316714022,60.585805319295886
1075740.0,-1319.359251828352,60.89465387445574
1075800.0,-1263.733403887511,61.20878702965297
1075860.0,-1435.4083559100707,61.50967593534047
1075920.0,-1386.8195568161186,61.85143982960477
1075980.0,-1435.534546218089,62.18163496218004
1076040.0,-1493.0086769963482,62.52342890175578
1076100.0,-1437.7517584230488,62.87890715818348
1076160.0,-1292.5109370448574,63.22122900542706
1076220.0,-1422.011355598806,63.52896970472346
1076280.0,-1299.2849074862688,63.86754383700889
1076340.0,-1299.791570070188,64.17689738641037
1076400.0,-1251.8314848721561,64.48637156976042
1076460.0,-1323.7604914097742,64.78442668520617
1076520.0,-1303.1054850343085,65.09960775458946
1076580.0,-1431.5391246218744,65.40987096531191
1076640.0,-1443.7576138577251,65.7507136140314
1076700.0,-1446.1273203638261,66.09446542685467
1076760.0,-1470.126457792633,66.43878145551272
1076820.0,-1467.4149322276858,66.78881156451097
1076880.0,-1437.4802051894471,67.13819607218423
1076940.0,-1516.7284618682693,67.480453263896
1077000.0,-1577.5567511517206,67.84157908815034
1077060.0,-1479.15363047564,68.21718783842456
1077120.0,-1548.5619432807905,68.5693672742521
1077180.0,-1548.3242678890338,68.93807249884277
1077240.0,-1527.4584413019393,69.30672113405444
1077300.0,-1547.0982876857781,69.67040171531681
1077360.0,-1463.9945208792574,70.03875845048009
1077420.0,-1546.3797372963882,70.38732857449897
1077480.0,-1472.4771078765962,70.7555142262362
1077540.0,-1535.4224858420612,71.10610401382587
1077600.0,-1558.7249741958585,71.47168079616922
1077660.0,-1549.5000408003593,71.84280579002538
1077720.0,-1642.0212229651347,72.21173437116832
1077780.0,-1549.7189475982846,72.60269180520764
1077840.0,-1524.4822160402978,72.97167250701676
1077900.0,-1521.362249321219,73.33464446321683
1077960.0,-1667.2729856849103,73.69687357019808
1078020.0,-1682.560040180474,74.09384332869449
1078080.0,-1628.8583053739405,74.49445286207079
1078140.0,-1518.746552260366,74.88227626811221
1078200.0,-1593.6938590455693,75.24388259007895
1078260.0,-1658.509029383137,75.62333350889932
1078320.0,-1704.227312574877,76.0182166111334
1078380.0,-1663.0624829250044,76.42398501888933
1078440.0,-1672.0367759013347,76.81995227672861
1078500.0,-1575.6754845871233,77.21805627099084
1078560.0,-1575.8768405123578,77.59321710065444
1078620.0,-1704.388515897147,77.968425872205
1078680.0,-1600.9171602114566,78.37423266170433
1078740.0,-1611.7220944411113,78.75540341413563
1078800.0,-1726.1562576844467,79.13914676995493
1078860.0,-1664.9597990857908,79.5501363551179
1078920.0,-1643.983966222716,79.94655535490023
1078980.0,-1659.088601028623,80.33798010876278
1079040.0,-1775.9116762411895,80.73300120424578
1079100.0,-1669.7515275810958,81.15583731763654
1079160.0,-1643.7364756247744,81.55339720515585
1079220.0,-1591.373098045031,81.94476303268556
1079280.0,-1730.4589383598975,82.32366138936294
1079340.0,-1727.187567917633,82.73567542230577
1079400.0,-1711.0673462020823,83.14691055752427
1079460.0,-5116.858495469827,83.55430754471524
1079520.0,-5132.477015078793,84.77260718649377
1079580.0,-5105.951852968343,85.9946255234173
1079640.0,-5213.579255375291,87.21032834555261
1079700.0,-5126.05991127693,88.45165673968958
1079760.0,-5198.152325150504,89.67214719475552
1079820.0,-5165.912767843653,90.90980251026755
1079880.0,-5058.470172031657,92.13978174070652
1079940.0,-1816.6533597860227,93.34417940071407
1080000.0,-1753.0545377917495,93.77671591494884
1080060.0,-1816.2374548444939,94.1941098525183
1080120.0,-1733.9912370882744,94.62654734176698
1080180.0,-1683.6422051309041,95.03940239821657
1080240.0,-1739.661865465915,95.4402695899144
1080300.0,-1760.0931164558313,95.85447479597771
1080360.0,-1676.5788918566154,96.27354458561005
1080420.0,-1739.5895006548697,96.6727300360521
1080480.0,-1713.3259240011694,97.0869180123985
1080540.0,-1722.608188633946,97.4948527562083
1080600.0,-1941.0651843836397,97.90499756302592
1080660.0,-1776.0012822940757,98.0
1080720.0,-1838.9391649017166,98.0
1080780.0,-1826.8102874619508,98.0
1080840.0,-1691.3156057131432,98.0
1080900.0,-1804.961413431348,98.0
1080960.0,-1671.543998557709,98.0
1081020.0,-1872.1269988930287,98.0
1081080.0,-1855.1960323416342,98.0
1081140.0,-1746.8872228852129,98.0
1081200.0,-1815.5053146273747,98.0
1081260.0,-1778.9203287918742,98.0
1081320.0,-1806.377411607204,98.0
1081380.0,-1810.4146017836779,98.0
1081440.0,-1822.2771166417253,98.0
1081500.0,-1795.358084685929,98.0
1081560.0,-1769.6758430675666,98.0
1081620.0,-1713.296899132838,98.0
1081680.0,-1824.2426179283004,98.0
1081740.0,-1837.5812690459468,98.0
1081800.0,-1847.1231584971645,98.0
1081860.0,-1729.3422386299706,98.0
1081920.0,-1777.8048169873828,98.0
1081980.0,-1934.8025207226005,98.0
1082040.0,-1939.0250548049407,98.0
1082100.0,-1873.7596082027017,98.0
1082160.0,-1811.6066913904976,98.0
1082220.0,-1828.823805714526,98.0
1082280.0,-1797.2698996533554,98.0
1082340.0,-1839.9650125626206,98.0
1082400.0,-1746.8157951281362,98.0
1082460.0,-1785.497422891932,98.0
1082520.0,-1828.273311427089,98.0
1082580.0,-1765.251913981384,98.0
1082640.0,-1933.8915491585733,98.0
1082700.0,-1840.9870349943803,98.0
1082760.0,-1828.4976303011579,98.0
1082820.0,-1801.432396795789,98.0
1082880.0,-1941.2111311151841,98.0
1082940.0,-1854.6125024348928,98.0
1083000.0,-1815.5876597042416,98.0
1083060.0,-1811.5530737848896,98.0
1083120.0,-1769.5227538002437,98.0
1083180.0,-1795.4481934987164,98.0
1083240.0,-1845.1774515921397,98.0
1083300.0,-1801.356627303022,98.0
1083360.0,-1854.2054074022349,98.0
1083420.0,-1833.5258501540336,98.0
1083480.0,-1794.7929955980337,98.0
1083540.0,-1845.2881775506846,98.0
1083600.0,-1820.8798820524887,98.0
1083660.0,-1784.8900071100902,98.0
1083720.0,-1799.7480503386469,98.0
1083780.0,-1768.319180926317,98.0
1083840.0,-1702.4102922184813,98.0
1083900.0,-1799.6713775942017,98.0
1083960.0,-1869.1946182521044,98.0
1084020.0,-1810.4178845569716,98.0
1084080.0,-1812.5485622195265,98.0
1084140.0,-1803.3576419671112,98.0
1084200.0,-1749.8981633814112,98.0
1084260.0,-1940.0169459644653,98.0
1084320.0,-1747.4513826470707,98.0
1084380.0,-1726.5083757704738,98.0
1084440.0,-1802.6412249554526,98.0
1084500.0,-1800.3298226987097,98.0
1084560.0,-1849.429502106018,98.0
1084620.0,-1833.5647236114537,98.0
1084680.0,-1791.020888560598,98.0
1084740.0,-1793.7792805669628,98.0
1084800.0,-1787.3848449895422,98.0
1084860.0,-1791.802968077614,98.0
1084920.0,-1774.2160393014024,98.0
1084980.0,-1779.5776301465703,98.0
1085040.0,-1886.835398059989,98.0
1085100.0,-1773.9771990667837,98.0
1085160.0,-1710.8778270306213,98.0
1085220.0,-1822.4113758794558,98.0
1085280.0,-1729.2067931633005,98.0
1085340.0,-1872.5162704894378,98.0
1085400.0,-1817.5084884388534,98.0
1085460.0,-1852.3776910897056,98.0
1085520.0,-1729.2817676258255,98.0
1085580.0,-1711.6747409606646,98.0
1085640.0,-1814.064926602277,98.0
1085700.0,-1735.8009124311468,98.0
1085760.0,-1704.9201576747587,98.0
1085820.0,-1803.7678359171762,98.0
1085880.0,-1791.7844471359413,98.0
1085940.0,-1753.2714465657452,98.0
1086000.0,-1845.501555597838,98.0
1086060.0,-1785.9465119620236,98.0
1086120.0,-1661.53051757627,98.0
1086180.0,-1817.58632138662,98.0
1086240.0,-1733.7861988760678,98.0
1086300.0,-1750.9603759087927,98.0
1086360.0,-1789.530184355936,98.0
1086420.0,-1763.6633430830461,98.0
1086480.0,-1669.00681981116,98.0
1086540.0,-1738.092619300917,98.0
1086600.0,-1725.8069503146396,98.0
1086660.0,-1669.3752591831462,98.0
1086720.0,-1779.7659870868742,98.0
1086780.0,-1822.1341812326532,98.0
1086840.0,-1650.080060154678,98.0
1086900.0,-1744.795036439426,98.0
1086960.0,-1696.1196885006093,98.0
1087020.0,-1792.1689788558215,98.0
1087080.0,-1719.755367520215,98.0
1087140.0,-1805.465000822514,98.0
1087200.0,-1732.3512429350994,98.0
1087260.0,-1771.5222796414782,98.0
1087320.0,-1781.7222053911023,98.0
1087380.0,-1743.6113116828985,98.0
1087440.0,-1859.333495641737,98.0
1087500.0,-1787.5755599813353,98.0
1087560.0,-1667.2333257969162,98.0
1087620.0,-1689.4605136479158,98.0
1087680.0,-1770.859753522238,98.0
1087740.0,-1669.5700393384984,98.0
1087800.0,-1751.1151928519098,98.0
1087860.0,-1651.0307324141806,98.0
1087920.0,-1697.159430912197,98.0
1087980.0,-1705.5475295315239,98.0
1088040.0,-1687.2697121755582,98.0
1088100.0,-1523.9468116269054,98.0
1088160.0,-1718.7062759568253,98.0
1088220.0,-1655.1915451404614,98.0
1088280.0,-1617.457212148309,98.0
1088340.0,-1717.5859408158408,98.0
1088400.0,-1750.9462186553133,98.0
1088460.0,-1686.7541382819984,98.0
1088520.0,-1600.4660625500942,98.0
1088580.0,-1661.8479525912946,98.0
1088640.0,-1650.4364619839912,98.0
1088700.0,-1577.1149425859387,98.0
1088760.0,-1675.281563532657,98.0
1088820.0,-1627.3151840223966,98.0
1088880.0,-1707.8584331995908,98.0
1088940.0,-1592.7723418090034,98.0
1089000.0,-1593.1821769390049,98.0
1089060.0,-1554.1073338215997,98.0
1089120.0,-1665.3917785745944,98.0
1089180.0,-1602.9767486614317,98.0
1089240.0,-1662.9091794338547,98.0
1089300.0,-1595.655401619191,98.0
1089360.0,-1486.6205361207553,98.0
1089420.0,-1589.3627837294564,98.0
1089480.0,-1646.6137840898186,98.0
1089540.0,-1599.9437073641934,98.0
1089600.0,-1650.2520018769505,98.0
1089660.0,-1625.7369925453047,98.0
1089720.0,-1502.079123338726,98.0
1089780.0,-1623.415253012184,98.0
1089840.0,-1512.1508667924734,98.0
1089900.0,-1523.5509574547802,98.0
1089960.0,-1551.144969397218,98.0
1090020.0,-1499.723061822875,98.0
1090080.0,-1563.6877769273506,98.0
1090140.0,-1450.9948981828843,98.0
1090200.0,-1537.3171173973458,98.0
1090260.0,-1512.5237233641749,98.0
1090320.0,-1513.5418668246048,98.0
1090380.0,-1435.6857881692024,98.0
1090440.0,-1438.1754756190562,98.0
1090500.0,-1621.886815992919,98.0
1090560.0,-1443.02774757022,98.0
1090620.0,-1556.6106288725964,98.0
1090680.0,-1466.0224703139666,98.0
1090740.0,-1445.5973072747224,98.0
1090800.0,-1453.7498647058048,98.0
1090860.0,-1396.0527463793915,98.0
1090920.0,-1376.3290759502245,98.0
1090980.0,-1459.329847141631,98.0
1091040.0,-1454.854627195253,98.0
1091100.0,-1401.7267842589706,98.0
1091160.0,-1485.4514554149066,98.0
1091220.0,-1414.6624635063642,98.0
1091280.0,-1298.3329238889585,98.0
1091340.0,-1462.7272110618667,98.0
1091400.0,-1385.845796453435,98.0
1091460.0,-1394.024596269584,98.0
1091520.0,-1231.1767026518507,98.0
1091580.0,-1376.729332217832,98.0
1091640.0,-1366.1700744608418,98.0
1091700.0,-1392.1101769547695,98.0
1091760.0,-1322.5471528112303,98.0
1091820.0,-1299.698158790355,98.0
1091880.0,-1361.8188570441964,98.0
1091940.0,-1242.0677671268757,98.0
1092000.0,-1277.808995997274,98.0
1092060.0,-1235.6009598785931,98.0
1092120.0,-1299.0058040041133,98.0
1092180.0,-1257.2902426515827,98.0
1092240.0,-1277.191818824191,98.0
1092300.0,-1169.4311820105308,98.0
1092360.0,-1242.3638147311526,98.0
1092420.0,-1241.2237792996884,98.0
1092480.0,-1261.6148778538775,98.0
1092540.0,-1257.4117293804675,98.0
1092600.0,-1204.4865762546742,98.0
1092660.0,-1161.8333017557798,98.0
1092720.0,-1244.30356719542,98.0
1092780.0,-1187.819964401147,98.0
1092840.0,-1176.512523519993,98.0
1092900.0,-1158.172410987373,98.0
1092960.0,-1274.1993172025577,98.0
1093020.0,-1219.2728137354254,98.0
1093080.0,-1237.7430749124633,98.0
1093140.0,-1145.787349467336,98.0
1093200.0,-1193.7515145466305,98.0
1093260.0,-1161.3651896175572,98.0
1093320.0,-1195.110304387273,98.0
1093380.0,-1139.4757838146747,98.0
1093440.0,-1174.5215229277826,98.0
1093500.0,-1053.3603412652117,98.0
1093560.0,-1061.8067658387793,98.0
1093620.0,-1073.2385689930886,98.0
1093680.0,-1092.0272401536324,98.0
1093740.0,-1187.7970772595213,98.0
1093800.0,-1084.6203967302088,98.0
1093860.0,-1094.374734210751,98.0
1093920.0,-1025.3776797938467,98.0
1093980.0,-994.5261781550705,98.0
1094040.0,-1003.693044604172,98.0
1094100.0,-938.8192600018508,98.0
1094160.0,-1040.0993636125254,98.0
1094220.0,-1033.9546501505138,98.0
1094280.0,-926.4318692076841,98.0
1094340.0,-970.0371654978139,98.0
1094400.0,-986.1050244552914,98.0
1094460.0,-851.738392408213,98.0
1094520.0,-919.0802467824647,98.0
1094580.0,-956.3612549459433,98.0
1094640.0,-977.2401752744247,98.0
1094700.0,-847.6182177392055,98.0
1094760.0,-905.8855125257408,98.0
1094820.0,-907.9017951053647,98.0
1094880.0,-859.8350806189503,98.0
1094940.0,-838.6168913164163,98.0
1095000.0,-849.4123639212826,98.0
1095060.0,-820.3205982947998,98.0
1095120.0,-837.2036790492797,98.0
1095180.0,-821.8924222265229,98.0
1095240.0,-889.9568278280765,98.0
1095300.0,-728.2832822400334,98.0
1095360.0,-901.7446122025387,98.0
1095420.0,-799.9546749872145,98.0
1095480.0,-889.490782179103,98.0
1095540.0,-805.91430680452,98.0
1095600.0,-825.0207142747582,98.0
1095660.0,-773.2892433751281,98.0
1095720.0,-751.5959206560037,98.0
1095780.0,-820.1237797809006,98.0
1095840.0,-755.1268990777933,98.0
1095900.0,-660.3360627745673,98.0
1095960.0,-813.263432767783,98.0
1096020.0,-776.3186109928121,98.0
1096080.0,-663.9551362185027,98.0
1096140.0,-701.4496587286174,98.0
1096200.0,-687.5140209986957,98.0
1096260.0,-625.7037215640007,98.0
1096320.0,-725.1230514079141,98.0
1096380.0,-699.0549809540357,98.0
1096440.0,-696.8485433131402,98.0
1096500.0,-669.5569654926301,98.0
1096560.0,-558.6481625305676,98.0
1096620.0,-731.4193243043596,98.0
1096680.0,-691.3233824432251,98.0
1096740.0,-691.9080617409876,98.0
1096800.0,-516.1437439867486,98.0
1096860.0,-627.3695569906024,98.0
1096920.0,-600.3484398470744,98.0
1096980.0,-667.8512227047851,98.0
1097040.0,-576.9245933033135,98.0
1097100.0,-499.38191958157466,98.0
1097160.0,-526.3715558805462,98.0
1097220.0,-538.1809810660444,98.0
1097280.0,-615.7472785388122,98.0
1097340.0,-531.6615853142537,98.0
1097400.0,-493.2856534116151,98.0
1097460.0,-551.7123460097198,98.0
1097520.0,-442.9984148317836,98.0
1097580.0,-419.2640021363657,98.0
1097640.0,-494.15096396253733,98.0
1097700.0,-408.9342358071651,98.0
1097760.0,-449.10938112373367,98.0
1097820.0,-363.72679736508945,98.0
1097880.0,-300.52587115447704,98.0
1097940.0,-478.20497728182085,98.0
1098000.0,-356.4169738453761,98.0
1098060.0,-314.2805643670613,98.0
1098120.0,-440.8036377997743,98.0
1098180.0,-407.04699327549145,98.0
1098240.0,-397.6924596071109,98.0
1098300.0,-360.44053135972194,98.0
1098360.0,-363.8137618866081,98.0
1098420.0,-344.2820511154821,98.0
1098480.0,-272.0544195599782,98.0
1098540.0,-426.02740502088614,98.0
1098600.0,-360.6541792075834,98.0
1098660.0,-251.96431294784645,98.0
1098720.0,-248.93107635046908,98.0
1098780.0,-335.546732714071,98.0
1098840.0,-228.3882431578652,98.0
1098900.0,-172.29481185903404,98.0
1098960.0,-244.78591747241012,98.0
1099020.0,-292.2612434519794,98.0
1099080.0,-169.22808220829364,98.0
1099140.0,-108.28762079050074,98.0
1099200.0,-254.78779321857343,98.0
1099260.0,-189.21807608173032,98.0
1099320.0,-116.12327516622156,98.0
1099380.0,-164.57689278256896,98.0
1099440.0,-266.3092026660107,98.0
1099500.0,-124.84739861035393,98.0
1099560.0,-200.17089113515823,98.0
1099620.0,-207.68536515225838,98.0
1099680.0,-225.11711568610394,98.0
1099740.0,-40.04949506617612,98.0
1099800.0,-151.5906693266502,98.0
1099860.0,-71.5551428018207,98.0
1099920.0,-46.879555117757036,98.0
1099980.0,-61.98430409362811,98.0
1100040.0,-43.99187906673649,98.0
1100100.0,-29.032940965540718,98.0
1100160.0,-33.73765495695801,98.0
1100220.0,-77.77975181353332,98.0
1100280.0,-73.29704927564808,98.0
1100340.0,-18.82333729075208,98.0
1100400.0,-10.303925673668289,98.0
1100460.0,32.79240946663799,98.0
1100520.0,82.87542983940409,97.99219228346033
1100580.0,47.12877113775812,97.97246003826046
1100640.0,-12.466809282017437,97.96123890227528
1100700.0,-85.01872697966309,97.96420719019957
1100760.0,9.350329941314556,97.98444974424235
1100820.0,-15.576512410723979,97.98222347520871
1100880.0,30.846190449156268,97.98593216863983
1100940.0,98.74886666508314,97.9785878375805
1101000.0,98.78634436821619,97.95507620266025
1101060.0,214.68999486385644,97.93155564447734
1101120.0,141.62521292751768,97.88043897903357
1101180.0,236.59468231800582,97.8467186902413
1101240.0,174.31944899750926,97.79038662302273
1101300.0,205.8807977431162,97.74888199230904
1101360.0,128.49117372004577,97.69986275475115
1101420.0,94.80000226337535,97.66926961815115
1101480.0,141.5352554940469,97.64669818904082
1101540.0,176.91869925342343,97.6129993186851
1101600.0,149.05376848972298,97.57087581886286
1101660.0,135.7402541360599,97.53538682636531
1101720.0,229.83626951189984,97.50306771823767
1101780.0,153.46972231902922,97.44834479692531
1101840.0,130.70052409169597,97.41180438684935
1101900.0,164.24889800233942,97.38068521444657
1101960.0,226.32286742202243,97.34157833396982
1102020.0,189.6838446727991,97.28769193696458
1102080.0,244.15158964885558,97.24252911680439
1102140.0,302.5033496782763,97.18439778593562
1102200.0,309.52319326056875,97.11237317886936
1102260.0,243.92566302385788,97.03867718047398
1102320.0,213.79447303132739,96.98059964165878
1102380.0,265.8848885146699,96.92969619569894
1102440.0,348.0863022299529,96.86639026986211
1102500.0,370.35708203665183,96.78351257885498
1102560.0,346.3671399326076,96.69533232122721
1102620.0,405.39742503803456,96.6128639545766
1102680.0,445.10830040849606,96.51634075813897
1102740.0,320.3330883476837,96.41036259137503
1102800.0,446.4150864818379,96.3340928084351
1102860.0,349.40501021559135,96.2278035021299
1102920.0,433.96595125276394,96.14461183303095
1102980.0,422.944944228582,96.0412866065422
1103040.0,269.3793016382968,95.94058542934492
1103100.0,337.5161206317161,95.87644750038342
1103160.0,329.612193668936,95.79608651928064
1103220.0,303.277148072144,95.71760742554994
1103280.0,470.1781086531332,95.64539858077086
1103340.0,548.6714059730903,95.53345141204392
1103400.0,416.1151277891149,95.4028153630027
1103460.0,489.7575544611205,95.30374033257672
1103520.0,534.4183744004295,95.18713139103836
1103580.0,464.5711446474411,95.05988892094302
1103640.0,457.1781191208922,94.94927674364601
1103700.0,450.4740644198714,94.840424810522
1103760.0,503.8774989301738,94.73316908089822
1103820.0,530.4017347049685,94.61319824781961
1103880.0,511.80921001255365,94.4869121205089
1103940.0,515.8112952129026,94.36505278479163
1104000.0,493.03263450736006,94.2422405716457
1104060.0,406.3443106463508,94.12485184914394
1104120.0,561.4734069047457,94.02810320375195
1104180.0,436.09021166734726,93.89441905925082
1104240.0,555.752755240666,93.79058805647288
1104300.0,569.2161899836445,93.65826597189178
1104360.0,460.58446762219984,93.52273830760996
1104420.0,497.5319505315595,93.41307533912848
1104480.0,666.1239953964152,93.29461535090668
1104540.0,538.7422033010763,93.13601439962181
1104600.0,474.80752048973807,93.0077424464549
1104660.0,600.4085428365497,92.89469303681449
1104720.0,510.1485494530147,92.7517386218534
1104780.0,445.23889520548965,92.63027468150744
1104840.0,595.4140591943742,92.52426542074423
1104900.0,512.7702347338363,92.3825001685551
1104960.0,590.3414878921985,92.260412017428
1105020.0,525.3503007978974,92.11985452031081
1105080.0,619.2875897223822,91.99477111535893
1105140.0,590.2482366411331,91.84732168923455
1105200.0,425.73329877982894,91.70678639479618
1105260.0,605.214571346256,91.60542132365813
1105320.0,566.0811804622741,91.46132261619474
1105380.0,669.6021771730341,91.32654138275133
1105440.0,609.4080583397304,91.16711229294823
1105500.0,632.1235427248902,91.02201513620068
1105560.0,545.1417431651341,90.87150953079
1105620.0,541.351511262836,90.74171387765544
1105680.0,588.158912298593,90.6128206606881
1105740.0,568.9637694626857,90.47278282442653
1105800.0,671.744386155302,90.33731526026875
1105860.0,583.0877323745733,90.17737612070796
1105920.0,519.58023065834,90.03854570823782
1105980.0,544.1566817056455,89.91483612950964
1106040.0,652.4156722484822,89.78527501481781
1106100.0,585.1370502045952,89.62993794999674
1106160.0,582.5482395459456,89.49061960470993
1106220.0,659.9789985508329,89.35191764291328
1106280.0,542.0168838389675,89.19477978611546
1106340.0,463.2849632001979,89.06572814710619
1106400.0,546.6741618828554,88.95542220348709
1106460.0,612.7797130302198,88.82526168875307
1106520.0,583.6493204280815,88.6793617570792
1106580.0,505.3171802392522,88.54039763316776
1106640.0,660.1866576610548,88.42008401882508
1106700.0,609.2701098559025,88.26289671938197
1106760.0,622.9953733199634,88.11783240751151
1106820.0,624.9822251449024,87.96950017576867
1106880.0,522.002136164147,87.8206948840675
1106940.0,618.1511307143032,87.69640866117128
1107000.0,654.4472269921204,87.54922982052501
1107060.0,668.397009550773,87.39340905219356
1107120.0,643.1893904159178,87.23426690706242
1107180.0,630.5933890734217,87.08112657601102
1107240.0,495.4092157509291,86.9309852928983
1107300.0,598.5642139241875,86.81303071771951
1107360.0,541.828624813775,86.67051542868994
1107420.0,675.8730303610996,86.54150861325809
1107480.0,666.44278119099,86.38058646317211
1107540.0,541.2226390742277,86.22190961050758
1107600.0,595.087469641893,86.09304707739467
1107660.0,612.3061077162641,85.9513595846228
1107720.0,650.9501506202421,85.80557241611892
1107780.0,495.83064940571796,85.65058428501887
1107840.0,463.2136067926734,85.5325293684937
1107900.0,597.4614015108201,85.42224041449545
1107960.0,442.6275978291161,85.27998769985001
1108020.0,603.325881115689,85.17460017655736
1108080.0,628.6020020723283,85.0309511572441
1108140.0,666.4516703976394,84.88128401389355
1108200.0,554.1097479473376,84.72260504475125
1108260.0,600.271635838426,84.59067415238283
1108320.0,628.7884625418463,84.44775233432607
1108380.0,518.2123758070522,84.29804079562562
1108440.0,642.6950590914855,84.17465689662394
1108500.0,603.2146116133682,84.02163426350693
1108560.0,549.3688075564306,83.87801173693231
1108620.0,593.0819529751215,83.74720963989506
1108680.0,575.1049910573132,83.60599965109147
1108740.0,629.0982559188526,83.46906989131591
1108800.0,559.4582087085519,83.31928459228762
1108860.0,593.4669067715544,83.18608025688081
1108920.0,541.3053541655836,83.04477861241139
1108980.0,520.9750208231537,82.9158963852291
1109040.0,586.1869304263621,82.79185471360455
1109100.0,520.7037836373196,82.65228639683637
1109160.0,621.12553872225,82.52830930549416
1109220.0,607.1720458860568,82.38042227246505
1109280.0,524.2456029221494,82.23585749963505
1109340.0,581.4611945485929,82.11103711798691
1109400.0,520.9023228682856,81.97259397642772
1109460.0,469.24408391207277,81.84856961384003
1109520.0,528.057010864583,81.7368448319562
1109580.0,559.2288678902995,81.61111697222654
1109640.0,591.8600090929339,81.47796724177647
1109700.0,567.8427117328287,81.33704819199244
1109760.0,611.6042242891085,81.20184754634177
1109820.0,496.5155959382088,81.0562274929396
1109880.0,530.998062339463,80.93800949390669
1109940.0,650.4495475618131,80.81158138382587
1110000.0,434.0841088253003,80.6567124439302
1110060.0,520.9674191747421,80.55335908468608
1110120.0,481.9058231347574,80.42931922297781
1110180.0,532.5579784632863,80.31457974127906
1110240.0,516.2777247477809,80.18778022259733
1110300.0,576.5134930842522,80.06485695480023
1110360.0,553.7325379901729,79.92759183739922
1110420.0,458.0595558296268,79.79575075692537
1110480.0,499.0810224690127,79.68668895791832
1110540.0,532.3173338219358,79.56786014304474
1110600.0,574.6209440632236,79.44111792070619
1110660.0,674.1499804507654,79.30430341021494
1110720.0,568.2362971778707,79.14379151010762
1110780.0,463.19659315168326,79.0084971536367
1110840.0,516.1766632203335,78.89821225050534
1110900.0,530.5101528168126,78.77531304497668
1110960.0,486.3164055894075,78.64900110382982
1111020.0,543.5083392857625,78.53321148345138
1111080.0,376.8086577248247,78.40380473600239
1111140.0,544.0647338697262,78.31408838892504
1111200.0,480.06370835227716,78.18454916657511
1111260.0,499.8232218162755,78.07024828363409
1111320.0,592.0955393173833,77.95124275463021
1111380.0,426.1964639064312,77.81026762622132
1111440.0,515.9753441406492,77.70879227767217
1111500.0,544.9621919905875,77.58594100525774
1111560.0,505.25246446835814,77.45618810240283
1111620.0,395.87743872774024,77.33588989657703
1111680.0,571.4414427481638,77.24163336354661
1111740.0,475.4176825304586,77.105575877178
1111800.0,454.12100836597523,76.99238119086122
1111860.0,464.8129108688877,76.88425714125027
1111920.0,458.1760486157235,76.77358740056721
1111980.0,407.3521527816194,76.66449786518251
1112040.0,486.31384657716563,76.56750925737737
1112100.0,438.2331059899849,76.45172024628756
1112160.0,511.967669159062,76.34737903057567
1112220.0,500.41500933795993,76.22548196649018
1112280.0,564.5425754991634,76.10633553569542
1112340.0,451.94637530546885,75.97192063676705
1112400.0,414.0907458367327,75.86431435693241
1112460.0,371.74255724260695,75.76572132220937
1112520.0,589.1696455429476,75.67721118953256
1112580.0,494.93861820151085,75.53693270249852
1112640.0,411.311755719705,75.4190901743553
1112700.0,552.0933439288035,75.32115880394585
1112760.0,529.5236953641779,75.18970800777232
1112820.0,364.7305858245876,75.06363093744751
1112880.0,398.2559330506872,74.976790321775
1112940.0,433.1865586142793,74.88196748057246
1113000.0,374.58752177304893,74.77882782375953
1113060.0,430.6699045221588,74.68964031857547
1113120.0,476.86040421909865,74.5870998651178
1113180.0,349.4315168190812,74.47356167363706
1113240.0,447.09863463158723,74.39036369344204
1113300.0,497.3273443527975,74.28391163757738
1113360.0,448.9374441522945,74.16550036511242
1113420.0,418.10237268031113,74.05861049745711
1113480.0,380.2771840114132,73.9590623134856
1113540.0,467.94699106127996,73.86852012681622
1113600.0,345.22414751549786,73.75710417656353
1113660.0,428.1598482356709,73.6749079509646
1113720.0,412.88679275743533,73.5729651299561
1113780.0,476.66694796199164,73.47465875072814
1113840.0,371.95112171519963,73.361166620261
1113900.0,374.84936835827375,73.27260682937643
1113960.0,328.0111788661246,73.18335697976731
1114020.0,426.58213184978473,73.10525908003729
1114080.0,372.7509354166358,73.00369190578733
1114140.0,344.3034106442476,72.91494168306909
1114200.0,347.8803256768787,72.83296468053474
1114260.0,423.9908995698691,72.75013603156405
1114320.0,323.4763403216438,72.64918581738075
1114380.0,326.70785216764574,72.5721676411137
1114440.0,439.25807152353985,72.49438005726425
1114500.0,373.4427505687813,72.3897948021396
1114560.0,438.6855897570455,72.30087986152799
1114620.0,357.7620027986932,72.19643091158584
1114680.0,377.2360899526735,72.11124948234806
1114740.0,384.67796513218565,72.02143136569266
1114800.0,456.5498602772311,71.92984137399452
1114860.0,449.69426786864494,71.82113902630947
1114920.0,438.58209162534865,71.71406896253121
1114980.0,329.7216738814549,71.60964465500138
1115040.0,306.3211334743042,71.53113949455341
1115100.0,409.27585135907685,71.45820589134524
1115160.0,444.34893610814584,71.36075926006927
1115220.0,429.645173410287,71.25496189432924
1115280.0,358.80956687282054,71.15266542446965
1115340.0,399.86370456315706,71.06723457521421
1115400.0,399.1051928486073,70.9720289312706
1115460.0,361.5235380613714,70.87700388535427
1115520.0,362.3528448583251,70.79092685248251
1115580.0,354.94414010070483,70.70465236561148
1115640.0,300.0272631618862,70.6201418560637
1115700.0,304.42928522726334,70.54870679340611
1115760.0,301.80121686473115,70.47622363025677
1115820.0,246.25355096934075,70.40436619766993
1115880.0,349.115456986567,70.34573439982009
1115940.0,336.46461201852577,70.26261167196614
1116000.0,382.9911212130758,70.18250105005697
1116060.0,411.3097227022994,70.09131268786338
1116120.0,413.5369546471581,69.99338180150569
1116180.0,417.6190542931363,69.8949206218278
1116240.0,285.53735116412173,69.79548751366276
1116300.0,243.51501153120773,69.72750243005225
1116360.0,383.7668177415357,69.66952266540197
1116420.0,409.35912640882395,69.57814961355875
1116480.0,418.31886186868934,69.48068315488999
1116540.0,352.60654905803034,69.38108342587363
1116600.0,202.27124939575032,69.29712948562171
1116660.0,342.59598727696175,69.24896966433701
1116720.0,352.59099675383067,69.16739919117583
1116780.0,393.01332527983703,69.08344895385349
1116840.0,402.3099349392583,68.98987435259639
1116900.0,369.7726664973154,68.89408627284895
1116960.0,278.6393808353926,68.80604516177816
1117020.0,250.82946965863576,68.73970245205544
1117080.0,343.33344502978036,68.67998114975576
1117140.0,262.4889369699866,68.59823509141533
1117200.0,397.2988592756804,68.5357377254701
1117260.0,205.29252356088728,68.44114275897589
1117320.0,340.3732321347727,68.39226358669949
1117380.0,324.344564164,68.31122234095311
1117440.0,291.59725187368076,68.23399744472358
1117500.0,247.34531429014237,68.16456952761081
1117560.0,178.01289612992719,68.10567778611316
1117620.0,268.7189691316447,68.06329376322509
1117680.0,268.6748315247416,67.99931305628898
1117740.0,365.1329496605331,67.9353428583069
1117800.0,250.39601083600692,67.84840644172105
1117860.0,323.4897281116559,67.78878834390295
1117920.0,217.76265669771212,67.71176698006684
1117980.0,323.10276641050973,67.65991872847215
1118040.0,159.03382124081935,67.5829894983744
1118100.0,418.03857670794315,67.54512430284088
1118160.0,282.8985694057508,67.4455913083866
1118220.0,122.7510962180518,67.37823450614714
1118280.0,246.43124310491518,67.34900805466665
1118340.0,236.0479498714191,67.29033394916549
1118400.0,248.34631290453217,67.23413205633896
1118460.0,264.94072089091185,67.17500198183788
1118520.0,246.20190601633803,67.11192085781623
1118580.0,236.12970571754482,67.05330135638377
1118640.0,214.76454872013755,66.9970799978796
1118700.0,332.7794211273737,66.94594558151766
1118760.0,354.7419890707956,66.86671238601114
1118820.0,266.6163165060464,66.78225000766095
1118880.0,280.06436710884816,66.71876993230237
1118940.0,212.7892890081505,66.6520879401336
1119000.0,283.89153791807183,66.60142382370309
1119060.0,292.7036834995684,66.53383060038927
1119120.0,265.03173374588505,66.46413924717508
1119180.0,301.26399590784763,66.40103645342606
1119240.0,295.33974818623517,66.32930693059086
1119300.0,212.90028111301308,66.25898794292748
1119360.0,347.07643913167595,66.20829739980533
1119420.0,262.3930982190989,66.12566015239302
1119480.0,374.7576176896819,66.063185605198
1119540.0,298.8329872971681,65.97395760098617
1119600.0,391.26097283809565,65.90280688972494
1119660.0,342.930991019913,65.80964951523968
1119720.0,285.4685171841963,65.72799927928256
1119780.0,227.88528902669069,65.66003058471489
1119840.0,228.6242972297068,65.60577218256567
1119900.0,302.15895118859356,65.5513378260824
1119960.0,278.2347320194012,65.47939521865655
1120020.0,233.78741151772442,65.41314885389002
1120080.0,318.6057687403841,65.35748518448104
1120140.0,270.4528277295983,65.28162666811427
1120200.0,317.9825255950068,65.21723313770246
1120260.0,208.63995781368283,65.1415230125608
1120320.0,326.67334779759784,65.09184683212897
1120380.0,296.31215376580684,65.01406746360573
1120440.0,337.6642834653674,64.94351695080435
1120500.0,324.0237568111729,64.8631206928364
1120560.0,259.8585131601229,64.78597217930994
1120620.0,254.62083161729166,64.724101104748
1120680.0,371.1223771614134,64.66347709722008
1120740.0,246.31308114230285,64.57511462646737
1120800.0,308.2691737604586,64.51646865476683
1120860.0,240.1050195974817,64.4430712324429
1120920.0,150.9093016578317,64.38590337063398
1120980.0,188.62478459841458,64.34997258452498
1121040.0,286.2718622488293,64.30506192152535
1121100.0,303.6444639800947,64.23690195432324
1121160.0,285.797634504391,64.1646056533756
1121220.0,329.67822554020756,64.09655859754122
1121280.0,284.08129183765027,64.0180637819364
1121340.0,213.78387435339522,63.95042537911792
1121400.0,295.65605616301843,63.89952445665282
1121460.0,269.88191462629425,63.82913015756639
1121520.0,224.8868620084976,63.764872558845845
1121580.0,287.49365153688285,63.71132806789144
1121640.0,263.6339542385621,63.6428771984779
1121700.0,222.30791734316276,63.58010720937348
1121760.0,247.67902274400393,63.527176752863205
1121820.0,342.91468781111064,63.468205556971775
1121880.0,340.71015182042896,63.386559202731036
1121940.0,268.90814973927473,63.30543773801189
1122000.0,260.8244092320217,63.24141198807396
1122060.0,171.18062506632805,63.17931093825681
1122120.0,360.10628996250676,63.13855364657435
1122180.0,318.91175956045396,63.05281405372614
1122240.0,301.64093984659496,62.97688268240222
1122300.0,119.83821167148508,62.905063411010175
1122360.0,258.58110816829026,62.87653050346935
1122420.0,248.30708379148973,62.81496357295309
1122480.0,296.71803172964576,62.75584283871702
1122540.0,228.506678848826,62.6851956883052
1122600.0,241.4903429627051,62.63078933619833
1122660.0,292.3870514614557,62.57329163549293
1122720.0,208.64166984209518,62.50367567085925
1122780.0,220.452573710026,62.45399908280161
1122840.0,266.33805243348627,62.40151037477541
1122900.0,334.8953642918303,62.33809655276744
1122960.0,302.9465171357632,62.25835956126939
1123020.0,318.81892650449237,62.18622943814182
1123080.0,257.9541765676574,62.11032016992647
1123140.0,343.72437132323876,62.04890250883893
1123200.0,145.52905568272138,61.967063372809584
1123260.0,371.3343543613007,61.932413597647034
1123320.0,379.10553988163576,61.84400065613244
1123380.0,277.39698246663966,61.753737432351095
1123440.0,299.93575987497826,61.6876905317638
1123500.0,247.7200099347007,61.61627725560309
1123560.0,237.425900149531,61.55729630085673
1123620.0,213.34777958480558,61.500766324630646
1123680.0,247.05928131852073,61.44996923425331
1123740.0,283.35601103469395,61.39114559584414
1123800.0,275.19303354973005,61.32367987893112
1123860.0,369.19618726205164,61.25815772808594
1123920.0,256.0164759700539,61.17025387397593
1123980.0,160.67028982491252,61.10929757017354
1124040.0,348.65864108698037,61.07104273926284
1124100.0,176.74274745220384,60.988028777099274
1124160.0,216.4365489800989,60.94594717056304
1124220.0,266.3045933848714,60.89441465890111
1124280.0,275.0305102662864,60.83100880333328
1124340.0,163.27370665734242,60.76552534850798
1124400.0,205.21167211238708,60.72665065644671
1124460.0,161.15305916219745,60.677790734515185
1124520.0,287.30279122718423,60.639420958524184
1124580.0,321.0028011485072,60.57101553204152
1124640.0,176.68972610324352,60.49458629367283
1124700.0,309.73960669008676,60.4525173112673
1124760.0,305.84673497797087,60.3787697858649
1124820.0,210.45576380214553,60.305949134679665
1124880.0,131.0452699955348,60.25584061948868
1124940.0,185.72465202488098,60.224639364727835
1125000.0,214.28455907539862,60.180419209483816
1125060.0,342.5002663029241,60.129399076370625
1125120.0,242.90186229612348,60.04785139391755
1125180.0,189.59033964641998,59.99001761718038
1125240.0,258.87093302603853,59.944877060121705
1125300.0,172.2791611233672,59.883241123686936
1125360.0,280.8604261669867,59.84222227580042
1125420.0,191.34018152087677,59.775350745760655
1125480.0,200.04860274272207,59.72979355968425
1125540.0,272.52955230339455,59.682162939983606
1125600.0,355.01405278813075,59.61727495133994
1125660.0,381.86728804965355,59.53274779591419
1125720.0,187.6081069120274,59.44182701304523
1125780.0,214.20366070288208,59.39715841616141
1125840.0,280.93198069581587,59.346157544565486
1125900.0,320.12740803896145,59.279268977733146
1125960.0,120.1550295907885,59.2030481662953
1126020.0,255.24026422587633,59.17443982591654
1126080.0,220.77148094555903,59.11366833443419
1126140.0,134.5587923921646,59.06110369611382
1126200.0,169.77000270172232,59.0290658884014
1126260.0,215.93360749064075,58.9886444591867
1126320.0,253.5289822662845,58.937231695498454
1126380.0,310.48625914381637,58.87686765210172
1126440.0,271.2609813901715,58.80294235230558
1126500.0,306.85246820592243,58.738356404355535
1126560.0,251.6035701899281,58.66529629287793
1126620.0,207.703361900758,58.60539068092795
1126680.0,238.97513082227883,58.555937499523004
1126740.0,291.7311789479912,58.499038658851035
1126800.0,311.95387906405676,58.42957885433961
1126860.0,241.12767945678974,58.35530412122912
1126920.0,194.2532572726558,58.2978927689775
1126980.0,270.1396760132876,58.25164199343639
1127040.0,278.6790587064805,58.18732302295703
1127100.0,323.9633615463991,58.12097086612216
1127160.0,209.27446066507517,58.04383673242064
1127220.0,209.93241568035668,57.994009479881335
1127280.0,295.36988200412395,57.944025571386014
1127340.0,225.55427652198017,57.87369940900408
1127400.0,223.01926196770575,57.81999600983218
1127460.0,325.2487289044648,57.76689618555415
1127520.0,167.74002582210352,57.68945601200547
1127580.0,373.37257794498464,57.64951791061926
1127640.0,213.24229411730695,57.560619677775215
1127700.0,302.0041545408304,57.50984770298538
1127760.0,243.47250439690563,57.437941951904236
1127820.0,266.2822573716269,57.37997230800021
1127880.0,234.23336905455326,57.31657177053078
1127940.0,301.3951996950381,57.26080192075589
1128000.0,229.1612126258382,57.189041158923736
1128060.0,215.62390441298982,57.134478965441396
1128120.0,358.8012533099052,57.08313994058116
1128180.0,251.7637602182635,56.997711070745474
1128240.0,209.45912322477272,56.93776731831255
1128300.0,160.58372408706248,56.88789609849713
1128360.0,361.93566832210706,56.849661878476404
1128420.0,216.8855355255913,56.763486719352095
1128480.0,373.71142906163453,56.711847306131716
1128540.0,273.9324777911759,56.62286839445037
1128600.0,258.5744163467573,56.55764637592866
1128660.0,260.1920267309892,56.496081038703245
1128720.0,382.95855444743535,56.43413055614825
1128780.0,118.46849088282625,56.34294994794648
1128840.0,262.8622104803709,56.31474316440295
1128900.0,234.0896248989184,56.252156923812386
1128960.0,237.21636856891723,56.196421298836455
1129020.0,258.9608219421116,56.139941211081954
1129080.0,234.02701036664973,56.07828387252431
1129140.0,261.29025787457175,56.02256315577034
1129200.0,248.58793924201478,55.96035118960973
1129260.0,171.18927670489842,55.9011635850283
1129320.0,272.8849221017418,55.86040423343189
1129380.0,292.9664321431243,55.79543163293148
1129440.0,217.47944677318935,55.72567772051645
1129500.0,362.077381725123,55.67389689985617
1129560.0,330.13817030612705,55.58768799944542
1129620.0,300.6412683317085,55.509083673182054
1129680.0,299.9136571284928,55.43750241881736
1129740.0,251.81053010737628,55.366094405215335
1129800.0,318.4873591876724,55.30613951709453
1129860.0,344.2506502644535,55.23030919347842
1129920.0,298.487176894963,55.148344752939266
1129980.0,215.78912148782132,55.07727637748808
1130040.0,247.6256462669937,55.025898015229075
1130100.0,284.4271713003059,54.96693952802265
1130160.0,300.27212808888544,54.89921877295115
1130220.0,245.3592949302711,54.82772540912046
1130280.0,215.99994012443022,54.76930652937516
1130340.0,345.06143038955014,54.71787797220267
1130400.0,185.6704214797308,54.63572048877659
1130460.0,193.53032929304874,54.591513245567135
1130520.0,170.38323559924683,54.54543459573546
1130580.0,193.39856608982439,54.504867158688015
1130640.0,324.8530629790048,54.45881988104758
1130700.0,326.86313737259286,54.38147391367163
1130760.0,245.57129078617734,54.30364935715434
1130820.0,279.7937895442081,54.24518000220525
1130880.0,249.38560918877255,54.17856243326616
1130940.0,178.49829055699917,54.11918490726883
1131000.0,383.1043983963824,54.07668531427907
1131060.0,332.5035187122347,53.98546998132755
1131120.0,271.2854967307301,53.906302476872256
1131180.0,198.668221274085,53.84171069193637
1131240.0,236.5269148725179,53.79440873449016
1131300.0,208.47888626682047,53.73809280237766
1131360.0,255.88088112814864,53.688454972314126
1131420.0,268.6229546781513,53.6275309529979
1131480.0,229.56174729290865,53.56357310664596
1131540.0,162.7663248894722,53.5089155477667
1131600.0,377.95654827039846,53.47016166088825
1131660.0,264.28664469700016,53.38017200653816
1131720.0,277.4327084187592,53.317246614943635
1131780.0,224.69489788927356,53.25119120817726
1131840.0,156.3211975895005,53.19769242296553
1131900.0,245.04637393143543,53.160473090206125
1131960.0,230.65377169866412,53.102128715460545
1132020.0,292.6219944253182,53.04721115077039
1132080.0,304.41758631066915,52.97753924733579
1132140.0,295.9578704792984,52.90505886964277
1132200.0,309.3557899918254,52.83459271000484
1132260.0,358.28293409072234,52.7609365695306
1132320.0,273.45782324178145,52.67563110903281
1132380.0,316.02360898655036,52.61052210349905
1132440.0,279.70645337673005,52.53527838707368
1132500.0,136.07708369720717,52.46868161246017
1132560.0,240.81262074635998,52.43628230681798
1132620.0,198.02603083205054,52.37894596854504
1132680.0,263.97987098326007,52.33179691358503
1132740.0,202.63869124950617,52.26894456335092
1132800.0,286.4458776774474,52.220697255910565
1132860.0,308.97274209368464,52.15249585646355
1132920.0,322.3316146809754,52.07893091786982
1132980.0,347.27980111859085,52.00218529532673
1133040.0,149.5697144035812,51.91949962839374
1133100.0,178.19858334510948,51.88388779163098
1133160.0,425.81531481123545,51.841459557501196
1133220.0,310.72605625007975,51.740074958736614
1133280.0,263.63017181988107,51.666092564391356
1133340.0,252.09465646039325,51.603323475862815
1133400.0,246.77038268444437,51.543300938610344
1133460.0,134.16727962957606,51.48454608559024
1133520.0,203.8629277530805,51.452601495202245
1133580.0,243.50296314950148,51.40406270288008
1133640.0,207.2739404095758,51.346085806892106
1133700.0,215.12968349787866,51.296734868699346
1133760.0,403.7746617651826,51.24551351548556
1133820.0,235.16517977087912,51.14937669125576
1133880.0,266.9658308380274,51.09338498178651
1133940.0,264.845788948037,51.02982168872983
1134000.0,285.67690912481225,50.966763167551726
1134060.0,221.68888019086162,50.89874485585534
1134120.0,325.16204259903236,50.84596178914323
1134180.0,276.9750719902338,50.76854225519108
1134240.0,173.15053956459116,50.70259580947912
1134300.0,243.9501519531226,50.66136949053517
1134360.0,240.09245175788246,50.60328612102252
1134420.0,237.35339437792393,50.54612125155636
1134480.0,281.0241561912527,50.48960853860923
1134540.0,288.5739871473631,50.42269802523036
1134600.0,281.5149373171157,50.35398993305242
1134660.0,270.87714839924945,50.28696256702453
1134720.0,255.7082129762549,50.22246800788185
1134780.0,121.5265558023435,50.161585100030365
1134840.0,297.3029160679371,50.13265020579171
1134900.0,279.9623998726873,50.06186379720411
1134960.0,191.60874579131178,49.99520608294871
1135020.0,267.5641606430492,49.9495849529984
1135080.0,289.64193075617743,49.88587920046434
1135140.0,321.07850545171465,49.81691683599858
1135200.0,281.461557027316,49.740469572795796
1135260.0,270.18116687953193,49.67345491636072
1135320.0,307.7348569584203,49.60912606710369
1135380.0,232.58152225438798,49.53585586306597
1135440.0,275.74154554249344,49.480479310148255
1135500.0,213.8040927508572,49.414826561209566
1135560.0,317.7404044558899,49.363920824840314
1135620.0,154.5939234153759,49.28826834758891
1135680.0,300.23716754257447,49.25146027058525
1135740.0,252.35427087151658,49.17997523069416
1135800.0,309.2763118923931,49.11989088048666
1135860.0,204.58438805809817,49.04625366336942
1135920.0,256.88278212176,48.997543094784156
1135980.0,255.19113137429736,48.93638052761231
1136040.0,277.65884542334385,48.87562073442795
1136100.0,188.84767679086502,48.809511485517625
1136160.0,289.9530295159158,48.764547752948374
1136220.0,141.10849087949626,48.69551131734935
1136280.0,211.87703233268599,48.66191405761614
1136340.0,158.27269777441353,48.61146714515598
1136400.0,301.8222557733571,48.5737831694954
1136460.0,276.23331265411286,48.5019207276446
1136520.0,279.6880727628836,48.43615089129838
1136580.0,340.8214562116998,48.36955849302151
1136640.0,233.58212188065397,48.288410527256815
1136700.0,289.2266279902506,48.23279573633285
1136760.0,256.730176737464,48.16393225347802
1136820.0,247.71674732310265,48.102806020921484
1136880.0,331.41514726563867,48.04382584298741
1136940.0,378.0620881002502,47.96491747459083
1137000.0,227.3981719535385,47.87490269170981
1137060.0,303.4514775050999,47.82076026981611
1137120.0,272.72290448156724,47.748509918029185
1137180.0,273.5958569800519,47.68357589315262
1137240.0,268.71881253039385,47.61843402244308
1137300.0,234.0685070473828,47.55445335279299
1137360.0,39.12558090393793,47.49872275587695
1137420.0,346.49058639784715,47.48940714137601
1137480.0,212.90226683051176,47.406909382709856
1137540.0,240.28377427234102,47.356218366797826
1137600.0,241.75760292127268,47.29900794435203
1137660.0,208.15215220340878,47.24144661032315
1137720.0,269.80736446965375,47.19188657408424
1137780.0,252.95445212104775,47.12764672540099
1137840.0,212.84914935818009,47.067419474895985
1137900.0,265.0356364111379,47.01674110600118
1137960.0,254.3392531194219,46.95363738304614
1138020.0,312.24547923798747,46.89308041801771
1138080.0,176.41412249512015,46.81873625629438
1138140.0,208.7847179063992,46.77673289379554
1138200.0,300.9062364090295,46.72702224667497
1138260.0,219.29367802163827,46.65537790467282
1138320.0,203.77382755655913,46.60316512419148
1138380.0,222.87031531425768,46.55464754620182
1138440.0,252.54922739504065,46.50158318541271
1138500.0,253.10803773716114,46.44145241698532
1138560.0,246.6830151579459,46.38118859847647
1138620.0,197.9195670472685,46.32245454724839
1138680.0,306.38746090980476,46.275330840808564
1138740.0,339.9473466314152,46.20238144535385
1138800.0,146.13675730020108,46.1214416009178
1138860.0,167.95074063134396,46.086647134893944
1138920.0,321.7479804902883,46.04665886331505
1138980.0,356.190719224054,45.970052201293555
1139040.0,134.69188073788854,45.88524488719259
1139100.0,311.82210744169674,45.853175391778805
1139160.0,361.6359450171144,45.77893203286411
1139220.0,212.0999079008243,45.69282823643147
1139280.0,359.1207876697622,45.64232825835984
1139340.0,254.17204529821487,45.55682330891466
1139400.0,284.25615220257976,45.49630615527223
1139460.0,222.76572644064473,45.42862611903352
1139520.0,326.53914536329216,45.37558666035717
1139580.0,317.1185177434402,45.29783924479448
1139640.0,371.124498020753,45.22233483580795
1139700.0,354.68585669844833,45.13397186008872
1139760.0,268.32516630768475,45.04952284658909
1139820.0,456.0192631292142,44.98563590223012
1139880.0,351.2244529980634,44.87705988719936
1139940.0,303.28652366943356,44.793435017437915
1140000.0,211.72363477682396,44.72122394037376
1140060.0,180.46729228414998,44.67081355114119
1140120.0,186.30331359118554,44.62784514821639
1140180.0,217.74050784321813,44.58348721640896
1140240.0,357.17412298605865,44.53164423835105
1140300.0,304.55725070508487,44.44660278049722
1140360.0,239.34625345634035,44.374089149376964
1140420.0,268.834358345095,44.317101946173075
1140480.0,262.3810438757071,44.25309376561472
1140540.0,326.73001888133683,44.190622088501456
1140600.0,226.9024302717346,44.11282922686304
1140660.0,301.5373064071744,44.058804838703104
1140720.0,299.5099474840437,43.987010241939494
1140780.0,231.5445862615171,43.915698349681385
1140840.0,378.7524174440081,43.86056868628579
1140900.0,266.7570260880115,43.77038953927531
1140960.0,225.96971495310882,43.706875961635305
1141020.0,337.7754492223614,43.65307364855123
1141080.0,290.965135445788,43.572650922545904
1141140.0,313.31898550071224,43.50337350934453
1141200.0,218.875827991898,43.42877375089198
1141260.0,339.8706656373537,43.37666045851295
1141320.0,422.66650790357556,43.295738871456436
1141380.0,217.77222771532178,43.19510398862225
1141440.0,316.0428372430063,43.14325345821384
1141500.0,248.94667087838474,43.06800516363217
1141560.0,458.743712708664,43.008732146756365
1141620.0,373.07480528121613,42.8995074532543
1141680.0,316.9804648540977,42.810680118663534
1141740.0,227.76704365979464,42.73520857941256
1141800.0,243.68892626185433,42.68097833092213
1141860.0,349.07031040965285,42.62295715800264
1141920.0,224.01441789567485,42.539845179333675
1141980.0,227.39598766540223,42.48650841316804
1142040.0,309.32050877521084,42.43236651134294
1142100.0,318.35256853542796,42.358718771158365
1142160.0,334.73567191271513,42.28292054055469
1142220.0,287.17792211255323,42.203221571051664
1142280.0,370.40345506206154,42.13484587531058
1142340.0,265.16069428389005,42.04665457648628
1142400.0,356.1729539043797,41.983521077847264
1142460.0,333.15614361493675,41.89871799358432
1142520.0,358.1124313896823,41.819395102247434
1142580.0,394.7879888744167,41.73413023763084
1142640.0,298.37286768416516,41.64013309742265
1142700.0,287.88297275514174,41.56909193845023
1142760.0,228.1289428413412,41.50054837350853
1142820.0,210.20750959146338,41.446231958546306
1142880.0,322.734355177381,41.39618255150072
1142940.0,-3475.3247055177085,41.31934103836325
1143000.0,-3532.0330836321045,42.14679930158175
1143060.0,-3517.0989142218996,42.98775955958939
1143120.0,-3371.360705687799,43.82516406297556
1143180.0,-3408.1228401201383,44.62786899290123
1143240.0,-3534.245350270204,45.43932681197745
1143300.0,-3482.936109274383,46.280813800137025
1143360.0,374.2892612727989,47.110084302345214
1143420.0,314.5540417753398,47.020967811565974
1143480.0,305.86021473917054,46.946073992095656
1143540.0,336.3566025318082,46.87325013144347
1143600.0,424.38874055389107,46.793165226078756
1143660.0,432.15893968404214,46.69212028785164
1143720.0,319.5015545078845,46.589225302212576
1143780.0,393.64232819464246,46.51315350352022
1143840.0,368.032499150929,46.41942913966435
1143900.0,310.3576822208388,46.331802354152224
1143960.0,355.4882134534191,46.257907667909166
1144020.0,299.9453463222101,46.17326761708692
1144080.0,448.0948182049733,46.10185205843877
1144140.0,473.9968542465447,45.99516281600902
1144200.0,358.775600224099,45.88230642214079
1144260.0,347.0505858766722,45.79688366018267
1144320.0,451.87973275006715,45.71425256830727
1144380.0,464.20451930316835,45.606662155747735
1144440.0,327.02461756396104,45.49613727019936
1144500.0,387.68192670470285,45.41827426601747
1144560.0,395.7245547452174,45.32596904537349
1144620.0,355.73081446409776,45.2317489132913
1144680.0,427.87241871710575,45.14705110032366
1144740.0,365.47180422259765,45.045176714914824
1144800.0,377.82603189868246,44.958159618671345
1144860.0,406.95165050258595,44.86820103964785
1144920.0,326.49561730486033,44.77130778952819
1144980.0,295.2750939017833,44.69357073778893
1145040.0,476.5965344977872,44.623267144002796
1145100.0,379.9328239407377,44.50979177864618
1145160.0,555.3093108083415,44.419331582469816
1145220.0,548.4053408024447,44.2871150798964
1145280.0,402.59537172611675,44.15654237970534
1145340.0,576.2267765973245,44.06068633881817
1145400.0,495.04709929642723,43.92348948724738
1145460.0,402.9913709109737,43.80562113027204
1145520.0,289.7249249318846,43.70967080386466
1145580.0,488.8562444988745,43.64068867888088
1145640.0,452.3817910656441,43.52429433495257
1145700.0,479.327251400317,43.416584384698844
1145760.0,442.6602404183355,43.30245884865115
1145820.0,390.70609105477047,43.19706355331345
1145880.0,436.6641310341533,43.1040382935385
1145940.0,507.6321907483584,43.000070643292275
1146000.0,446.91850768720894,42.879205835971234
1146060.0,449.5007275108615,42.77279666747428
1146120.0,382.9038611813702,42.665772684733604
1146180.0,482.47573267217973,42.57460509873804
1146240.0,413.2185328879882,42.45972992429228
1146300.0,537.9696815971305,42.36134455931895
1146360.0,441.7274053568441,42.233256539891066
1146420.0,470.9370174868745,42.128083348139434
1146480.0,621.4132886792756,42.015955486833036
1146540.0,476.06278699857137,41.867999941909396
1146600.0,470.8924082822161,41.75465165929069
1146660.0,535.3192948160397,41.642534419223495
1146720.0,395.90549142542056,41.51507744426729
1146780.0,580.8918468314793,41.42081423202314
1146840.0,568.2833563054431,41.282506649444215
1146900.0,542.8980134125601,41.14720108841911
1146960.0,311.56801108757776,41.017939656654214
1147020.0,501.3698142623795,40.943756796871455
1147080.0,443.27960755446037,40.82438303157089
1147140.0,589.7901689590107,40.71884026786745
1147200.0,588.1634316507111,40.57841403716292
1147260.0,550.9288982576654,40.43837512486513
1147320.0,458.0714191924802,40.307201577660926
1147380.0,622.4954957491589,40.19813695404367
1147440.0,519.6506165970404,40.04992374077006
1147500.0,646.2244108535666,39.926197403485055
1147560.0,556.3073908106061,39.77233444851992
1147620.0,573.2395725936432,39.63988030785073
1147680.0,517.623414098732,39.50339469532844
1147740.0,632.0320257172807,39.38015102530493
1147800.0,586.4549450599616,39.22966720965796
1147860.0,638.816633330042,39.09003507988178
1147920.0,565.1486279216215,38.93793588146986
1147980.0,553.8844856722269,38.803376684345665
1148040.0,594.5817256785342,38.671499425852275
1148100.0,647.5487720038553,38.529932348309764
1148160.0,624.0770116985507,38.37575406926123
1148220.0,573.3960700805507,38.2271643045711
1148280.0,455.6512064306515,38.090641430742394
1148340.0,617.6400725183759,37.98215304825891
1148400.0,484.57708665897087,37.835095888135484
1148460.0,574.1660173295513,37.71972039131192
1148520.0,565.682956078804,37.58301419670964
1148580.0,487.71438161893343,37.44832777859564
1148640.0,594.9382760637992,37.33220530678161
1148700.0,701.3496006030974,37.19055333629023
1148760.0,552.5574427809747,37.02356533614663
1148820.0,616.2294569520172,36.8920040402464
1148880.0,710.335119375032,36.74528274097211
1148940.0,619.2332713300269,36.5761553315971
1149000.0,527.0437969565947,36.428718838423286
1149060.0,577.9963095918183,36.303232220100284
1149120.0,590.4531473977986,36.16561405114985
1149180.0,645.2618013968375,36.025029968436094
1149240.0,629.5036289942127,35.87139620619875
1149300.0,387.70068078176075,35.721514389771556
1149360.0,499.5641102503366,35.62920470387114
1149420.0,543.5907718071356,35.51026086809725
1149480.0,483.5478327897902,35.380834493857456
1149540.0,318.95204264993424,35.265704057478935
1149600.0,493.7355813801223,35.18976309494324
1149660.0,533.1965627597422,35.07220700413845
1149720.0,497.86449209902355,34.945255441576606
1149780.0,465.36358435481986,34.826716276791124
1149840.0,523.2991408078462,34.71591542337331
1149900.0,536.8622533965331,34.59132038984763
1149960.0,483.46349992229773,34.46349604380084
1150020.0,589.0249553428987,34.34838568667648
1150080.0,505.16473049705655,34.20814164969008
1150140.0,444.2349739683792,34.08786433290506
1150200.0,423.7216735985603,33.98209410100783
1150260.0,472.9297948447369,33.88120798824627
1150320.0,546.8749714323747,33.76860565614038
1150380.0,424.8595382559863,33.638397329608864
1150440.0,504.095815936024,33.53724029669077
1150500.0,467.9313656091099,33.41721748337267
1150560.0,575.6211983496147,33.305805253465735
1150620.0,473.06757945092045,33.16875258719202
1150680.0,401.2418216553667,33.056117449227514
1150740.0,480.6597320567457,32.960583682166714
1150800.0,475.8819298909216,32.84614088881987
1150860.0,398.92551264904847,32.73283566741727
1150920.0,345.83613715359286,32.63785340250083
1150980.0,440.63347519005424,32.555511465083306
1151040.0,404.9451786314904,32.450598732895195
1151100.0,302.67323646483555,32.35418321417341
1151160.0,401.3402042029792,32.28211815787226
1151220.0,340.12446985853705,32.18656096639536
1151280.0,-2836.1178579276543,32.105578949762375
1151340.0,-2774.2837709907276,32.78084510641182
1151400.0,-2684.2792488737723,33.44138886140961
1151460.0,-2696.989076317185,34.080502968284314
1151520.0,-2721.0051145379052,34.72264322455031
1151580.0,-2770.1110791223755,35.37050158515457
1151640.0,-2759.08761265023,36.03005184208847
1151700.0,-2797.6009718894775,36.68697746414805
1151760.0,-2878.6189232417323,37.35307293364554
1151820.0,-2875.5524410881176,38.03845839156024
1151880.0,-2866.668050812104,38.72311373467646
1151940.0,-2755.2771080715925,39.40565374677458
1152000.0,-2783.9834169570686,40.06167210583925
1152060.0,-2922.706622209811,40.72452530035284
1152120.0,-2864.140644713789,41.42040782945041
1152180.0,-2901.029843248674,42.102346078191786
1152240.0,-2895.80602250386,42.79306746944147
1152300.0,187.29044693422935,43.48254509384715
1152360.0,293.97909904579245,43.43795213029138
1152420.0,198.59624900352685,43.36795710670905
1152480.0,202.70347118380198,43.32067228551773
1152540.0,193.1052960030308,43.27240955428349
1152600.0,107.81359776498562,43.2264321028542
1152660.0,165.73925080337278,43.20076219862444
1152720.0,212.6294336440696,43.16130047224269
1152780.0,226.83641809268005,43.11067441661314
1152840.0,59.11270426916684,43.056665745638696
1152900.0,26.296253960207082,43.042591292241276
1152960.0,110.49718858224026,43.03633027939361
1153020.0,162.6051934343327,43.01002142496927
1153080.0,106.84457242296668,42.971305902722996
1153140.0,115.23339976973995,42.945866718812766
1153200.0,-18.118469523558304,42.918430195058065
1153260.0,18.194027689186726,42.922744116373195
1153320.0,-90.29870766986801,42.918412205018626
1153380.0,21.8134285759607,42.939911897320975
1153440.0,-110.65387242309026,42.93471822385051
1153500.0,87.93945086879813,42.961064383951246
1153560.0,89.99532940510153,42.94012641945868
1153620.0,-6.181258954742589,42.91869896007651
1153680.0,-116.75041402278578,42.92017068839907
1153740.0,-14.87773108466979,42.94796840602354
1153800.0,62.65663402593975,42.95151072294846
1153860.0,-31.86245694887066,42.93659247675181
1153920.0,-0.8653350734397236,42.94417877602535
1153980.0,-112.67269349300562,42.944384808185696
1154040.0,-147.47249479237877,42.971211639969745
1154100.0,-111.12556287895882,43.00632413872984
1154160.0,-234.18507680164515,43.03278260608197
1154220.0,5.520538935124705,43.08854095770141
1154280.0,-133.71905507220544,43.08722654366924
1154340.0,-101.89440063983056,43.11906441392453
1154400.0,-193.4216355304941,43.14332498550544
1154460.0,-270.1724833719461,43.18937775586984
1154520.0,-103.91864290036779,43.25370453762507
1154580.0,-268.81607602566146,43.27844707164897
1154640.0,-192.36281369948023,43.34245089927413
1154700.0,-198.64996332111366,43.38825156920257
1154760.0,-232.75701617375762,43.435549179517125
1154820.0,-296.2436388144167,43.49096751670135
1154880.0,-270.13479559643685,43.56150171641907
1154940.0,-330.1603339548307,43.62581952489442
1155000.0,-236.6175735935377,43.704429128216994
1155060.0,-262.8953015361383,43.76076664573927
1155120.0,-310.49950256067973,43.823360765152636
1155180.0,-355.3494905988583,43.89728921814327
1155240.0,-206.8466526422378,43.98189623971443
1155300.0,-423.449664658064,44.03114544272449
1155360.0,-450.0440045724643,44.1319667914526
1155420.0,-374.3288094337001,44.239120125874614
1155480.0,-396.9309292808016,44.32824603288264
1155540.0,-327.62978223014994,44.422753396997116
1155600.0,-366.75000128451444,44.500760488004296
1155660.0,-415.7719753800625,44.58808191688156
1155720.0,-399.54269770531624,44.687075244353004
1155780.0,-412.6441005610084,44.782204458092366
1155840.0,-327.3620700496929,44.88045305346404
1155900.0,-450.3641907470049,44.95839640347587
1155960.0,-518.4090081035015,45.06562597270134
1156020.0,-477.59936301224303,45.18905668891646
1156080.0,-658.5807293309449,45.30277082296699
1156140.0,-515.3536889526167,45.45957575852198
1156200.0,-459.7339721923046,45.58227901779641
1156260.0,-501.0820709317055,45.69173948736601
1156320.0,-531.1809940594278,45.81104474234974
1156380.0,-522.001240122964,45.93751640760199
1156440.0,-506.60040252573776,46.06180241715508
1156500.0,-499.0999738830658,46.18242156061359
1156560.0,-569.5618145092548,46.301254887728604
1156620.0,-627.147106911704,46.43686484356414
1156680.0,-758.7381347693201,46.58618558330502
1156740.0,-572.9570513333008,46.76683752015486
1156800.0,-612.4293244792236,46.903255865710406
1156860.0,-645.8484551378809,47.04907237153879
1156920.0,-707.9293721544451,47.202845813238284
1156980.0,-620.3463313846244,47.371400425656006
1157040.0,-705.2689431341705,47.51910193312854
1157100.0,-703.4487762218463,47.68702311006525
1157160.0,-716.2601150200329,47.85451091392759
1157220.0,-697.3949997122182,48.02504903655141
1157280.0,-804.7565968946591,48.19109546505432
1157340.0,-713.5047475730023,48.38270417860066
1157400.0,-801.8963143927284,48.55258626135614
1157460.0,-811.1417420828527,48.74351395525917
1157520.0,-728.1943797849174,48.93664294146937
1157580.0,-852.2899334213623,49.11002255570388
1157640.0,-750.8247489952037,49.31294873032801
1157700.0,-808.955444861713,49.49171652770782
1157760.0,-925.1027797190175,49.68432496696061
1157820.0,-755.4684233949681,49.904587533560374
1157880.0,-829.814144461629,50.084460967702036
1157940.0,-835.8353423708782,50.28203576400242
1158000.0,-810.0625709269042,50.481044178852635
1158060.0,-791.5183427487217,50.67391621954952
1158120.0,-880.344304527843,50.86237296782302
1158180.0,-866.2624695822526,51.071978754615365
1158240.0,-891.8814261069504,51.27823172356352
1158300.0,-945.536237811562,51.49058444406518
1158360.0,-1030.7403205701273,51.7157121197346
1158420.0,-933.5668269713208,51.9611264817751
1158480.0,-874.411611640798,52.18340429772066
1158540.0,-932.7910528307591,52.39159753858751
1158600.0,-1042.4366979781798,52.61369064640436
1158660.0,-923.0971400919512,52.861889860208684
1158720.0,-1018.0303270642019,53.081674893563914
1158780.0,-1135.4537208773627,53.32406306667444
1158840.0,-959.2840560978615,53.59440919069286
1158900.0,-1087.4630906689329,53.82281015643044
1158960.0,-934.2341491493373,54.081729939923044
1159020.0,-982.5044643843239,54.30416664210146
1159080.0,-1075.2870584464804,54.538096276478676
1159140.0,-1044.2607690205161,54.79411700468022
1159200.0,-936.5453439483531,55.042750521113675
1159260.0,-1032.0927988011263,55.265737507768044
1159320.0,-1087.8684805314397,55.51147388843498
1159380.0,-938.8328414009766,55.77049019332342
1159440.0,-1115.1030050716588,55.99402182222841
1159500.0,-1097.1788013078217,56.259522537721665
1159560.0,-1198.1442073879475,56.5207555856521
1159620.0,-1252.292041421085,56.80602801598256
1159680.0,-1178.86818094795,57.10419278774949
1159740.0,-1169.0402108510025,57.38487568797519
1159800.0,-1161.2869349125053,57.663218595320664
1159860.0,-1275.8803561459479,57.93971548458555
1159920.0,-1160.6581587263142,58.243496521763156
1159980.0,-1259.6793516245993,58.51984370241228
1160040.0,-1182.8427379169239,58.819767357561
1160100.0,-1172.7346701163892,59.10139658087455
1160160.0,-1261.9770506238392,59.38061912137845
1160220.0,-1305.4445828263192,59.68108984771746
1160280.0,-1164.3180365668918,59.99190998648563
1160340.0,-1213.8363394666706,60.26912856662061
1160400.0,-1266.31899111327,60.55813721887458
1160460.0,-1196.510765264931,60.859641740568215
1160520.0,-1288.7518603874742,61.144525256107485
1160580.0,-1340.0613220732334,61.45137093715212
1160640.0,-1371.9684529407264,61.770433156693365
1160700.0,-1327.321752651462,62.09709231215544
1160760.0,-1283.490009547035,62.413121300881976
1160820.0,-1255.2990000187783,62.718714160297935
1160880.0,-1346.1170585816785,63.01759487458812
1160940.0,-1283.5350212900803,63.338098936155184
1161000.0,-1377.925177758776,63.64370251265282
1161060.0,-1420.6629596683754,63.97177993592872
1161120.0,-1460.7954327943187,64.31003302156405
1161180.0,-1421.3920113282904,64.65784145794365
1161240.0,-1475.6893688920077,64.99626812730753
1161300.0,-1287.5027891261775,65.34762273894849
1161360.0,-1390.1704374264077,65.65417102207377
1161420.0,-1430.6709391562003,65.98516398336577
1161480.0,-1329.9707724676018,66.3257999212601
1161540.0,-1519.7346693184677,66.64245962899048
1161600.0,-1458.0857779102587,67.00430121692345
1161660.0,-1338.0861034213253,67.35146449737827
1161720.0,-1474.8689364594784,67.6700564267643
1161780.0,-1327.528213898228,68.02121569734989
1161840.0,-1435.2617498893635,68.33729384351614
1161900.0,-1412.053854253594,68.67902283158503
1161960.0,-1418.2773585290117,69.01522613021683
1162020.0,-1506.1867099043595,69.35291121558087
1162080.0,-1543.4374351045774,69.71152709889144
1162140.0,-1528.8829958693645,70.07901220248776
1162200.0,-1588.9342255446159,70.44303196340904
1162260.0,-1541.3874955608842,70.82134963615776
1162320.0,-1545.3551704529837,71.18834665891035
1162380.0,-1451.3473173914226,71.55628836616106
1162440.0,-1524.664893535782,71.90184725125425
1162500.0,-1426.0136938134374,72.26486270209611
1162560.0,-1704.8018766497376,72.60438977205169
1162620.0,-1655.6593868961654,73.01029498077781
1162680.0,-1611.313945250552,73.40449959670548
1162740.0,-1507.748818870115,73.78814577414609
1162800.0,-1611.1270519526663,74.14713358816279
1162860.0,-1699.8245049557804,74.53073526719913
1162920.0,-1633.61324497275,74.9354553874267
1162980.0,-1697.8608327394115,75.32441092194402
1163040.0,-1716.6697796544581,75.72866350116769
1163100.0,-1520.1178599535633,76.13739440108542
1163160.0,-1668.087214988542,76.49932722488388
1163220.0,-1643.4923811727274,76.8964908475002
1163280.0,-1666.297375277628,77.28779855730323
1163340.0,-1682.5955987317816,77.68453602760744
1163400.0,-1724.6786672717267,78.08515402730548
1163460.0,-1699.557353181279,78.49579180522731
1163520.0,-1667.3123959097302,78.90044831788953
1163580.0,-1609.0024766449785,79.29742745977279
1163640.0,-1643.7951963906683,79.68052328754541
1163700.0,-1780.2526000305925,80.07190309620985
1163760.0,-1654.2102475587142,80.4957727628838
1163820.0,-1691.3557144199203,80.88963234563587
1163880.0,-1763.6710934126595,81.29233608716443
1163940.0,-1721.513720255469,81.7122577760722
1164000.0,-1704.2997394575318,82.12214199518066
1164060.0,-1741.9567661687076,82.52792764743245
1164120.0,-1722.0536989439313,82.942679258425
1164180.0,-1808.6789336793222,83.35269204388784
1164240.0,-1643.3105748268608,83.78332988524006
1164300.0,-1884.5610897988704,84.17459430781788
1164360.0,-1740.0011568667583,84.62329932919857
1164420.0,-1758.4791935125359,85.03758531892875
1164480.0,-1747.6655461239966,85.45627084119364
1164540.0,-1834.4457267407756,85.87238168550888
1164600.0,-1727.437076930608,86.30915447759003
1164660.0,-1809.6569988194344,86.72044901971637
1164720.0,-1879.8840087611,87.151319733721
1164780.0,-1879.876214093899,87.5989111643784
1164840.0,-1812.125117436222,88.04650073916267
1164900.0,-1920.7617245446972,88.477959100457
1164960.0,-1722.2460948932112,88.93528332058669
1165020.0,-1772.5900354624837,89.34534191460888
1165080.0,-1731.106177632708,89.76738716114757
1165140.0,-1742.5654470713034,90.17955529867916
1165200.0,-1872.0415877982089,90.59445183369614
1165260.0,-1908.1054644626856,91.04017602126714
1165320.0,-2021.5725374704432,91.49448684613921
1165380.0,-1890.182517123411,91.97581364077503
1165440.0,-1764.7132353643876,92.42585709723298
1165500.0,-1925.1088585882894,92.84602691517688
1165560.0,-1892.7597986034764,93.30438616722171
1165620.0,-1918.1066137202984,93.7550432621273
1165680.0,-1866.941523049253,94.2117353130131
1165740.0,-1816.8257927243822,94.6562451994534
1165800.0,-1990.8337956754492,95.08882276914967
1165860.0,-1983.7784820017189,95.56283081573906
1165920.0,-1818.0858021964932,96.03515902573947
1165980.0,-1867.6102289434525,96.46803659769103
1166040.0,-1931.4083069555243,96.91270569982042
1166100.0,-1817.6115752438457,97.37256482052412
1166160.0,-2006.0690197352308,97.80532948129647
1166220.0,-1872.3647439949655,98.0
1166280.0,-1936.3414730314362,98.0
1166340.0,-1899.803401721822,98.0
1166400.0,-2083.313064060982,98.0
1166460.0,-1959.5529537016746,98.0
1166520.0,-1903.468524087424,98.0
1166580.0,-1955.1803277415752,98.0
1166640.0,-1879.705302668478,98.0
1166700.0,-1885.2958457113557,98.0
1166760.0,-2019.6371211313533,98.0
1166820.0,-1916.1409418824258,98.0
1166880.0,-2028.535358961482,98.0
1166940.0,-1969.067536106166,98.0
1167000.0,-1936.211260355905,98.0
1167060.0,-2028.903920816872,98.0
1167120.0,-1934.7167295459778,98.0
1167180.0,-2015.336238588205,98.0
1167240.0,-2022.876449394944,98.0
1167300.0,-1948.5922289903742,98.0
1167360.0,-2044.0432189008689,98.0
1167420.0,-2049.925268654021,98.0
1167480.0,-1937.012702389475,98.0
1167540.0,-1995.6720704858126,98.0
1167600.0,-2092.072501368874,98.0
1167660.0,-1956.0629672987466,98.0
1167720.0,-2034.3098200162212,98.0
1167780.0,-2096.5429140812976,98.0
1167840.0,-2165.18534978734,98.0
1167900.0,-1962.8617931733754,98.0
1167960.0,-2070.9177044625817,98.0
1168020.0,-2096.1449475489826,98.0
1168080.0,-1985.2773096698409,98.0
1168140.0,-1977.3566880987762,98.0
1168200.0,-2074.928465621056,98.0
1168260.0,-1974.8772592694809,98.0
1168320.0,-1908.2107645083854,98.0
1168380.0,-1952.508331339293,98.0
1168440.0,-1963.583558352163,98.0
1168500.0,-2017.8730862625584,98.0
1168560.0,-2064.9526956076106,98.0
1168620.0,-2043.2263860920646,98.0
1168680.0,-2014.907128811657,98.0
1168740.0,-2118.21546237936,98.0
1168800.0,-2090.275434850904,98.0
1168860.0,-2131.0599009636553,98.0
1168920.0,-2032.5006070160084,98.0
1168980.0,-2042.7799672656165,98.0
1169040.0,-2088.011556186426,98.0
1169100.0,-2000.6393048925695,98.0
1169160.0,-2113.4998421708497,98.0
1169220.0,-2093.102767232794,98.0
1169280.0,-2005.7042163453802,98.0
1169340.0,-1997.5642045134603,98.0
1169400.0,-2101.728258735882,98.0
1169460.0,-2040.6878238852796,98.0
1169520.0,-2101.8986384015693,98.0
1169580.0,-2067.5045046651667,98.0
1169640.0,-2047.461900214353,98.0
1169700.0,-2022.8322461607875,98.0
1169760.0,-2037.696797910684,98.0
1169820.0,-2040.5907516126417,98.0
1169880.0,-2121.8545674836887,98.0
1169940.0,-2033.946258098225,98.0
1170000.0,-2024.2111335808197,98.0
1170060.0,-2015.9051879611557,98.0
1170120.0,-2100.312683401636,98.0
1170180.0,-2002.040560009434,98.0
1170240.0,-2135.7780312535792,98.0
1170300.0,-2082.2952990880576,98.0
1170360.0,-2072.6136653390986,98.0
1170420.0,-2131.3974303837645,98.0
1170480.0,-2072.5999875665716,98.0
1170540.0,-2041.3070075181904,98.0
1170600.0,-2163.5148482136988,98.0
1170660.0,-2076.95662175028,98.0
1170720.0,-2157.4203525573175,98.0
1170780.0,-1929.1991568241642,98.0
1170840.0,-2038.0514432819405,98.0
1170900.0,-2042.2948755231243,98.0
1170960.0,-2034.8982695295485,98.0
1171020.0,-2011.4638479603248,98.0
1171080.0,-1987.8926236188786,98.0
1171140.0,-2139.1764466283894,98.0
1171200.0,-1965.4683719277837,98.0
1171260.0,-1967.9799035612177,98.0
1171320.0,-2045.295246668844,98.0
1171380.0,-2046.9578973435555,98.0
1171440.0,-2224.4543111839407,98.0
1171500.0,-2111.3174495670455,98.0
1171560.0,-2003.8712388666283,98.0
1171620.0,-1961.2243352447865,98.0
1171680.0,-1987.7254036762029,98.0
1171740.0,-2034.1278853553588,98.0
1171800.0,-1912.0971898238824,98.0
1171860.0,-1965.338881168599,98.0
1171920.0,-2047.2142415812168,98.0
1171980.0,-1890.528728187877,98.0
1172040.0,-2085.0316736560662,98.0
1172100.0,-2105.313981708032,98.0
1172160.0,-2039.9475751762352,98.0
1172220.0,-2057.8132013226036,98.0
1172280.0,-2031.7401847695696,98.0
1172340.0,-1959.4444079733992,98.0
1172400.0,-2006.790359211714,98.0
1172460.0,-2002.607410791062,98.0
1172520.0,-1995.8751342421401,98.0
1172580.0,-2135.3744865655467,98.0
1172640.0,-2084.7181557673366,98.0
1172700.0,-2014.0255258935433,98.0
1172760.0,-2038.5237835121654,98.0
1172820.0,-1998.8335178929283,98.0
1172880.0,-1897.5939164180456,98.0
1172940.0,-1983.1612089236853,98.0
1173000.0,-2054.814355953823,98.0
1173060.0,-2019.7978149249298,98.0
1173120.0,-1866.2425184753583,98.0
1173180.0,-1873.5305025760897,98.0
1173240.0,-1926.268529529541,98.0
1173300.0,-2052.2493085223628,98.0
1173360.0,-1936.509439843259,98.0
1173420.0,-1928.2517363531974,98.0
1173480.0,-1946.035544819796,98.0
1173540.0,-1978.0017406695213,98.0
1173600.0,-1961.730943599048,98.0
1173660.0,-1974.467023584539,98.0
1173720.0,-2000.8388225932051,98.0
1173780.0,-1846.1647441017064,98.0
1173840.0,-1871.1143565394832,98.0
1173900.0,-1937.0178315571377,98.0
1173960.0,-1894.600130065452,98.0
1174020.0,-1888.0975957242879,98.0
1174080.0,-1766.595689599456,98.0
1174140.0,-1850.4440479692514,98.0
1174200.0,-1848.282049773963,98.0
1174260.0,-1891.600199106167,98.0
1174320.0,-1915.3962899237454,98.0
1174380.0,-1801.7611759465303,98.0
1174440.0,-1840.921737498916,98.0
1174500.0,-1925.106380556476,98.0
1174560.0,-1843.3193866069623,98.0
1174620.0,-1815.4676432893639,98.0
1174680.0,-1986.562203123854,98.0
1174740.0,-1911.1993969731432,98.0
1174800.0,-1829.0766499600054,98.0
1174860.0,-1961.2392759901938,98.0
1174920.0,-1946.6114375471593,98.0
1174980.0,-1851.6863586406046,98.0
1175040.0,-1800.7244089808091,98.0
1175100.0,-1792.6519846805654,98.0
1175160.0,-1724.620718977405,98.0
1175220.0,-1809.218498219814,98.0
1175280.0,-1831.0473097860627,98.0
1175340.0,-1881.6079035423568,98.0
1175400.0,-1820.6667743689388,98.0
1175460.0,-1749.5049651337704,98.0
1175520.0,-1741.1060343270933,98.0
1175580.0,-1764.650126658637,98.0
1175640.0,-1741.9037513928895,98.0
1175700.0,-1692.2967180335522,98.0
1175760.0,-1758.4584337224878,98.0
1175820.0,-1674.976781803371,98.0
1175880.0,-1794.6022728625294,98.0
1175940.0,-1749.3350871986472,98.0
1176000.0,-1767.6686220603506,98.0
1176060.0,-1685.0843971606037,98.0
1176120.0,-1787.2911542105876,98.0
1176180.0,-1739.450937487242,98.0
1176240.0,-1825.396293885777,98.0
1176300.0,-1671.7718445430849,98.0
1176360.0,-1626.1939450089126,98.0
1176420.0,-1639.874320876398,98.0
1176480.0,-1639.223300958206,98.0
1176540.0,-1631.0300570746986,98.0
1176600.0,-1632.7747782280867,98.0
1176660.0,-1631.2044434021948,98.0
1176720.0,-1620.5948343919513,98.0
1176780.0,-1693.8819624312619,98.0
1176840.0,-1659.7142099592293,98.0
1176900.0,-1636.5999973710304,98.0
1176960.0,-1654.019557755426,98.0
1177020.0,-1720.8693973140507,98.0
1177080.0,-1693.9560886457286,98.0
1177140.0,-1598.973121329545,98.0
1177200.0,-1551.292929652324,98.0
1177260.0,-1597.898671989931,98.0
1177320.0,-1425.3417335080924,98.0
1177380.0,-1639.1410565224157,98.0
1177440.0,-1549.9357055742857,98.0
1177500.0,-1491.7899103719478,98.0
1177560.0,-1497.9044343560279,98.0
1177620.0,-1515.0774589311573,98.0
1177680.0,-1482.6563088105454,98.0
1177740.0,-1535.9918842553943,98.0
1177800.0,-1431.9408137150936,98.0
1177860.0,-1447.076775324747,98.0
1177920.0,-1567.5072660953758,98.0
1177980.0,-1489.341762642117,98.0
1178040.0,-1593.6910618856868,98.0
1178100.0,-1401.7188035647823,98.0
1178160.0,-1471.700842625538,98.0
1178220.0,-1396.3129118874508,98.0
1178280.0,-1475.8415099801723,98.0
1178340.0,-1572.6533682687354,98.0
1178400.0,-1294.9892641399856,98.0
1178460.0,-1437.2770001285226,98.0
1178520.0,-1497.0230836475753,98.0
1178580.0,-1360.09059833675,98.0
1178640.0,-1298.4684438114273,98.0
1178700.0,-1424.5077517374973,98.0
1178760.0,-1410.0158822809212,98.0
1178820.0,-1381.4369963109493,98.0
1178880.0,-1453.9952584053574,98.0
1178940.0,-1420.353396316293,98.0
1179000.0,-1263.5334667526686,98.0
1179060.0,-1369.876676735371,98.0
1179120.0,-1403.6528461026826,98.0
1179180.0,-1371.9372062396083,98.0
1179240.0,-1271.820927736754,98.0
1179300.0,-1446.0804739502742,98.0
1179360.0,-1303.5448985612443,98.0
1179420.0,-1162.3491838024388,98.0
1179480.0,-1179.4384168899562,98.0
1179540.0,-1258.0915895515645,98.0
1179600.0,-1204.6407640365796,98.0
1179660.0,-1196.3235572827411,98.0
1179720.0,-1273.3525855776518,98.0
1179780.0,-1201.3449538855468,98.0
1179840.0,-1140.5117725734615,98.0
1179900.0,-1314.6099847259534,98.0
1179960.0,-1195.1062894808988,98.0
1180020.0,-1198.9017743606928,98.0
1180080.0,-1205.2495308486225,98.0
1180140.0,-1201.3749132895814,98.0
1180200.0,-1179.1309123252215,98.0
1180260.0,-1164.839940642572,98.0
1180320.0,-1107.3657560865008,98.0
1180380.0,-1136.565711989874,98.0
1180440.0,-1166.4689014550163,98.0
1180500.0,-1196.7973832411972,98.0
1180560.0,-1165.320794406056,98.0
1180620.0,-1111.8430651442652,98.0
1180680.0,-1160.382988392153,98.0
1180740.0,-1051.7390423553202,98.0
1180800.0,-1073.1287811128554,98.0
1180860.0,-1020.7286538011535,98.0
1180920.0,-1118.0457403311734,98.0
1180980.0,-1119.925306541502,98.0
1181040.0,-992.2111390475354,98.0
1181100.0,-1042.8596244407745,98.0
1181160.0,-1053.0594410565004,98.0
1181220.0,-989.2098985525372,98.0
1181280.0,-981.6335559627644,98.0
1181340.0,-1086.8274894348742,98.0
1181400.0,-918.5345941988693,98.0
1181460.0,-1016.3401469970318,98.0
1181520.0,-879.7881825522522,98.0
1181580.0,-1051.8471400504086,98.0
1181640.0,-942.8069904067453,98.0
1181700.0,-962.9769603704037,98.0
1181760.0,-1060.3149243880089,98.0
1181820.0,-892.242240090701,98.0
1181880.0,-1037.0778671715766,98.0
1181940.0,-929.0219716786605,98.0
1182000.0,-835.119472935869,98.0
1182060.0,-923.0062721512192,98.0
1182120.0,-935.2306919421834,98.0
1182180.0,-822.7625524673948,98.0
1182240.0,-875.5074453166721,98.0
1182300.0,-874.5678487705316,98.0
1182360.0,-763.46847036892,98.0
1182420.0,-899.6847105435272,98.0
1182480.0,-846.8809778143136,98.0
1182540.0,-756.9512443928313,98.0
1182600.0,-872.4657783320213,98.0
1182660.0,-681.6167166837802,98.0
1182720.0,-790.7151351472737,98.0
1182780.0,-714.7779120130306,98.0
1182840.0,-704.4276462506288,98.0
1182900.0,-755.4145773624568,98.0
1182960.0,-764.5013321930403,98.0
1183020.0,-727.801962906135,98.0
1183080.0,-671.9071259087331,98.0
1183140.0,-763.2788048230923,98.0
1183200.0,-765.6954452250959,98.0
1183260.0,-593.8363116202298,98.0
1183320.0,-716.3507072481212,98.0
1183380.0,-640.3681419335078,98.0
1183440.0,-663.0825106783507,98.0
1183500.0,-649.7430644955048,98.0
1183560.0,-543.7528829067837,98.0
1183620.0,-623.9763143421566,98.0
1183680.0,-629.5508836879301,98.0
1183740.0,-613.5851684753916,98.0
1183800.0,-616.8569244872019,98.0
1183860.0,-616.0888461937765,98.0
1183920.0,-595.0715277796239,98.0
1183980.0,-454.52128496996966,98.0
1184040.0,-500.82214915174404,98.0
1184100.0,-553.4098257395261,98.0
1184160.0,-462.974780410425,98.0
1184220.0,-606.271937638175,98.0
1184280.0,-417.65648789638686,98.0
1184340.0,-411.6360030221041,98.0
1184400.0,-344.3053512959131,98.0
1184460.0,-406.9248430820093,98.0
1184520.0,-430.5095099542072,98.0
1184580.0,-368.3945600343576,98.0
1184640.0,-472.52533859326815,98.0
1184700.0,-447.8105928032394,98.0
1184760.0,-417.0448264095939,98.0
1184820.0,-320.1581558526528,98.0
1184880.0,-442.74171940117606,98.0
1184940.0,-438.20844532792694,98.0
1185000.0,-355.3866443279825,98.0
1185060.0,-315.6204617879646,98.0
1185120.0,-389.9503938221942,98.0
1185180.0,-296.6343942397445,98.0
1185240.0,-243.85081847680846,98.0
1185300.0,-243.02454307400149,98.0
1185360.0,-282.95507677551643,98.0
1185420.0,-298.69262489762394,98.0
1185480.0,-178.22797616992705,98.0
1185540.0,-270.5551168083765,98.0
1185600.0,-204.17819213269956,98.0
1185660.0,-132.2296792876441,98.0
1185720.0,-188.74541563300176,98.0
1185780.0,-287.83060076766924,98.0
1185840.0,-291.49968716414713,98.0
1185900.0,-224.17973203078293,98.0
1185960.0,-152.92701789405743,98.0
1186020.0,-157.99707563172325,98.0
1186080.0,-41.45975500552527,98.0
1186140.0,-136.9958802437116,98.0
1186200.0,-171.9753880601749,98.0
1186260.0,-209.57514288839627,98.0
1186320.0,-60.011098449282656,98.0
1186380.0,-120.48175438252616,98.0
1186440.0,-199.78622735802622,98.0
1186500.0,-97.40200671541845,98.0
1186560.0,-147.82280595738774,98.0
1186620.0,-102.97976887220199,98.0
1186680.0,-66.45618307665887,98.0
1186740.0,-110.54882850653922,98.0
1186800.0,-74.93139058384196,98.0
1186860.0,-79.78338097464552,98.0
1186920.0,-67.66336804843502,98.0
1186980.0,-74.6257812884611,98.0
1187040.0,-32.65881523881734,98.0
1187100.0,-46.95425931581764,98.0
1187160.0,52.311084244991434,98.0
1187220.0,39.51903903524874,97.98754497994167
1187280.0,109.47434809636701,97.97813568493328
1187340.0,161.27821360548194,97.95207036395796
1187400.0,98.96302462863383,97.91367078928998
1187460.0,95.50794265763716,97.8901081643784
1187520.0,123.12256879222684,97.86736817803134
1187580.0,116.82640098028565,97.83805328069985
1187640.0,101.9295988293211,97.81023747094264
1187700.0,107.20116480481886,97.78596851884042
1187760.0,57.65876537112865,97.76044443198214
1187820.0,179.24621096841315,97.74671615451282
1187880.0,136.93788089426323,97.70403848523463
1187940.0,235.64231287730706,97.67143422787886
1188000.0,213.38460541843676,97.61532891528903
1188060.0,130.6728837313313,97.56452305685606
1188120.0,252.73179030459426,97.53341046549146
1188180.0,33.931518482442584,97.47323622970465
1188240.0,312.9791778867045,97.46515729673264
1188300.0,126.39091094398162,97.39063844485486
1188360.0,245.87723882829914,97.36054537082057
1188420.0,251.22771383547314,97.30200317109956
1188480.0,302.35579578396545,97.24218704875777
1188540.0,224.4972486459818,97.17019757357112
1188600.0,124.70886166747405,97.11674584770303
1188660.0,242.95663320161523,97.08705326159172
1188720.0,258.5294951119199,97.02920644416277
1188780.0,157.74276413342287,96.96765180246945
1188840.0,292.3596747496516,96.9300940014853
1188900.0,233.95571267376982,96.86048455511634
1188960.0,346.2459258833788,96.80478081400354
1189020.0,301.25288299969736,96.72234130784082
1189080.0,442.32124465998663,96.65061443093613
1189140.0,317.84193058888627,96.54529984887422
1189200.0,367.5105841717235,96.46962319873401
1189260.0,337.292748142244,96.38212067869313
1189320.0,260.9844270778838,96.3018128815164
1189380.0,354.3128077185537,96.23967373221214
1189440.0,419.925054820005,96.1553135398982
1189500.0,418.8718466963041,96.05533138398867
1189560.0,373.0940680799929,95.95559999191812
1189620.0,311.1257697907765,95.86676807094669
1189680.0,444.94080214459166,95.7926905067108
1189740.0,439.0835376261561,95.6867522204859
1189800.0,472.0566551915847,95.5822085210511
1189860.0,412.4371752899925,95.46981407933882
1189920.0,335.14512965539564,95.37161475188881
1189980.0,475.4462347398338,95.29181829244705
1190040.0,449.9717661905809,95.17861680798518
1190100.0,541.0050823176347,95.0714806731779
1190160.0,466.0929896218582,94.94266993929276
1190220.0,468.38427449239464,94.83169541795422
1190280.0,502.76614071592803,94.72017535259889
1190340.0,448.4057342201477,94.6004691286189
1190400.0,451.8730034360904,94.49370585856649
1190460.0,490.93230656545137,94.38611704822456
1190520.0,447.66815279967363,94.26922840380422
1190580.0,495.0910224490716,94.16264074837572
1190640.0,631.0081764642199,94.04476193350689
1190700.0,582.8393001733941,93.8945218914916
1190760.0,544.2545276153305,93.75575062954556
1190820.0,624.2027910360764,93.62616621820858
1190880.0,486.77145937552547,93.47754650605714
1190940.0,690.6814833600249,93.36164853953916
1191000.0,518.4344891510885,93.19720056731059
1191060.0,670.9141845280643,93.07376378417938
1191120.0,675.0736192413838,92.9140223116727
1191180.0,454.1308903683153,92.7532904975676
1191240.0,651.3442103582289,92.64516409509896
1191300.0,550.0410637098054,92.49008214025177
1191360.0,536.4971245376643,92.35911998222562
1191420.0,605.2684966315907,92.23138257162141
1191480.0,516.2054154320999,92.08727102480437
1191540.0,609.2962885996361,91.96436497351101
1191600.0,524.6381451795138,91.81929442860634
1191660.0,592.9185756596897,91.69438058451598
1191720.0,663.5868149135065,91.5532094950732
1191780.0,607.790194767533,91.39521263437952
1191840.0,564.1080921619105,91.2505006832444
1191900.0,619.2387387499845,91.11618923272965
1191960.0,503.3853767060956,90.96875143778918
1192020.0,538.4239292601517,90.84889777666868
1192080.0,563.881668531806,90.72070160303531
1192140.0,637.8117518374042,90.58644406290868
1192200.0,615.8117682519828,90.43458412199502
1192260.0,624.3968631680535,90.2879622724112
1192320.0,591.4265827227377,90.13929635260929
1192380.0,546.5255577668113,89.99848049958007
1192440.0,683.7996233658021,89.86835536677845
1192500.0,553.3048835923112,89.70554593264373
1192560.0,620.9332826052805,89.57380667464557
1192620.0,589.6414652085401,89.4259654168824
1192680.0,630.6822651929793,89.28557459183276
1192740.0,561.0663219928216,89.13541214773919
1192800.0,661.0067903174769,89.00182492821709
1192860.0,680.9510426675955,88.84444235909388
1192920.0,658.0993965981492,88.68231115845873
1192980.0,608.400477002737,88.52562082593536
1193040.0,573.1155710137408,88.38076356950614
1193100.0,768.7870001224092,88.24430748116954
1193160.0,540.1570189514358,88.06126295733087
1193220.0,652.6793826611082,87.93265414329481
1193280.0,619.8806841997382,87.77725429028027
1193340.0,596.2261491978105,87.6296636511851
1193400.0,611.1097763840409,87.48770504423324
1193460.0,569.3654775268557,87.34220271652275
1193520.0,625.5369235098556,87.20663950758778
1193580.0,618.8150787155042,87.05770214484734
1193640.0,760.3136850126643,86.91036522134365
1193700.0,663.7096259958613,86.7293381534835
1193760.0,630.1760521075463,86.57131205205592
1193820.0,633.4764934428957,86.42127013488745
1193880.0,708.9922709781116,86.27044239835342
1193940.0,540.028773833023,86.10163471478721
1194000.0,586.8821960385477,85.97305643530315
1194060.0,482.9672114451141,85.8333225791035
1194120.0,630.4291057006142,85.71833038590228
1194180.0,647.2581694304231,85.56822821787833
1194240.0,536.0549424888412,85.4141191299187
1194300.0,681.277291940413,85.28648700075469
1194360.0,551.3798076141547,85.12427812172126
1194420.0,573.2634499859713,84.99299721514646
1194480.0,600.2434905945657,84.85650591753075
1194540.0,687.9386576635619,84.71359080072253
1194600.0,539.9719739378432,84.54979588223121
1194660.0,608.0755645922576,84.42123112653172
1194720.0,636.1881374497723,84.27645123020024
1194780.0,622.8637861326829,84.12497786414077
1194840.0,624.0982532103918,83.97667696268061
1194900.0,632.4440854301457,83.82808214048767
1194960.0,552.412223922472,83.67750021538525
1195020.0,685.8659058514052,83.54597349540371
1195080.0,576.796096277752,83.38267208924862
1195140.0,567.6629267250363,83.24533968537295
1195200.0,661.943344196193,83.11018184567652
1195260.0,542.0074651562046,82.95257628753457
1195320.0,597.7779426967237,82.82352689106881
1195380.0,533.8755137049435,82.68119880947435
1195440.0,727.0491118384722,82.55408559192556
1195500.0,713.029114662041,82.38097866053545
1195560.0,566.4762623491279,82.21120982371116
1195620.0,602.8295243654613,82.07633452315184
1195680.0,570.4644586056254,81.93280368401722
1195740.0,547.7183993316979,81.79697881292064
1195800.0,574.2622068346785,81.66656967022261
1195860.0,563.0667661468258,81.52984057335722
1195920.0,472.6504764654874,81.39577705760797
1195980.0,578.0292769405976,81.2832412298781
1196040.0,558.0379132473632,81.1456152115589
1196100.0,577.6059433026205,81.0127490417381
1196160.0,552.4926807215459,80.87522381714224
1196220.0,533.7652044144904,80.74367794077997
1196280.0,606.0945692307345,80.61659098734795
1196340.0,583.775609678338,80.47228275657872
1196400.0,633.7117499984911,80.33328856379816
1196460.0,577.7684633986416,80.18240481379853
1196520.0,534.3390668916082,80.04484089394171
1196580.0,581.2879942895972,79.91761730658656
1196640.0,423.50778443960957,79.77921540318428
1196700.0,666.6049601226944,79.67838021641295
1196760.0,554.8641070522566,79.51966474971707
1196820.0,667.4639637917888,79.38755424803796
1196880.0,482.21004327891995,79.22863425665896
1196940.0,465.2656338126331,79.11382234159255
1197000.0,552.2080885807417,79.0030448097324
1197060.0,549.9246879359694,78.87156669340365
1197120.0,546.3632363067622,78.74063224389509
1197180.0,535.0961605796813,78.61054575906014
1197240.0,484.1203488887019,78.48314191130308
1197300.0,430.53023347007274,78.36787516156767
1197360.0,534.46889120906,78.26536796312242
1197420.0,438.33735091178704,78.1381134652155
1197480.0,430.47090516453034,78.03374742928412
1197540.0,488.03784868195197,77.9312543566259
1197600.0,534.4864928178085,77.81505486884448
1197660.0,625.6710899533846,77.68779618007834
1197720.0,562.907721171021,77.53882687294657
1197780.0,587.8805496707114,77.40480122504871
1197840.0,538.8318886770037,77.2648296656033
1197900.0,519.3381203868246,77.13653635877544
1197960.0,645.3796958625456,77.01288442535001
1198020.0,413.3576402254073,76.85922259300179
1198080.0,465.62382612642944,76.76080410723384
1198140.0,467.9881393798953,76.64994129148945
1198200.0,539.3868806521563,76.53851554401805
1198260.0,424.7152783392976,76.41009009624374
1198320.0,526.9106085306546,76.30896741092485
1198380.0,513.5419230527701,76.18351250413184
1198440.0,525.2176575093343,76.0612406176907
1198500.0,521.7804692755308,75.93618879447419
1198560.0,564.0135510280279,75.81195534940859
1198620.0,466.4067119448066,75.67766640868763
1198680.0,498.81188536282843,75.56661719155791
1198740.0,420.4514067740552,75.44785245694771
1198800.0,404.39803028336763,75.34774497914437
1198860.0,565.8168244279859,75.2514597338388
1198920.0,408.8419151370343,75.11674144230832
1198980.0,493.6908630277161,75.01939812918046
1199040.0,484.7195189609414,74.90185268560244
1199100.0,521.0028922330116,74.78644327632603
1199160.0,348.66191341507124,74.6623949686515
1199220.0,499.27965552466674,74.5793802273622
1199280.0,439.9825051708137,74.46050411890394
1199340.0,405.1315022161573,74.35574637957755
1199400.0,423.74357682754317,74.25928649809751
1199460.0,498.6709195192702,74.15839517028142
1199520.0,478.0171184722157,74.03966399896731
1199580.0,424.15176083808876,73.92585039933107
1199640.0,361.17215390899423,73.8248618848458
1199700.0,363.10479001213685,73.73886851486748
1199760.0,470.1060393915429,73.65241499343601
1199820.0,345.97480842785296,73.54048498405707
1199880.0,413.2740202913301,73.45811002966948
1199940.0,578.960806378113,73.35971145340964
1200000.0,443.41300454058575,73.22186364236724
1200060.0,458.1272918096638,73.11628911747663
1200120.0,347.69373246225666,73.00721119085527
1200180.0,335.49218701906244,72.92442696884045
1200240.0,454.66536960161613,72.84454787669306
1200300.0,387.77239773816933,72.7362942172641
1200360.0,472.94035999783046,72.64396745589787
1200420.0,408.9330696312313,72.53136260827934
1200480.0,611.5616531315786,72.43399759170048
1200540.0,367.68866036163774,72.28838767428819
1200600.0,417.23719342888137,72.20084275515447
1200660.0,344.11583002684637,72.10150056624283
1200720.0,457.57877094417347,72.01956822576025
1200780.0,419.9885536988839,71.91062089934498
1200840.0,333.80499478763727,71.81062362465477
1200900.0,370.372891471744,71.73114624494342
1200960.0,469.6689710080187,71.64296222316443
1201020.0,460.4258980395904,71.53113627768633
1201080.0,298.4399055605327,71.42151106386738
1201140.0,353.3418301920803,71.35045394349584
1201200.0,488.59648962623976,71.26632493630724
1201260.0,367.31123025434533,71.14999243877719
1201320.0,386.3932202067641,71.06253738395473
1201380.0,435.06672107718305,70.97053899819122
1201440.0,291.6012052593919,70.86695168364903
1201500.0,313.24651372965855,70.79752282525394
1201560.0,348.3214089770984,70.72294032198496
1201620.0,438.1534666744778,70.64000665318089
1201680.0,425.21253232795317,70.53568439921078
1201740.0,405.38117390193395,70.43444332008508
1201800.0,352.03233674325344,70.33792399296557
1201860.0,426.36115483938875,70.25410676993147
1201920.0,347.6517135238065,70.15259220925542
1201980.0,389.73050063488097,70.06981799174974
1202040.0,408.0353936822967,69.9770250154081
1202100.0,453.40163553125933,69.87987373119803
1202160.0,346.5111634803999,69.77192096083344
1202220.0,326.45114431950594,69.68941830286192
1202280.0,424.24838311296435,69.61169183992871
1202340.0,427.2101691097301,69.51068032013991
1202400.0,310.67080352863474,69.40896361320902
1202460.0,275.36466181169675,69.33499437427363
1202520.0,413.22136072633305,69.26943135955656
1202580.0,240.00748437882868,69.17104532128839
1202640.0,235.3941270889631,69.11390068215057
1202700.0,319.3348613219149,69.0578544614151
1202760.0,334.068586001359,68.98182235157655
1202820.0,262.833990140138,68.90228221205243
1202880.0,338.2711753386946,68.83970269059049
1202940.0,339.4949817946766,68.75916193455747
1203000.0,293.2502126087112,68.67832979603493
1203060.0,442.6672702210176,68.60850831684238
1203120.0,345.0502172797043,68.50311134774213
1203180.0,385.5981661956288,68.4209565341041
1203240.0,229.15943398010492,68.32914744691467
1203300.0,227.30415354716257,68.27458567691941
1203360.0,341.4798713720795,68.22046564036057
1203420.0,423.8679698970116,68.13916090908151
1203480.0,250.6996291824591,68.03823996386794
1203540.0,318.63644238559743,67.97854957596735
1203600.0,234.6848581833591,67.90268375635173
1203660.0,264.4487038491234,67.84680640916523
1203720.0,317.9467145195852,67.7838424320583
1203780.0,275.61579287768495,67.70814083336316
1203840.0,225.67181773536996,67.64251802553514
1203900.0,223.17722931155174,67.58878664036006
1203960.0,188.55898830865658,67.53564920480969
1204020.0,329.19971848888116,67.49075420759334
1204080.0,335.3626839246491,67.41237332223885
1204140.0,333.9819563224689,67.33252506416156
1204200.0,242.81680126089992,67.25300555075145
1204260.0,356.6805687322793,67.19519202664172
1204320.0,337.7037649548713,67.11026808170547
1204380.0,294.72553916419434,67.02986242338288
1204440.0,283.88611777634446,66.95968967596284
1204500.0,253.3738778899433,66.89209774315894
1204560.0,302.89233104934533,66.83177062937563
1204620.0,387.4560080010722,66.75965340769721
1204680.0,357.76760857549857,66.66740197722076
1204740.0,273.2150584388264,66.58221921327421
1204800.0,320.0126885229718,66.51716800888401
1204860.0,220.73340166753692,66.44097451161664
1204920.0,329.7629658601856,66.38841893979104
1204980.0,235.26300178171581,66.30990394791957
1205040.0,325.70085951672854,66.25388894749534
1205100.0,461.6163871198527,66.17634112380088
1205160.0,248.4731062169931,66.06643246020091
1205220.0,457.2589444545056,66.00727219681592
1205280.0,310.5606953777634,65.89840101956484
1205340.0,235.39160262398812,65.82445799685586
1205400.0,231.90292601382143,65.76841237718348
1205460.0,420.8031942412427,65.71319739479924
1205520.0,307.7749714109004,65.61300615807514
1205580.0,243.5303258717304,65.53972640297731
1205640.0,264.6095846005994,65.48174299205547
1205700.0,301.995191120985,65.41874071000771
1205760.0,274.97034779515656,65.34683709307414
1205820.0,295.60582258532355,65.28136796264673
1205880.0,380.6399753739194,65.21098562393594
1205940.0,205.92951205825398,65.12035705837071
1206000.0,311.6828046816203,65.07132622216636
1206060.0,268.0409845805984,64.9971160305755
1206120.0,241.89441873222165,64.9332967485325
1206180.0,335.60215109126466,64.87570283931053
1206240.0,183.03280763479393,64.79579756524119
1206300.0,128.19089260074628,64.75221832532814
1206360.0,283.1191478776751,64.72169668423273
1206420.0,260.8382012848158,64.65428736330946
1206480.0,187.45133685498413,64.59218302967022
1206540.0,165.49339813713436,64.54755175899047
1206600.0,383.47993933709154,64.50814856895781
1206660.0,294.94905269335703,64.4168438214966
1206720.0,267.88379110141454,64.34661785656961
1206780.0,397.9671141425365,64.28283600154546
1206840.0,327.13385318158726,64.18808192674962
1206900.0,371.53453300060494,64.11019291408734
1206960.0,194.15848151560644,64.02173231099195
1207020.0,191.49974864840954,63.97550410110728
1207080.0,301.1650317129178,63.92990892285766
1207140.0,288.61714239096773,63.858202962926015
1207200.0,338.3428739697805,63.78948459569007
1207260.0,165.14090661010664,63.708926768554406
1207320.0,304.8381314243893,63.66960750507581
1207380.0,321.6212484719895,63.597026997593815
1207440.0,318.0869331657935,63.52045050986239
1207500.0,237.17489913133713,63.4447155257753
1207560.0,292.36174024694594,63.38824531169641
1207620.0,214.38182993867625,63.31863537354237
1207680.0,243.02891761277468,63.26759208069983
1207740.0,197.72177637556427,63.20972805269679
1207800.0,214.47798151426747,63.162651439274036
1207860.0,245.24769726774926,63.11158525319921
1207920.0,229.96413744719763,63.053192944325936
1207980.0,213.61500686553273,62.99843957826708
1208040.0,180.8959211468221,62.94757886234672
1208100.0,376.27369770394426,62.90450840493081
1208160.0,228.3171925643272,62.81491942928701
1208220.0,277.89859409045596,62.76055819296217
1208280.0,152.31856548158902,62.694391861035875
1208340.0,339.07844935760727,62.65812553592121
1208400.0,267.4180187879954,62.577392571788444
1208460.0,230.53091172665086,62.51372161493416
1208520.0,230.83591892069285,62.458833302618295
1208580.0,308.8958377843392,62.403872369541936
1208640.0,79.33811987964799,62.330325741498044
1208700.0,206.87045437437885,62.31143571295527
1208760.0,248.98071887287097,62.26218084286614
1208820.0,248.09814141675906,62.202899719324975
1208880.0,406.0678232523147,62.14382873327337
1208940.0,235.31291943468585,62.04714591821329
1209000.0,314.8065754736155,61.9911190326336
1209060.0,363.9217063163306,61.91616508609226
1209120.0,295.2932170147217,61.829517060778855
1209180.0,214.46617043770493,61.75920915196583
1209240.0,177.6691988886118,61.708145778052085
1209300.0,299.3114390537081,61.66584358784051
1209360.0,353.1398463217493,61.59457895949439
1209420.0,287.0524681002897,61.5104980437035
1209480.0,328.162057430909,61.44215221796534
1209540.0,409.5365127605454,61.3640183947675
